dataset,categoria,split,etiqueta,tipo_defecto,archivo,mascara,origen
mvtec,bottle,train,normal,,train/good/000.png,,data/datasets/mvtec/bottle/train/good/000.png
mvtec,bottle,train,normal,,train/good/001.png,,data/datasets/mvtec/bottle/train/good/001.png
mvtec,bottle,train,normal,,train/good/002.png,,data/datasets/mvtec/bottle/train/good/002.png
mvtec,bottle,train,normal,,train/good/003.png,,data/datasets/mvtec/bottle/train/good/003.png
mvtec,bottle,train,normal,,train/good/004.png,,data/datasets/mvtec/bottle/train/good/004.png
mvtec,bottle,train,normal,,train/good/005.png,,data/datasets/mvtec/bottle/train/good/005.png
mvtec,bottle,train,normal,,train/good/006.png,,data/datasets/mvtec/bottle/train/good/006.png
mvtec,bottle,train,normal,,train/good/007.png,,data/datasets/mvtec/bottle/train/good/007.png
mvtec,bottle,train,normal,,train/good/008.png,,data/datasets/mvtec/bottle/train/good/008.png
mvtec,bottle,train,normal,,train/good/009.png,,data/datasets/mvtec/bottle/train/good/009.png
mvtec,bottle,train,normal,,train/good/010.png,,data/datasets/mvtec/bottle/train/good/010.png
mvtec,bottle,train,normal,,train/good/011.png,,data/datasets/mvtec/bottle/train/good/011.png
mvtec,bottle,train,normal,,train/good/012.png,,data/datasets/mvtec/bottle/train/good/012.png
mvtec,bottle,train,normal,,train/good/013.png,,data/datasets/mvtec/bottle/train/good/013.png
mvtec,bottle,train,normal,,train/good/014.png,,data/datasets/mvtec/bottle/train/good/014.png
mvtec,bottle,train,normal,,train/good/015.png,,data/datasets/mvtec/bottle/train/good/015.png
mvtec,bottle,train,normal,,train/good/016.png,,data/datasets/mvtec/bottle/train/good/016.png
mvtec,bottle,train,normal,,train/good/017.png,,data/datasets/mvtec/bottle/train/good/017.png
mvtec,bottle,train,normal,,train/good/018.png,,data/datasets/mvtec/bottle/train/good/018.png
mvtec,bottle,train,normal,,train/good/019.png,,data/datasets/mvtec/bottle/train/good/019.png
mvtec,bottle,train,normal,,train/good/020.png,,data/datasets/mvtec/bottle/train/good/020.png
mvtec,bottle,train,normal,,train/good/021.png,,data/datasets/mvtec/bottle/train/good/021.png
mvtec,bottle,train,normal,,train/good/022.png,,data/datasets/mvtec/bottle/train/good/022.png
mvtec,bottle,train,normal,,train/good/023.png,,data/datasets/mvtec/bottle/train/good/023.png
mvtec,bottle,train,normal,,train/good/024.png,,data/datasets/mvtec/bottle/train/good/024.png
mvtec,bottle,train,normal,,train/good/025.png,,data/datasets/mvtec/bottle/train/good/025.png
mvtec,bottle,train,normal,,train/good/026.png,,data/datasets/mvtec/bottle/train/good/026.png
mvtec,bottle,train,normal,,train/good/027.png,,data/datasets/mvtec/bottle/train/good/027.png
mvtec,bottle,train,normal,,train/good/028.png,,data/datasets/mvtec/bottle/train/good/028.png
mvtec,bottle,train,normal,,train/good/029.png,,data/datasets/mvtec/bottle/train/good/029.png
mvtec,bottle,train,normal,,train/good/030.png,,data/datasets/mvtec/bottle/train/good/030.png
mvtec,bottle,train,normal,,train/good/031.png,,data/datasets/mvtec/bottle/train/good/031.png
mvtec,bottle,train,normal,,train/good/032.png,,data/datasets/mvtec/bottle/train/good/032.png
mvtec,bottle,train,normal,,train/good/033.png,,data/datasets/mvtec/bottle/train/good/033.png
mvtec,bottle,train,normal,,train/good/034.png,,data/datasets/mvtec/bottle/train/good/034.png
mvtec,bottle,train,normal,,train/good/035.png,,data/datasets/mvtec/bottle/train/good/035.png
mvtec,bottle,train,normal,,train/good/036.png,,data/datasets/mvtec/bottle/train/good/036.png
mvtec,bottle,train,normal,,train/good/037.png,,data/datasets/mvtec/bottle/train/good/037.png
mvtec,bottle,train,normal,,train/good/038.png,,data/datasets/mvtec/bottle/train/good/038.png
mvtec,bottle,train,normal,,train/good/039.png,,data/datasets/mvtec/bottle/train/good/039.png
mvtec,bottle,train,normal,,train/good/040.png,,data/datasets/mvtec/bottle/train/good/040.png
mvtec,bottle,train,normal,,train/good/041.png,,data/datasets/mvtec/bottle/train/good/041.png
mvtec,bottle,train,normal,,train/good/042.png,,data/datasets/mvtec/bottle/train/good/042.png
mvtec,bottle,train,normal,,train/good/043.png,,data/datasets/mvtec/bottle/train/good/043.png
mvtec,bottle,train,normal,,train/good/044.png,,data/datasets/mvtec/bottle/train/good/044.png
mvtec,bottle,train,normal,,train/good/045.png,,data/datasets/mvtec/bottle/train/good/045.png
mvtec,bottle,train,normal,,train/good/046.png,,data/datasets/mvtec/bottle/train/good/046.png
mvtec,bottle,train,normal,,train/good/047.png,,data/datasets/mvtec/bottle/train/good/047.png
mvtec,bottle,train,normal,,train/good/048.png,,data/datasets/mvtec/bottle/train/good/048.png
mvtec,bottle,train,normal,,train/good/049.png,,data/datasets/mvtec/bottle/train/good/049.png
mvtec,bottle,train,normal,,train/good/050.png,,data/datasets/mvtec/bottle/train/good/050.png
mvtec,bottle,train,normal,,train/good/051.png,,data/datasets/mvtec/bottle/train/good/051.png
mvtec,bottle,train,normal,,train/good/052.png,,data/datasets/mvtec/bottle/train/good/052.png
mvtec,bottle,train,normal,,train/good/053.png,,data/datasets/mvtec/bottle/train/good/053.png
mvtec,bottle,train,normal,,train/good/054.png,,data/datasets/mvtec/bottle/train/good/054.png
mvtec,bottle,train,normal,,train/good/055.png,,data/datasets/mvtec/bottle/train/good/055.png
mvtec,bottle,train,normal,,train/good/056.png,,data/datasets/mvtec/bottle/train/good/056.png
mvtec,bottle,train,normal,,train/good/057.png,,data/datasets/mvtec/bottle/train/good/057.png
mvtec,bottle,train,normal,,train/good/058.png,,data/datasets/mvtec/bottle/train/good/058.png
mvtec,bottle,train,normal,,train/good/059.png,,data/datasets/mvtec/bottle/train/good/059.png
mvtec,bottle,train,normal,,train/good/060.png,,data/datasets/mvtec/bottle/train/good/060.png
mvtec,bottle,train,normal,,train/good/061.png,,data/datasets/mvtec/bottle/train/good/061.png
mvtec,bottle,train,normal,,train/good/062.png,,data/datasets/mvtec/bottle/train/good/062.png
mvtec,bottle,train,normal,,train/good/063.png,,data/datasets/mvtec/bottle/train/good/063.png
mvtec,bottle,train,normal,,train/good/064.png,,data/datasets/mvtec/bottle/train/good/064.png
mvtec,bottle,train,normal,,train/good/065.png,,data/datasets/mvtec/bottle/train/good/065.png
mvtec,bottle,train,normal,,train/good/066.png,,data/datasets/mvtec/bottle/train/good/066.png
mvtec,bottle,train,normal,,train/good/067.png,,data/datasets/mvtec/bottle/train/good/067.png
mvtec,bottle,train,normal,,train/good/068.png,,data/datasets/mvtec/bottle/train/good/068.png
mvtec,bottle,train,normal,,train/good/069.png,,data/datasets/mvtec/bottle/train/good/069.png
mvtec,bottle,train,normal,,train/good/070.png,,data/datasets/mvtec/bottle/train/good/070.png
mvtec,bottle,train,normal,,train/good/071.png,,data/datasets/mvtec/bottle/train/good/071.png
mvtec,bottle,train,normal,,train/good/072.png,,data/datasets/mvtec/bottle/train/good/072.png
mvtec,bottle,train,normal,,train/good/073.png,,data/datasets/mvtec/bottle/train/good/073.png
mvtec,bottle,train,normal,,train/good/074.png,,data/datasets/mvtec/bottle/train/good/074.png
mvtec,bottle,train,normal,,train/good/075.png,,data/datasets/mvtec/bottle/train/good/075.png
mvtec,bottle,train,normal,,train/good/076.png,,data/datasets/mvtec/bottle/train/good/076.png
mvtec,bottle,train,normal,,train/good/077.png,,data/datasets/mvtec/bottle/train/good/077.png
mvtec,bottle,train,normal,,train/good/078.png,,data/datasets/mvtec/bottle/train/good/078.png
mvtec,bottle,train,normal,,train/good/079.png,,data/datasets/mvtec/bottle/train/good/079.png
mvtec,bottle,train,normal,,train/good/080.png,,data/datasets/mvtec/bottle/train/good/080.png
mvtec,bottle,train,normal,,train/good/081.png,,data/datasets/mvtec/bottle/train/good/081.png
mvtec,bottle,train,normal,,train/good/082.png,,data/datasets/mvtec/bottle/train/good/082.png
mvtec,bottle,train,normal,,train/good/083.png,,data/datasets/mvtec/bottle/train/good/083.png
mvtec,bottle,train,normal,,train/good/084.png,,data/datasets/mvtec/bottle/train/good/084.png
mvtec,bottle,train,normal,,train/good/085.png,,data/datasets/mvtec/bottle/train/good/085.png
mvtec,bottle,train,normal,,train/good/086.png,,data/datasets/mvtec/bottle/train/good/086.png
mvtec,bottle,train,normal,,train/good/087.png,,data/datasets/mvtec/bottle/train/good/087.png
mvtec,bottle,train,normal,,train/good/088.png,,data/datasets/mvtec/bottle/train/good/088.png
mvtec,bottle,train,normal,,train/good/089.png,,data/datasets/mvtec/bottle/train/good/089.png
mvtec,bottle,train,normal,,train/good/090.png,,data/datasets/mvtec/bottle/train/good/090.png
mvtec,bottle,train,normal,,train/good/091.png,,data/datasets/mvtec/bottle/train/good/091.png
mvtec,bottle,train,normal,,train/good/092.png,,data/datasets/mvtec/bottle/train/good/092.png
mvtec,bottle,train,normal,,train/good/093.png,,data/datasets/mvtec/bottle/train/good/093.png
mvtec,bottle,train,normal,,train/good/094.png,,data/datasets/mvtec/bottle/train/good/094.png
mvtec,bottle,train,normal,,train/good/095.png,,data/datasets/mvtec/bottle/train/good/095.png
mvtec,bottle,train,normal,,train/good/096.png,,data/datasets/mvtec/bottle/train/good/096.png
mvtec,bottle,train,normal,,train/good/097.png,,data/datasets/mvtec/bottle/train/good/097.png
mvtec,bottle,train,normal,,train/good/098.png,,data/datasets/mvtec/bottle/train/good/098.png
mvtec,bottle,train,normal,,train/good/099.png,,data/datasets/mvtec/bottle/train/good/099.png
mvtec,bottle,train,normal,,train/good/100.png,,data/datasets/mvtec/bottle/train/good/100.png
mvtec,bottle,train,normal,,train/good/101.png,,data/datasets/mvtec/bottle/train/good/101.png
mvtec,bottle,train,normal,,train/good/102.png,,data/datasets/mvtec/bottle/train/good/102.png
mvtec,bottle,train,normal,,train/good/103.png,,data/datasets/mvtec/bottle/train/good/103.png
mvtec,bottle,train,normal,,train/good/104.png,,data/datasets/mvtec/bottle/train/good/104.png
mvtec,bottle,train,normal,,train/good/105.png,,data/datasets/mvtec/bottle/train/good/105.png
mvtec,bottle,train,normal,,train/good/106.png,,data/datasets/mvtec/bottle/train/good/106.png
mvtec,bottle,train,normal,,train/good/107.png,,data/datasets/mvtec/bottle/train/good/107.png
mvtec,bottle,train,normal,,train/good/108.png,,data/datasets/mvtec/bottle/train/good/108.png
mvtec,bottle,train,normal,,train/good/109.png,,data/datasets/mvtec/bottle/train/good/109.png
mvtec,bottle,train,normal,,train/good/110.png,,data/datasets/mvtec/bottle/train/good/110.png
mvtec,bottle,train,normal,,train/good/111.png,,data/datasets/mvtec/bottle/train/good/111.png
mvtec,bottle,train,normal,,train/good/112.png,,data/datasets/mvtec/bottle/train/good/112.png
mvtec,bottle,train,normal,,train/good/113.png,,data/datasets/mvtec/bottle/train/good/113.png
mvtec,bottle,train,normal,,train/good/114.png,,data/datasets/mvtec/bottle/train/good/114.png
mvtec,bottle,train,normal,,train/good/115.png,,data/datasets/mvtec/bottle/train/good/115.png
mvtec,bottle,train,normal,,train/good/116.png,,data/datasets/mvtec/bottle/train/good/116.png
mvtec,bottle,train,normal,,train/good/117.png,,data/datasets/mvtec/bottle/train/good/117.png
mvtec,bottle,train,normal,,train/good/118.png,,data/datasets/mvtec/bottle/train/good/118.png
mvtec,bottle,train,normal,,train/good/119.png,,data/datasets/mvtec/bottle/train/good/119.png
mvtec,bottle,train,normal,,train/good/120.png,,data/datasets/mvtec/bottle/train/good/120.png
mvtec,bottle,train,normal,,train/good/121.png,,data/datasets/mvtec/bottle/train/good/121.png
mvtec,bottle,train,normal,,train/good/122.png,,data/datasets/mvtec/bottle/train/good/122.png
mvtec,bottle,train,normal,,train/good/123.png,,data/datasets/mvtec/bottle/train/good/123.png
mvtec,bottle,train,normal,,train/good/124.png,,data/datasets/mvtec/bottle/train/good/124.png
mvtec,bottle,train,normal,,train/good/125.png,,data/datasets/mvtec/bottle/train/good/125.png
mvtec,bottle,train,normal,,train/good/126.png,,data/datasets/mvtec/bottle/train/good/126.png
mvtec,bottle,train,normal,,train/good/127.png,,data/datasets/mvtec/bottle/train/good/127.png
mvtec,bottle,train,normal,,train/good/128.png,,data/datasets/mvtec/bottle/train/good/128.png
mvtec,bottle,train,normal,,train/good/129.png,,data/datasets/mvtec/bottle/train/good/129.png
mvtec,bottle,train,normal,,train/good/130.png,,data/datasets/mvtec/bottle/train/good/130.png
mvtec,bottle,train,normal,,train/good/131.png,,data/datasets/mvtec/bottle/train/good/131.png
mvtec,bottle,train,normal,,train/good/132.png,,data/datasets/mvtec/bottle/train/good/132.png
mvtec,bottle,train,normal,,train/good/133.png,,data/datasets/mvtec/bottle/train/good/133.png
mvtec,bottle,train,normal,,train/good/134.png,,data/datasets/mvtec/bottle/train/good/134.png
mvtec,bottle,train,normal,,train/good/135.png,,data/datasets/mvtec/bottle/train/good/135.png
mvtec,bottle,train,normal,,train/good/136.png,,data/datasets/mvtec/bottle/train/good/136.png
mvtec,bottle,train,normal,,train/good/137.png,,data/datasets/mvtec/bottle/train/good/137.png
mvtec,bottle,train,normal,,train/good/138.png,,data/datasets/mvtec/bottle/train/good/138.png
mvtec,bottle,train,normal,,train/good/139.png,,data/datasets/mvtec/bottle/train/good/139.png
mvtec,bottle,train,normal,,train/good/140.png,,data/datasets/mvtec/bottle/train/good/140.png
mvtec,bottle,train,normal,,train/good/141.png,,data/datasets/mvtec/bottle/train/good/141.png
mvtec,bottle,train,normal,,train/good/142.png,,data/datasets/mvtec/bottle/train/good/142.png
mvtec,bottle,train,normal,,train/good/143.png,,data/datasets/mvtec/bottle/train/good/143.png
mvtec,bottle,train,normal,,train/good/144.png,,data/datasets/mvtec/bottle/train/good/144.png
mvtec,bottle,train,normal,,train/good/145.png,,data/datasets/mvtec/bottle/train/good/145.png
mvtec,bottle,train,normal,,train/good/146.png,,data/datasets/mvtec/bottle/train/good/146.png
mvtec,bottle,train,normal,,train/good/147.png,,data/datasets/mvtec/bottle/train/good/147.png
mvtec,bottle,train,normal,,train/good/148.png,,data/datasets/mvtec/bottle/train/good/148.png
mvtec,bottle,train,normal,,train/good/149.png,,data/datasets/mvtec/bottle/train/good/149.png
mvtec,bottle,train,normal,,train/good/150.png,,data/datasets/mvtec/bottle/train/good/150.png
mvtec,bottle,train,normal,,train/good/151.png,,data/datasets/mvtec/bottle/train/good/151.png
mvtec,bottle,train,normal,,train/good/152.png,,data/datasets/mvtec/bottle/train/good/152.png
mvtec,bottle,train,normal,,train/good/153.png,,data/datasets/mvtec/bottle/train/good/153.png
mvtec,bottle,train,normal,,train/good/154.png,,data/datasets/mvtec/bottle/train/good/154.png
mvtec,bottle,train,normal,,train/good/155.png,,data/datasets/mvtec/bottle/train/good/155.png
mvtec,bottle,train,normal,,train/good/156.png,,data/datasets/mvtec/bottle/train/good/156.png
mvtec,bottle,train,normal,,train/good/157.png,,data/datasets/mvtec/bottle/train/good/157.png
mvtec,bottle,train,normal,,train/good/158.png,,data/datasets/mvtec/bottle/train/good/158.png
mvtec,bottle,train,normal,,train/good/159.png,,data/datasets/mvtec/bottle/train/good/159.png
mvtec,bottle,train,normal,,train/good/160.png,,data/datasets/mvtec/bottle/train/good/160.png
mvtec,bottle,train,normal,,train/good/161.png,,data/datasets/mvtec/bottle/train/good/161.png
mvtec,bottle,train,normal,,train/good/162.png,,data/datasets/mvtec/bottle/train/good/162.png
mvtec,bottle,train,normal,,train/good/163.png,,data/datasets/mvtec/bottle/train/good/163.png
mvtec,bottle,train,normal,,train/good/164.png,,data/datasets/mvtec/bottle/train/good/164.png
mvtec,bottle,train,normal,,train/good/165.png,,data/datasets/mvtec/bottle/train/good/165.png
mvtec,bottle,train,normal,,train/good/166.png,,data/datasets/mvtec/bottle/train/good/166.png
mvtec,bottle,train,normal,,train/good/167.png,,data/datasets/mvtec/bottle/train/good/167.png
mvtec,bottle,train,normal,,train/good/168.png,,data/datasets/mvtec/bottle/train/good/168.png
mvtec,bottle,train,normal,,train/good/169.png,,data/datasets/mvtec/bottle/train/good/169.png
mvtec,bottle,train,normal,,train/good/170.png,,data/datasets/mvtec/bottle/train/good/170.png
mvtec,bottle,train,normal,,train/good/171.png,,data/datasets/mvtec/bottle/train/good/171.png
mvtec,bottle,train,normal,,train/good/172.png,,data/datasets/mvtec/bottle/train/good/172.png
mvtec,bottle,train,normal,,train/good/173.png,,data/datasets/mvtec/bottle/train/good/173.png
mvtec,bottle,train,normal,,train/good/174.png,,data/datasets/mvtec/bottle/train/good/174.png
mvtec,bottle,train,normal,,train/good/175.png,,data/datasets/mvtec/bottle/train/good/175.png
mvtec,bottle,train,normal,,train/good/176.png,,data/datasets/mvtec/bottle/train/good/176.png
mvtec,bottle,train,normal,,train/good/177.png,,data/datasets/mvtec/bottle/train/good/177.png
mvtec,bottle,train,normal,,train/good/178.png,,data/datasets/mvtec/bottle/train/good/178.png
mvtec,bottle,train,normal,,train/good/179.png,,data/datasets/mvtec/bottle/train/good/179.png
mvtec,bottle,train,normal,,train/good/180.png,,data/datasets/mvtec/bottle/train/good/180.png
mvtec,bottle,train,normal,,train/good/181.png,,data/datasets/mvtec/bottle/train/good/181.png
mvtec,bottle,train,normal,,train/good/182.png,,data/datasets/mvtec/bottle/train/good/182.png
mvtec,bottle,train,normal,,train/good/183.png,,data/datasets/mvtec/bottle/train/good/183.png
mvtec,bottle,train,normal,,train/good/184.png,,data/datasets/mvtec/bottle/train/good/184.png
mvtec,bottle,train,normal,,train/good/185.png,,data/datasets/mvtec/bottle/train/good/185.png
mvtec,bottle,train,normal,,train/good/186.png,,data/datasets/mvtec/bottle/train/good/186.png
mvtec,bottle,train,normal,,train/good/187.png,,data/datasets/mvtec/bottle/train/good/187.png
mvtec,bottle,train,normal,,train/good/188.png,,data/datasets/mvtec/bottle/train/good/188.png
mvtec,bottle,train,normal,,train/good/189.png,,data/datasets/mvtec/bottle/train/good/189.png
mvtec,bottle,train,normal,,train/good/190.png,,data/datasets/mvtec/bottle/train/good/190.png
mvtec,bottle,train,normal,,train/good/191.png,,data/datasets/mvtec/bottle/train/good/191.png
mvtec,bottle,train,normal,,train/good/192.png,,data/datasets/mvtec/bottle/train/good/192.png
mvtec,bottle,train,normal,,train/good/193.png,,data/datasets/mvtec/bottle/train/good/193.png
mvtec,bottle,train,normal,,train/good/194.png,,data/datasets/mvtec/bottle/train/good/194.png
mvtec,bottle,train,normal,,train/good/195.png,,data/datasets/mvtec/bottle/train/good/195.png
mvtec,bottle,train,normal,,train/good/196.png,,data/datasets/mvtec/bottle/train/good/196.png
mvtec,bottle,train,normal,,train/good/197.png,,data/datasets/mvtec/bottle/train/good/197.png
mvtec,bottle,train,normal,,train/good/198.png,,data/datasets/mvtec/bottle/train/good/198.png
mvtec,bottle,train,normal,,train/good/199.png,,data/datasets/mvtec/bottle/train/good/199.png
mvtec,bottle,train,normal,,train/good/200.png,,data/datasets/mvtec/bottle/train/good/200.png
mvtec,bottle,train,normal,,train/good/201.png,,data/datasets/mvtec/bottle/train/good/201.png
mvtec,bottle,train,normal,,train/good/202.png,,data/datasets/mvtec/bottle/train/good/202.png
mvtec,bottle,train,normal,,train/good/203.png,,data/datasets/mvtec/bottle/train/good/203.png
mvtec,bottle,train,normal,,train/good/204.png,,data/datasets/mvtec/bottle/train/good/204.png
mvtec,bottle,train,normal,,train/good/205.png,,data/datasets/mvtec/bottle/train/good/205.png
mvtec,bottle,train,normal,,train/good/206.png,,data/datasets/mvtec/bottle/train/good/206.png
mvtec,bottle,train,normal,,train/good/207.png,,data/datasets/mvtec/bottle/train/good/207.png
mvtec,bottle,train,normal,,train/good/208.png,,data/datasets/mvtec/bottle/train/good/208.png
mvtec,bottle,train,anomaly,broken_large,train/anomaly/broken_large_000.png,train/masks/broken_large_000.png,data/datasets/mvtec/bottle/test/broken_large/000.png
mvtec,bottle,train,anomaly,broken_large,train/anomaly/broken_large_001.png,train/masks/broken_large_001.png,data/datasets/mvtec/bottle/test/broken_large/001.png
mvtec,bottle,train,anomaly,broken_large,train/anomaly/broken_large_005.png,train/masks/broken_large_005.png,data/datasets/mvtec/bottle/test/broken_large/005.png
mvtec,bottle,train,anomaly,broken_large,train/anomaly/broken_large_006.png,train/masks/broken_large_006.png,data/datasets/mvtec/bottle/test/broken_large/006.png
mvtec,bottle,train,anomaly,broken_large,train/anomaly/broken_large_010.png,train/masks/broken_large_010.png,data/datasets/mvtec/bottle/test/broken_large/010.png
mvtec,bottle,train,anomaly,broken_large,train/anomaly/broken_large_011.png,train/masks/broken_large_011.png,data/datasets/mvtec/bottle/test/broken_large/011.png
mvtec,bottle,train,anomaly,broken_large,train/anomaly/broken_large_012.png,train/masks/broken_large_012.png,data/datasets/mvtec/bottle/test/broken_large/012.png
mvtec,bottle,train,anomaly,broken_large,train/anomaly/broken_large_015.png,train/masks/broken_large_015.png,data/datasets/mvtec/bottle/test/broken_large/015.png
mvtec,bottle,train,anomaly,broken_large,train/anomaly/broken_large_017.png,train/masks/broken_large_017.png,data/datasets/mvtec/bottle/test/broken_large/017.png
mvtec,bottle,train,anomaly,broken_large,train/anomaly/broken_large_018.png,train/masks/broken_large_018.png,data/datasets/mvtec/bottle/test/broken_large/018.png
mvtec,bottle,train,anomaly,broken_large,train/anomaly/broken_large_019.png,train/masks/broken_large_019.png,data/datasets/mvtec/bottle/test/broken_large/019.png
mvtec,bottle,train,anomaly,broken_small,train/anomaly/broken_small_000.png,train/masks/broken_small_000.png,data/datasets/mvtec/bottle/test/broken_small/000.png
mvtec,bottle,train,anomaly,broken_small,train/anomaly/broken_small_001.png,train/masks/broken_small_001.png,data/datasets/mvtec/bottle/test/broken_small/001.png
mvtec,bottle,train,anomaly,broken_small,train/anomaly/broken_small_004.png,train/masks/broken_small_004.png,data/datasets/mvtec/bottle/test/broken_small/004.png
mvtec,bottle,train,anomaly,broken_small,train/anomaly/broken_small_005.png,train/masks/broken_small_005.png,data/datasets/mvtec/bottle/test/broken_small/005.png
mvtec,bottle,train,anomaly,broken_small,train/anomaly/broken_small_006.png,train/masks/broken_small_006.png,data/datasets/mvtec/bottle/test/broken_small/006.png
mvtec,bottle,train,anomaly,broken_small,train/anomaly/broken_small_007.png,train/masks/broken_small_007.png,data/datasets/mvtec/bottle/test/broken_small/007.png
mvtec,bottle,train,anomaly,broken_small,train/anomaly/broken_small_008.png,train/masks/broken_small_008.png,data/datasets/mvtec/bottle/test/broken_small/008.png
mvtec,bottle,train,anomaly,broken_small,train/anomaly/broken_small_012.png,train/masks/broken_small_012.png,data/datasets/mvtec/bottle/test/broken_small/012.png
mvtec,bottle,train,anomaly,broken_small,train/anomaly/broken_small_015.png,train/masks/broken_small_015.png,data/datasets/mvtec/bottle/test/broken_small/015.png
mvtec,bottle,train,anomaly,broken_small,train/anomaly/broken_small_020.png,train/masks/broken_small_020.png,data/datasets/mvtec/bottle/test/broken_small/020.png
mvtec,bottle,test,normal,,test/good/000.png,,data/datasets/mvtec/bottle/test/good/000.png
mvtec,bottle,test,normal,,test/good/001.png,,data/datasets/mvtec/bottle/test/good/001.png
mvtec,bottle,test,normal,,test/good/002.png,,data/datasets/mvtec/bottle/test/good/002.png
mvtec,bottle,test,normal,,test/good/003.png,,data/datasets/mvtec/bottle/test/good/003.png
mvtec,bottle,test,normal,,test/good/004.png,,data/datasets/mvtec/bottle/test/good/004.png
mvtec,bottle,test,normal,,test/good/005.png,,data/datasets/mvtec/bottle/test/good/005.png
mvtec,bottle,test,normal,,test/good/006.png,,data/datasets/mvtec/bottle/test/good/006.png
mvtec,bottle,test,normal,,test/good/007.png,,data/datasets/mvtec/bottle/test/good/007.png
mvtec,bottle,test,normal,,test/good/008.png,,data/datasets/mvtec/bottle/test/good/008.png
mvtec,bottle,test,normal,,test/good/009.png,,data/datasets/mvtec/bottle/test/good/009.png
mvtec,bottle,test,normal,,test/good/010.png,,data/datasets/mvtec/bottle/test/good/010.png
mvtec,bottle,test,normal,,test/good/011.png,,data/datasets/mvtec/bottle/test/good/011.png
mvtec,bottle,test,normal,,test/good/012.png,,data/datasets/mvtec/bottle/test/good/012.png
mvtec,bottle,test,normal,,test/good/013.png,,data/datasets/mvtec/bottle/test/good/013.png
mvtec,bottle,test,normal,,test/good/014.png,,data/datasets/mvtec/bottle/test/good/014.png
mvtec,bottle,test,normal,,test/good/015.png,,data/datasets/mvtec/bottle/test/good/015.png
mvtec,bottle,test,normal,,test/good/016.png,,data/datasets/mvtec/bottle/test/good/016.png
mvtec,bottle,test,normal,,test/good/017.png,,data/datasets/mvtec/bottle/test/good/017.png
mvtec,bottle,test,normal,,test/good/018.png,,data/datasets/mvtec/bottle/test/good/018.png
mvtec,bottle,test,normal,,test/good/019.png,,data/datasets/mvtec/bottle/test/good/019.png
mvtec,bottle,test,anomaly,broken_large,test/anomaly/broken_large_002.png,test/masks/broken_large_002.png,data/datasets/mvtec/bottle/test/broken_large/002.png
mvtec,bottle,test,anomaly,broken_large,test/anomaly/broken_large_003.png,test/masks/broken_large_003.png,data/datasets/mvtec/bottle/test/broken_large/003.png
mvtec,bottle,test,anomaly,broken_large,test/anomaly/broken_large_004.png,test/masks/broken_large_004.png,data/datasets/mvtec/bottle/test/broken_large/004.png
mvtec,bottle,test,anomaly,broken_large,test/anomaly/broken_large_007.png,test/masks/broken_large_007.png,data/datasets/mvtec/bottle/test/broken_large/007.png
mvtec,bottle,test,anomaly,broken_large,test/anomaly/broken_large_008.png,test/masks/broken_large_008.png,data/datasets/mvtec/bottle/test/broken_large/008.png
mvtec,bottle,test,anomaly,broken_large,test/anomaly/broken_large_009.png,test/masks/broken_large_009.png,data/datasets/mvtec/bottle/test/broken_large/009.png
mvtec,bottle,test,anomaly,broken_large,test/anomaly/broken_large_013.png,test/masks/broken_large_013.png,data/datasets/mvtec/bottle/test/broken_large/013.png
mvtec,bottle,test,anomaly,broken_large,test/anomaly/broken_large_014.png,test/masks/broken_large_014.png,data/datasets/mvtec/bottle/test/broken_large/014.png
mvtec,bottle,test,anomaly,broken_large,test/anomaly/broken_large_016.png,test/masks/broken_large_016.png,data/datasets/mvtec/bottle/test/broken_large/016.png
mvtec,bottle,test,anomaly,broken_small,test/anomaly/broken_small_002.png,test/masks/broken_small_002.png,data/datasets/mvtec/bottle/test/broken_small/002.png
mvtec,bottle,test,anomaly,broken_small,test/anomaly/broken_small_003.png,test/masks/broken_small_003.png,data/datasets/mvtec/bottle/test/broken_small/003.png
mvtec,bottle,test,anomaly,broken_small,test/anomaly/broken_small_009.png,test/masks/broken_small_009.png,data/datasets/mvtec/bottle/test/broken_small/009.png
mvtec,bottle,test,anomaly,broken_small,test/anomaly/broken_small_010.png,test/masks/broken_small_010.png,data/datasets/mvtec/bottle/test/broken_small/010.png
mvtec,bottle,test,anomaly,broken_small,test/anomaly/broken_small_011.png,test/masks/broken_small_011.png,data/datasets/mvtec/bottle/test/broken_small/011.png
mvtec,bottle,test,anomaly,broken_small,test/anomaly/broken_small_013.png,test/masks/broken_small_013.png,data/datasets/mvtec/bottle/test/broken_small/013.png
mvtec,bottle,test,anomaly,broken_small,test/anomaly/broken_small_014.png,test/masks/broken_small_014.png,data/datasets/mvtec/bottle/test/broken_small/014.png
mvtec,bottle,test,anomaly,broken_small,test/anomaly/broken_small_016.png,test/masks/broken_small_016.png,data/datasets/mvtec/bottle/test/broken_small/016.png
mvtec,bottle,test,anomaly,broken_small,test/anomaly/broken_small_017.png,test/masks/broken_small_017.png,data/datasets/mvtec/bottle/test/broken_small/017.png
mvtec,bottle,test,anomaly,broken_small,test/anomaly/broken_small_018.png,test/masks/broken_small_018.png,data/datasets/mvtec/bottle/test/broken_small/018.png
mvtec,bottle,test,anomaly,broken_small,test/anomaly/broken_small_019.png,test/masks/broken_small_019.png,data/datasets/mvtec/bottle/test/broken_small/019.png
mvtec,bottle,test,anomaly,broken_small,test/anomaly/broken_small_021.png,test/masks/broken_small_021.png,data/datasets/mvtec/bottle/test/broken_small/021.png
mvtec,bottle,test,anomaly,contamination,test/anomaly/contamination_000.png,test/masks/contamination_000.png,data/datasets/mvtec/bottle/test/contamination/000.png
mvtec,bottle,test,anomaly,contamination,test/anomaly/contamination_001.png,test/masks/contamination_001.png,data/datasets/mvtec/bottle/test/contamination/001.png
mvtec,bottle,test,anomaly,contamination,test/anomaly/contamination_002.png,test/masks/contamination_002.png,data/datasets/mvtec/bottle/test/contamination/002.png
mvtec,bottle,test,anomaly,contamination,test/anomaly/contamination_003.png,test/masks/contamination_003.png,data/datasets/mvtec/bottle/test/contamination/003.png
mvtec,bottle,test,anomaly,contamination,test/anomaly/contamination_004.png,test/masks/contamination_004.png,data/datasets/mvtec/bottle/test/contamination/004.png
mvtec,bottle,test,anomaly,contamination,test/anomaly/contamination_005.png,test/masks/contamination_005.png,data/datasets/mvtec/bottle/test/contamination/005.png
mvtec,bottle,test,anomaly,contamination,test/anomaly/contamination_006.png,test/masks/contamination_006.png,data/datasets/mvtec/bottle/test/contamination/006.png
mvtec,bottle,test,anomaly,contamination,test/anomaly/contamination_007.png,test/masks/contamination_007.png,data/datasets/mvtec/bottle/test/contamination/007.png
mvtec,bottle,test,anomaly,contamination,test/anomaly/contamination_008.png,test/masks/contamination_008.png,data/datasets/mvtec/bottle/test/contamination/008.png
mvtec,bottle,test,anomaly,contamination,test/anomaly/contamination_009.png,test/masks/contamination_009.png,data/datasets/mvtec/bottle/test/contamination/009.png
mvtec,bottle,test,anomaly,contamination,test/anomaly/contamination_010.png,test/masks/contamination_010.png,data/datasets/mvtec/bottle/test/contamination/010.png
mvtec,bottle,test,anomaly,contamination,test/anomaly/contamination_011.png,test/masks/contamination_011.png,data/datasets/mvtec/bottle/test/contamination/011.png
mvtec,bottle,test,anomaly,contamination,test/anomaly/contamination_012.png,test/masks/contamination_012.png,data/datasets/mvtec/bottle/test/contamination/012.png
mvtec,bottle,test,anomaly,contamination,test/anomaly/contamination_013.png,test/masks/contamination_013.png,data/datasets/mvtec/bottle/test/contamination/013.png
mvtec,bottle,test,anomaly,contamination,test/anomaly/contamination_014.png,test/masks/contamination_014.png,data/datasets/mvtec/bottle/test/contamination/014.png
mvtec,bottle,test,anomaly,contamination,test/anomaly/contamination_015.png,test/masks/contamination_015.png,data/datasets/mvtec/bottle/test/contamination/015.png
mvtec,bottle,test,anomaly,contamination,test/anomaly/contamination_016.png,test/masks/contamination_016.png,data/datasets/mvtec/bottle/test/contamination/016.png
mvtec,bottle,test,anomaly,contamination,test/anomaly/contamination_017.png,test/masks/contamination_017.png,data/datasets/mvtec/bottle/test/contamination/017.png
mvtec,bottle,test,anomaly,contamination,test/anomaly/contamination_018.png,test/masks/contamination_018.png,data/datasets/mvtec/bottle/test/contamination/018.png
mvtec,bottle,test,anomaly,contamination,test/anomaly/contamination_019.png,test/masks/contamination_019.png,data/datasets/mvtec/bottle/test/contamination/019.png
mvtec,bottle,test,anomaly,contamination,test/anomaly/contamination_020.png,test/masks/contamination_020.png,data/datasets/mvtec/bottle/test/contamination/020.png
mvtec,cable,train,normal,,train/good/000.png,,data/datasets/mvtec/cable/train/good/000.png
mvtec,cable,train,normal,,train/good/001.png,,data/datasets/mvtec/cable/train/good/001.png
mvtec,cable,train,normal,,train/good/002.png,,data/datasets/mvtec/cable/train/good/002.png
mvtec,cable,train,normal,,train/good/003.png,,data/datasets/mvtec/cable/train/good/003.png
mvtec,cable,train,normal,,train/good/004.png,,data/datasets/mvtec/cable/train/good/004.png
mvtec,cable,train,normal,,train/good/005.png,,data/datasets/mvtec/cable/train/good/005.png
mvtec,cable,train,normal,,train/good/006.png,,data/datasets/mvtec/cable/train/good/006.png
mvtec,cable,train,normal,,train/good/007.png,,data/datasets/mvtec/cable/train/good/007.png
mvtec,cable,train,normal,,train/good/008.png,,data/datasets/mvtec/cable/train/good/008.png
mvtec,cable,train,normal,,train/good/009.png,,data/datasets/mvtec/cable/train/good/009.png
mvtec,cable,train,normal,,train/good/010.png,,data/datasets/mvtec/cable/train/good/010.png
mvtec,cable,train,normal,,train/good/011.png,,data/datasets/mvtec/cable/train/good/011.png
mvtec,cable,train,normal,,train/good/012.png,,data/datasets/mvtec/cable/train/good/012.png
mvtec,cable,train,normal,,train/good/013.png,,data/datasets/mvtec/cable/train/good/013.png
mvtec,cable,train,normal,,train/good/014.png,,data/datasets/mvtec/cable/train/good/014.png
mvtec,cable,train,normal,,train/good/015.png,,data/datasets/mvtec/cable/train/good/015.png
mvtec,cable,train,normal,,train/good/016.png,,data/datasets/mvtec/cable/train/good/016.png
mvtec,cable,train,normal,,train/good/017.png,,data/datasets/mvtec/cable/train/good/017.png
mvtec,cable,train,normal,,train/good/018.png,,data/datasets/mvtec/cable/train/good/018.png
mvtec,cable,train,normal,,train/good/019.png,,data/datasets/mvtec/cable/train/good/019.png
mvtec,cable,train,normal,,train/good/020.png,,data/datasets/mvtec/cable/train/good/020.png
mvtec,cable,train,normal,,train/good/021.png,,data/datasets/mvtec/cable/train/good/021.png
mvtec,cable,train,normal,,train/good/022.png,,data/datasets/mvtec/cable/train/good/022.png
mvtec,cable,train,normal,,train/good/023.png,,data/datasets/mvtec/cable/train/good/023.png
mvtec,cable,train,normal,,train/good/024.png,,data/datasets/mvtec/cable/train/good/024.png
mvtec,cable,train,normal,,train/good/025.png,,data/datasets/mvtec/cable/train/good/025.png
mvtec,cable,train,normal,,train/good/026.png,,data/datasets/mvtec/cable/train/good/026.png
mvtec,cable,train,normal,,train/good/027.png,,data/datasets/mvtec/cable/train/good/027.png
mvtec,cable,train,normal,,train/good/028.png,,data/datasets/mvtec/cable/train/good/028.png
mvtec,cable,train,normal,,train/good/029.png,,data/datasets/mvtec/cable/train/good/029.png
mvtec,cable,train,normal,,train/good/030.png,,data/datasets/mvtec/cable/train/good/030.png
mvtec,cable,train,normal,,train/good/031.png,,data/datasets/mvtec/cable/train/good/031.png
mvtec,cable,train,normal,,train/good/032.png,,data/datasets/mvtec/cable/train/good/032.png
mvtec,cable,train,normal,,train/good/033.png,,data/datasets/mvtec/cable/train/good/033.png
mvtec,cable,train,normal,,train/good/034.png,,data/datasets/mvtec/cable/train/good/034.png
mvtec,cable,train,normal,,train/good/035.png,,data/datasets/mvtec/cable/train/good/035.png
mvtec,cable,train,normal,,train/good/036.png,,data/datasets/mvtec/cable/train/good/036.png
mvtec,cable,train,normal,,train/good/037.png,,data/datasets/mvtec/cable/train/good/037.png
mvtec,cable,train,normal,,train/good/038.png,,data/datasets/mvtec/cable/train/good/038.png
mvtec,cable,train,normal,,train/good/039.png,,data/datasets/mvtec/cable/train/good/039.png
mvtec,cable,train,normal,,train/good/040.png,,data/datasets/mvtec/cable/train/good/040.png
mvtec,cable,train,normal,,train/good/041.png,,data/datasets/mvtec/cable/train/good/041.png
mvtec,cable,train,normal,,train/good/042.png,,data/datasets/mvtec/cable/train/good/042.png
mvtec,cable,train,normal,,train/good/043.png,,data/datasets/mvtec/cable/train/good/043.png
mvtec,cable,train,normal,,train/good/044.png,,data/datasets/mvtec/cable/train/good/044.png
mvtec,cable,train,normal,,train/good/045.png,,data/datasets/mvtec/cable/train/good/045.png
mvtec,cable,train,normal,,train/good/046.png,,data/datasets/mvtec/cable/train/good/046.png
mvtec,cable,train,normal,,train/good/047.png,,data/datasets/mvtec/cable/train/good/047.png
mvtec,cable,train,normal,,train/good/048.png,,data/datasets/mvtec/cable/train/good/048.png
mvtec,cable,train,normal,,train/good/049.png,,data/datasets/mvtec/cable/train/good/049.png
mvtec,cable,train,normal,,train/good/050.png,,data/datasets/mvtec/cable/train/good/050.png
mvtec,cable,train,normal,,train/good/051.png,,data/datasets/mvtec/cable/train/good/051.png
mvtec,cable,train,normal,,train/good/052.png,,data/datasets/mvtec/cable/train/good/052.png
mvtec,cable,train,normal,,train/good/053.png,,data/datasets/mvtec/cable/train/good/053.png
mvtec,cable,train,normal,,train/good/054.png,,data/datasets/mvtec/cable/train/good/054.png
mvtec,cable,train,normal,,train/good/055.png,,data/datasets/mvtec/cable/train/good/055.png
mvtec,cable,train,normal,,train/good/056.png,,data/datasets/mvtec/cable/train/good/056.png
mvtec,cable,train,normal,,train/good/057.png,,data/datasets/mvtec/cable/train/good/057.png
mvtec,cable,train,normal,,train/good/058.png,,data/datasets/mvtec/cable/train/good/058.png
mvtec,cable,train,normal,,train/good/059.png,,data/datasets/mvtec/cable/train/good/059.png
mvtec,cable,train,normal,,train/good/060.png,,data/datasets/mvtec/cable/train/good/060.png
mvtec,cable,train,normal,,train/good/061.png,,data/datasets/mvtec/cable/train/good/061.png
mvtec,cable,train,normal,,train/good/062.png,,data/datasets/mvtec/cable/train/good/062.png
mvtec,cable,train,normal,,train/good/063.png,,data/datasets/mvtec/cable/train/good/063.png
mvtec,cable,train,normal,,train/good/064.png,,data/datasets/mvtec/cable/train/good/064.png
mvtec,cable,train,normal,,train/good/065.png,,data/datasets/mvtec/cable/train/good/065.png
mvtec,cable,train,normal,,train/good/066.png,,data/datasets/mvtec/cable/train/good/066.png
mvtec,cable,train,normal,,train/good/067.png,,data/datasets/mvtec/cable/train/good/067.png
mvtec,cable,train,normal,,train/good/068.png,,data/datasets/mvtec/cable/train/good/068.png
mvtec,cable,train,normal,,train/good/069.png,,data/datasets/mvtec/cable/train/good/069.png
mvtec,cable,train,normal,,train/good/070.png,,data/datasets/mvtec/cable/train/good/070.png
mvtec,cable,train,normal,,train/good/071.png,,data/datasets/mvtec/cable/train/good/071.png
mvtec,cable,train,normal,,train/good/072.png,,data/datasets/mvtec/cable/train/good/072.png
mvtec,cable,train,normal,,train/good/073.png,,data/datasets/mvtec/cable/train/good/073.png
mvtec,cable,train,normal,,train/good/074.png,,data/datasets/mvtec/cable/train/good/074.png
mvtec,cable,train,normal,,train/good/075.png,,data/datasets/mvtec/cable/train/good/075.png
mvtec,cable,train,normal,,train/good/076.png,,data/datasets/mvtec/cable/train/good/076.png
mvtec,cable,train,normal,,train/good/077.png,,data/datasets/mvtec/cable/train/good/077.png
mvtec,cable,train,normal,,train/good/078.png,,data/datasets/mvtec/cable/train/good/078.png
mvtec,cable,train,normal,,train/good/079.png,,data/datasets/mvtec/cable/train/good/079.png
mvtec,cable,train,normal,,train/good/080.png,,data/datasets/mvtec/cable/train/good/080.png
mvtec,cable,train,normal,,train/good/081.png,,data/datasets/mvtec/cable/train/good/081.png
mvtec,cable,train,normal,,train/good/082.png,,data/datasets/mvtec/cable/train/good/082.png
mvtec,cable,train,normal,,train/good/083.png,,data/datasets/mvtec/cable/train/good/083.png
mvtec,cable,train,normal,,train/good/084.png,,data/datasets/mvtec/cable/train/good/084.png
mvtec,cable,train,normal,,train/good/085.png,,data/datasets/mvtec/cable/train/good/085.png
mvtec,cable,train,normal,,train/good/086.png,,data/datasets/mvtec/cable/train/good/086.png
mvtec,cable,train,normal,,train/good/087.png,,data/datasets/mvtec/cable/train/good/087.png
mvtec,cable,train,normal,,train/good/088.png,,data/datasets/mvtec/cable/train/good/088.png
mvtec,cable,train,normal,,train/good/089.png,,data/datasets/mvtec/cable/train/good/089.png
mvtec,cable,train,normal,,train/good/090.png,,data/datasets/mvtec/cable/train/good/090.png
mvtec,cable,train,normal,,train/good/091.png,,data/datasets/mvtec/cable/train/good/091.png
mvtec,cable,train,normal,,train/good/092.png,,data/datasets/mvtec/cable/train/good/092.png
mvtec,cable,train,normal,,train/good/093.png,,data/datasets/mvtec/cable/train/good/093.png
mvtec,cable,train,normal,,train/good/094.png,,data/datasets/mvtec/cable/train/good/094.png
mvtec,cable,train,normal,,train/good/095.png,,data/datasets/mvtec/cable/train/good/095.png
mvtec,cable,train,normal,,train/good/096.png,,data/datasets/mvtec/cable/train/good/096.png
mvtec,cable,train,normal,,train/good/097.png,,data/datasets/mvtec/cable/train/good/097.png
mvtec,cable,train,normal,,train/good/098.png,,data/datasets/mvtec/cable/train/good/098.png
mvtec,cable,train,normal,,train/good/099.png,,data/datasets/mvtec/cable/train/good/099.png
mvtec,cable,train,normal,,train/good/100.png,,data/datasets/mvtec/cable/train/good/100.png
mvtec,cable,train,normal,,train/good/101.png,,data/datasets/mvtec/cable/train/good/101.png
mvtec,cable,train,normal,,train/good/102.png,,data/datasets/mvtec/cable/train/good/102.png
mvtec,cable,train,normal,,train/good/103.png,,data/datasets/mvtec/cable/train/good/103.png
mvtec,cable,train,normal,,train/good/104.png,,data/datasets/mvtec/cable/train/good/104.png
mvtec,cable,train,normal,,train/good/105.png,,data/datasets/mvtec/cable/train/good/105.png
mvtec,cable,train,normal,,train/good/106.png,,data/datasets/mvtec/cable/train/good/106.png
mvtec,cable,train,normal,,train/good/107.png,,data/datasets/mvtec/cable/train/good/107.png
mvtec,cable,train,normal,,train/good/108.png,,data/datasets/mvtec/cable/train/good/108.png
mvtec,cable,train,normal,,train/good/109.png,,data/datasets/mvtec/cable/train/good/109.png
mvtec,cable,train,normal,,train/good/110.png,,data/datasets/mvtec/cable/train/good/110.png
mvtec,cable,train,normal,,train/good/111.png,,data/datasets/mvtec/cable/train/good/111.png
mvtec,cable,train,normal,,train/good/112.png,,data/datasets/mvtec/cable/train/good/112.png
mvtec,cable,train,normal,,train/good/113.png,,data/datasets/mvtec/cable/train/good/113.png
mvtec,cable,train,normal,,train/good/114.png,,data/datasets/mvtec/cable/train/good/114.png
mvtec,cable,train,normal,,train/good/115.png,,data/datasets/mvtec/cable/train/good/115.png
mvtec,cable,train,normal,,train/good/116.png,,data/datasets/mvtec/cable/train/good/116.png
mvtec,cable,train,normal,,train/good/117.png,,data/datasets/mvtec/cable/train/good/117.png
mvtec,cable,train,normal,,train/good/118.png,,data/datasets/mvtec/cable/train/good/118.png
mvtec,cable,train,normal,,train/good/119.png,,data/datasets/mvtec/cable/train/good/119.png
mvtec,cable,train,normal,,train/good/120.png,,data/datasets/mvtec/cable/train/good/120.png
mvtec,cable,train,normal,,train/good/121.png,,data/datasets/mvtec/cable/train/good/121.png
mvtec,cable,train,normal,,train/good/122.png,,data/datasets/mvtec/cable/train/good/122.png
mvtec,cable,train,normal,,train/good/123.png,,data/datasets/mvtec/cable/train/good/123.png
mvtec,cable,train,normal,,train/good/124.png,,data/datasets/mvtec/cable/train/good/124.png
mvtec,cable,train,normal,,train/good/125.png,,data/datasets/mvtec/cable/train/good/125.png
mvtec,cable,train,normal,,train/good/126.png,,data/datasets/mvtec/cable/train/good/126.png
mvtec,cable,train,normal,,train/good/127.png,,data/datasets/mvtec/cable/train/good/127.png
mvtec,cable,train,normal,,train/good/128.png,,data/datasets/mvtec/cable/train/good/128.png
mvtec,cable,train,normal,,train/good/129.png,,data/datasets/mvtec/cable/train/good/129.png
mvtec,cable,train,normal,,train/good/130.png,,data/datasets/mvtec/cable/train/good/130.png
mvtec,cable,train,normal,,train/good/131.png,,data/datasets/mvtec/cable/train/good/131.png
mvtec,cable,train,normal,,train/good/132.png,,data/datasets/mvtec/cable/train/good/132.png
mvtec,cable,train,normal,,train/good/133.png,,data/datasets/mvtec/cable/train/good/133.png
mvtec,cable,train,normal,,train/good/134.png,,data/datasets/mvtec/cable/train/good/134.png
mvtec,cable,train,normal,,train/good/135.png,,data/datasets/mvtec/cable/train/good/135.png
mvtec,cable,train,normal,,train/good/136.png,,data/datasets/mvtec/cable/train/good/136.png
mvtec,cable,train,normal,,train/good/137.png,,data/datasets/mvtec/cable/train/good/137.png
mvtec,cable,train,normal,,train/good/138.png,,data/datasets/mvtec/cable/train/good/138.png
mvtec,cable,train,normal,,train/good/139.png,,data/datasets/mvtec/cable/train/good/139.png
mvtec,cable,train,normal,,train/good/140.png,,data/datasets/mvtec/cable/train/good/140.png
mvtec,cable,train,normal,,train/good/141.png,,data/datasets/mvtec/cable/train/good/141.png
mvtec,cable,train,normal,,train/good/142.png,,data/datasets/mvtec/cable/train/good/142.png
mvtec,cable,train,normal,,train/good/143.png,,data/datasets/mvtec/cable/train/good/143.png
mvtec,cable,train,normal,,train/good/144.png,,data/datasets/mvtec/cable/train/good/144.png
mvtec,cable,train,normal,,train/good/145.png,,data/datasets/mvtec/cable/train/good/145.png
mvtec,cable,train,normal,,train/good/146.png,,data/datasets/mvtec/cable/train/good/146.png
mvtec,cable,train,normal,,train/good/147.png,,data/datasets/mvtec/cable/train/good/147.png
mvtec,cable,train,normal,,train/good/148.png,,data/datasets/mvtec/cable/train/good/148.png
mvtec,cable,train,normal,,train/good/149.png,,data/datasets/mvtec/cable/train/good/149.png
mvtec,cable,train,normal,,train/good/150.png,,data/datasets/mvtec/cable/train/good/150.png
mvtec,cable,train,normal,,train/good/151.png,,data/datasets/mvtec/cable/train/good/151.png
mvtec,cable,train,normal,,train/good/152.png,,data/datasets/mvtec/cable/train/good/152.png
mvtec,cable,train,normal,,train/good/153.png,,data/datasets/mvtec/cable/train/good/153.png
mvtec,cable,train,normal,,train/good/154.png,,data/datasets/mvtec/cable/train/good/154.png
mvtec,cable,train,normal,,train/good/155.png,,data/datasets/mvtec/cable/train/good/155.png
mvtec,cable,train,normal,,train/good/156.png,,data/datasets/mvtec/cable/train/good/156.png
mvtec,cable,train,normal,,train/good/157.png,,data/datasets/mvtec/cable/train/good/157.png
mvtec,cable,train,normal,,train/good/158.png,,data/datasets/mvtec/cable/train/good/158.png
mvtec,cable,train,normal,,train/good/159.png,,data/datasets/mvtec/cable/train/good/159.png
mvtec,cable,train,normal,,train/good/160.png,,data/datasets/mvtec/cable/train/good/160.png
mvtec,cable,train,normal,,train/good/161.png,,data/datasets/mvtec/cable/train/good/161.png
mvtec,cable,train,normal,,train/good/162.png,,data/datasets/mvtec/cable/train/good/162.png
mvtec,cable,train,normal,,train/good/163.png,,data/datasets/mvtec/cable/train/good/163.png
mvtec,cable,train,normal,,train/good/164.png,,data/datasets/mvtec/cable/train/good/164.png
mvtec,cable,train,normal,,train/good/165.png,,data/datasets/mvtec/cable/train/good/165.png
mvtec,cable,train,normal,,train/good/166.png,,data/datasets/mvtec/cable/train/good/166.png
mvtec,cable,train,normal,,train/good/167.png,,data/datasets/mvtec/cable/train/good/167.png
mvtec,cable,train,normal,,train/good/168.png,,data/datasets/mvtec/cable/train/good/168.png
mvtec,cable,train,normal,,train/good/169.png,,data/datasets/mvtec/cable/train/good/169.png
mvtec,cable,train,normal,,train/good/170.png,,data/datasets/mvtec/cable/train/good/170.png
mvtec,cable,train,normal,,train/good/171.png,,data/datasets/mvtec/cable/train/good/171.png
mvtec,cable,train,normal,,train/good/172.png,,data/datasets/mvtec/cable/train/good/172.png
mvtec,cable,train,normal,,train/good/173.png,,data/datasets/mvtec/cable/train/good/173.png
mvtec,cable,train,normal,,train/good/174.png,,data/datasets/mvtec/cable/train/good/174.png
mvtec,cable,train,normal,,train/good/175.png,,data/datasets/mvtec/cable/train/good/175.png
mvtec,cable,train,normal,,train/good/176.png,,data/datasets/mvtec/cable/train/good/176.png
mvtec,cable,train,normal,,train/good/177.png,,data/datasets/mvtec/cable/train/good/177.png
mvtec,cable,train,normal,,train/good/178.png,,data/datasets/mvtec/cable/train/good/178.png
mvtec,cable,train,normal,,train/good/179.png,,data/datasets/mvtec/cable/train/good/179.png
mvtec,cable,train,normal,,train/good/180.png,,data/datasets/mvtec/cable/train/good/180.png
mvtec,cable,train,normal,,train/good/181.png,,data/datasets/mvtec/cable/train/good/181.png
mvtec,cable,train,normal,,train/good/182.png,,data/datasets/mvtec/cable/train/good/182.png
mvtec,cable,train,normal,,train/good/183.png,,data/datasets/mvtec/cable/train/good/183.png
mvtec,cable,train,normal,,train/good/184.png,,data/datasets/mvtec/cable/train/good/184.png
mvtec,cable,train,normal,,train/good/185.png,,data/datasets/mvtec/cable/train/good/185.png
mvtec,cable,train,normal,,train/good/186.png,,data/datasets/mvtec/cable/train/good/186.png
mvtec,cable,train,normal,,train/good/187.png,,data/datasets/mvtec/cable/train/good/187.png
mvtec,cable,train,normal,,train/good/188.png,,data/datasets/mvtec/cable/train/good/188.png
mvtec,cable,train,normal,,train/good/189.png,,data/datasets/mvtec/cable/train/good/189.png
mvtec,cable,train,normal,,train/good/190.png,,data/datasets/mvtec/cable/train/good/190.png
mvtec,cable,train,normal,,train/good/191.png,,data/datasets/mvtec/cable/train/good/191.png
mvtec,cable,train,normal,,train/good/192.png,,data/datasets/mvtec/cable/train/good/192.png
mvtec,cable,train,normal,,train/good/193.png,,data/datasets/mvtec/cable/train/good/193.png
mvtec,cable,train,normal,,train/good/194.png,,data/datasets/mvtec/cable/train/good/194.png
mvtec,cable,train,normal,,train/good/195.png,,data/datasets/mvtec/cable/train/good/195.png
mvtec,cable,train,normal,,train/good/196.png,,data/datasets/mvtec/cable/train/good/196.png
mvtec,cable,train,normal,,train/good/197.png,,data/datasets/mvtec/cable/train/good/197.png
mvtec,cable,train,normal,,train/good/198.png,,data/datasets/mvtec/cable/train/good/198.png
mvtec,cable,train,normal,,train/good/199.png,,data/datasets/mvtec/cable/train/good/199.png
mvtec,cable,train,normal,,train/good/200.png,,data/datasets/mvtec/cable/train/good/200.png
mvtec,cable,train,normal,,train/good/201.png,,data/datasets/mvtec/cable/train/good/201.png
mvtec,cable,train,normal,,train/good/202.png,,data/datasets/mvtec/cable/train/good/202.png
mvtec,cable,train,normal,,train/good/203.png,,data/datasets/mvtec/cable/train/good/203.png
mvtec,cable,train,normal,,train/good/204.png,,data/datasets/mvtec/cable/train/good/204.png
mvtec,cable,train,normal,,train/good/205.png,,data/datasets/mvtec/cable/train/good/205.png
mvtec,cable,train,normal,,train/good/206.png,,data/datasets/mvtec/cable/train/good/206.png
mvtec,cable,train,normal,,train/good/207.png,,data/datasets/mvtec/cable/train/good/207.png
mvtec,cable,train,normal,,train/good/208.png,,data/datasets/mvtec/cable/train/good/208.png
mvtec,cable,train,normal,,train/good/209.png,,data/datasets/mvtec/cable/train/good/209.png
mvtec,cable,train,normal,,train/good/210.png,,data/datasets/mvtec/cable/train/good/210.png
mvtec,cable,train,normal,,train/good/211.png,,data/datasets/mvtec/cable/train/good/211.png
mvtec,cable,train,normal,,train/good/212.png,,data/datasets/mvtec/cable/train/good/212.png
mvtec,cable,train,normal,,train/good/213.png,,data/datasets/mvtec/cable/train/good/213.png
mvtec,cable,train,normal,,train/good/214.png,,data/datasets/mvtec/cable/train/good/214.png
mvtec,cable,train,normal,,train/good/215.png,,data/datasets/mvtec/cable/train/good/215.png
mvtec,cable,train,normal,,train/good/216.png,,data/datasets/mvtec/cable/train/good/216.png
mvtec,cable,train,normal,,train/good/217.png,,data/datasets/mvtec/cable/train/good/217.png
mvtec,cable,train,normal,,train/good/218.png,,data/datasets/mvtec/cable/train/good/218.png
mvtec,cable,train,normal,,train/good/219.png,,data/datasets/mvtec/cable/train/good/219.png
mvtec,cable,train,normal,,train/good/220.png,,data/datasets/mvtec/cable/train/good/220.png
mvtec,cable,train,normal,,train/good/221.png,,data/datasets/mvtec/cable/train/good/221.png
mvtec,cable,train,normal,,train/good/222.png,,data/datasets/mvtec/cable/train/good/222.png
mvtec,cable,train,normal,,train/good/223.png,,data/datasets/mvtec/cable/train/good/223.png
mvtec,cable,train,anomaly,bent_wire,train/anomaly/bent_wire_003.png,train/masks/bent_wire_003.png,data/datasets/mvtec/cable/test/bent_wire/003.png
mvtec,cable,train,anomaly,bent_wire,train/anomaly/bent_wire_007.png,train/masks/bent_wire_007.png,data/datasets/mvtec/cable/test/bent_wire/007.png
mvtec,cable,train,anomaly,bent_wire,train/anomaly/bent_wire_009.png,train/masks/bent_wire_009.png,data/datasets/mvtec/cable/test/bent_wire/009.png
mvtec,cable,train,anomaly,cable_swap,train/anomaly/cable_swap_003.png,train/masks/cable_swap_003.png,data/datasets/mvtec/cable/test/cable_swap/003.png
mvtec,cable,train,anomaly,cable_swap,train/anomaly/cable_swap_007.png,train/masks/cable_swap_007.png,data/datasets/mvtec/cable/test/cable_swap/007.png
mvtec,cable,train,anomaly,cable_swap,train/anomaly/cable_swap_008.png,train/masks/cable_swap_008.png,data/datasets/mvtec/cable/test/cable_swap/008.png
mvtec,cable,train,anomaly,cable_swap,train/anomaly/cable_swap_009.png,train/masks/cable_swap_009.png,data/datasets/mvtec/cable/test/cable_swap/009.png
mvtec,cable,train,anomaly,combined,train/anomaly/combined_003.png,train/masks/combined_003.png,data/datasets/mvtec/cable/test/combined/003.png
mvtec,cable,train,anomaly,combined,train/anomaly/combined_005.png,train/masks/combined_005.png,data/datasets/mvtec/cable/test/combined/005.png
mvtec,cable,train,anomaly,combined,train/anomaly/combined_009.png,train/masks/combined_009.png,data/datasets/mvtec/cable/test/combined/009.png
mvtec,cable,train,anomaly,cut_inner_insulation,train/anomaly/cut_inner_insulation_001.png,train/masks/cut_inner_insulation_001.png,data/datasets/mvtec/cable/test/cut_inner_insulation/001.png
mvtec,cable,train,anomaly,cut_inner_insulation,train/anomaly/cut_inner_insulation_005.png,train/masks/cut_inner_insulation_005.png,data/datasets/mvtec/cable/test/cut_inner_insulation/005.png
mvtec,cable,train,anomaly,cut_inner_insulation,train/anomaly/cut_inner_insulation_011.png,train/masks/cut_inner_insulation_011.png,data/datasets/mvtec/cable/test/cut_inner_insulation/011.png
mvtec,cable,train,anomaly,cut_outer_insulation,train/anomaly/cut_outer_insulation_001.png,train/masks/cut_outer_insulation_001.png,data/datasets/mvtec/cable/test/cut_outer_insulation/001.png
mvtec,cable,train,anomaly,cut_outer_insulation,train/anomaly/cut_outer_insulation_002.png,train/masks/cut_outer_insulation_002.png,data/datasets/mvtec/cable/test/cut_outer_insulation/002.png
mvtec,cable,train,anomaly,cut_outer_insulation,train/anomaly/cut_outer_insulation_003.png,train/masks/cut_outer_insulation_003.png,data/datasets/mvtec/cable/test/cut_outer_insulation/003.png
mvtec,cable,train,anomaly,missing_cable,train/anomaly/missing_cable_005.png,train/masks/missing_cable_005.png,data/datasets/mvtec/cable/test/missing_cable/005.png
mvtec,cable,train,anomaly,missing_cable,train/anomaly/missing_cable_008.png,train/masks/missing_cable_008.png,data/datasets/mvtec/cable/test/missing_cable/008.png
mvtec,cable,train,anomaly,missing_cable,train/anomaly/missing_cable_010.png,train/masks/missing_cable_010.png,data/datasets/mvtec/cable/test/missing_cable/010.png
mvtec,cable,train,anomaly,poke_insulation,train/anomaly/poke_insulation_003.png,train/masks/poke_insulation_003.png,data/datasets/mvtec/cable/test/poke_insulation/003.png
mvtec,cable,train,anomaly,poke_insulation,train/anomaly/poke_insulation_004.png,train/masks/poke_insulation_004.png,data/datasets/mvtec/cable/test/poke_insulation/004.png
mvtec,cable,train,anomaly,poke_insulation,train/anomaly/poke_insulation_009.png,train/masks/poke_insulation_009.png,data/datasets/mvtec/cable/test/poke_insulation/009.png
mvtec,cable,test,normal,,test/good/000.png,,data/datasets/mvtec/cable/test/good/000.png
mvtec,cable,test,normal,,test/good/001.png,,data/datasets/mvtec/cable/test/good/001.png
mvtec,cable,test,normal,,test/good/002.png,,data/datasets/mvtec/cable/test/good/002.png
mvtec,cable,test,normal,,test/good/003.png,,data/datasets/mvtec/cable/test/good/003.png
mvtec,cable,test,normal,,test/good/004.png,,data/datasets/mvtec/cable/test/good/004.png
mvtec,cable,test,normal,,test/good/005.png,,data/datasets/mvtec/cable/test/good/005.png
mvtec,cable,test,normal,,test/good/006.png,,data/datasets/mvtec/cable/test/good/006.png
mvtec,cable,test,normal,,test/good/007.png,,data/datasets/mvtec/cable/test/good/007.png
mvtec,cable,test,normal,,test/good/008.png,,data/datasets/mvtec/cable/test/good/008.png
mvtec,cable,test,normal,,test/good/009.png,,data/datasets/mvtec/cable/test/good/009.png
mvtec,cable,test,normal,,test/good/010.png,,data/datasets/mvtec/cable/test/good/010.png
mvtec,cable,test,normal,,test/good/011.png,,data/datasets/mvtec/cable/test/good/011.png
mvtec,cable,test,normal,,test/good/012.png,,data/datasets/mvtec/cable/test/good/012.png
mvtec,cable,test,normal,,test/good/013.png,,data/datasets/mvtec/cable/test/good/013.png
mvtec,cable,test,normal,,test/good/014.png,,data/datasets/mvtec/cable/test/good/014.png
mvtec,cable,test,normal,,test/good/015.png,,data/datasets/mvtec/cable/test/good/015.png
mvtec,cable,test,normal,,test/good/016.png,,data/datasets/mvtec/cable/test/good/016.png
mvtec,cable,test,normal,,test/good/017.png,,data/datasets/mvtec/cable/test/good/017.png
mvtec,cable,test,normal,,test/good/018.png,,data/datasets/mvtec/cable/test/good/018.png
mvtec,cable,test,normal,,test/good/019.png,,data/datasets/mvtec/cable/test/good/019.png
mvtec,cable,test,normal,,test/good/020.png,,data/datasets/mvtec/cable/test/good/020.png
mvtec,cable,test,normal,,test/good/021.png,,data/datasets/mvtec/cable/test/good/021.png
mvtec,cable,test,normal,,test/good/022.png,,data/datasets/mvtec/cable/test/good/022.png
mvtec,cable,test,normal,,test/good/023.png,,data/datasets/mvtec/cable/test/good/023.png
mvtec,cable,test,normal,,test/good/024.png,,data/datasets/mvtec/cable/test/good/024.png
mvtec,cable,test,normal,,test/good/025.png,,data/datasets/mvtec/cable/test/good/025.png
mvtec,cable,test,normal,,test/good/026.png,,data/datasets/mvtec/cable/test/good/026.png
mvtec,cable,test,normal,,test/good/027.png,,data/datasets/mvtec/cable/test/good/027.png
mvtec,cable,test,normal,,test/good/028.png,,data/datasets/mvtec/cable/test/good/028.png
mvtec,cable,test,normal,,test/good/029.png,,data/datasets/mvtec/cable/test/good/029.png
mvtec,cable,test,normal,,test/good/030.png,,data/datasets/mvtec/cable/test/good/030.png
mvtec,cable,test,normal,,test/good/031.png,,data/datasets/mvtec/cable/test/good/031.png
mvtec,cable,test,normal,,test/good/032.png,,data/datasets/mvtec/cable/test/good/032.png
mvtec,cable,test,normal,,test/good/033.png,,data/datasets/mvtec/cable/test/good/033.png
mvtec,cable,test,normal,,test/good/034.png,,data/datasets/mvtec/cable/test/good/034.png
mvtec,cable,test,normal,,test/good/035.png,,data/datasets/mvtec/cable/test/good/035.png
mvtec,cable,test,normal,,test/good/036.png,,data/datasets/mvtec/cable/test/good/036.png
mvtec,cable,test,normal,,test/good/037.png,,data/datasets/mvtec/cable/test/good/037.png
mvtec,cable,test,normal,,test/good/038.png,,data/datasets/mvtec/cable/test/good/038.png
mvtec,cable,test,normal,,test/good/039.png,,data/datasets/mvtec/cable/test/good/039.png
mvtec,cable,test,normal,,test/good/040.png,,data/datasets/mvtec/cable/test/good/040.png
mvtec,cable,test,normal,,test/good/041.png,,data/datasets/mvtec/cable/test/good/041.png
mvtec,cable,test,normal,,test/good/042.png,,data/datasets/mvtec/cable/test/good/042.png
mvtec,cable,test,normal,,test/good/043.png,,data/datasets/mvtec/cable/test/good/043.png
mvtec,cable,test,normal,,test/good/044.png,,data/datasets/mvtec/cable/test/good/044.png
mvtec,cable,test,normal,,test/good/045.png,,data/datasets/mvtec/cable/test/good/045.png
mvtec,cable,test,normal,,test/good/046.png,,data/datasets/mvtec/cable/test/good/046.png
mvtec,cable,test,normal,,test/good/047.png,,data/datasets/mvtec/cable/test/good/047.png
mvtec,cable,test,normal,,test/good/048.png,,data/datasets/mvtec/cable/test/good/048.png
mvtec,cable,test,normal,,test/good/049.png,,data/datasets/mvtec/cable/test/good/049.png
mvtec,cable,test,normal,,test/good/050.png,,data/datasets/mvtec/cable/test/good/050.png
mvtec,cable,test,normal,,test/good/051.png,,data/datasets/mvtec/cable/test/good/051.png
mvtec,cable,test,normal,,test/good/052.png,,data/datasets/mvtec/cable/test/good/052.png
mvtec,cable,test,normal,,test/good/053.png,,data/datasets/mvtec/cable/test/good/053.png
mvtec,cable,test,normal,,test/good/054.png,,data/datasets/mvtec/cable/test/good/054.png
mvtec,cable,test,normal,,test/good/055.png,,data/datasets/mvtec/cable/test/good/055.png
mvtec,cable,test,normal,,test/good/056.png,,data/datasets/mvtec/cable/test/good/056.png
mvtec,cable,test,normal,,test/good/057.png,,data/datasets/mvtec/cable/test/good/057.png
mvtec,cable,test,anomaly,bent_wire,test/anomaly/bent_wire_000.png,test/masks/bent_wire_000.png,data/datasets/mvtec/cable/test/bent_wire/000.png
mvtec,cable,test,anomaly,bent_wire,test/anomaly/bent_wire_001.png,test/masks/bent_wire_001.png,data/datasets/mvtec/cable/test/bent_wire/001.png
mvtec,cable,test,anomaly,bent_wire,test/anomaly/bent_wire_002.png,test/masks/bent_wire_002.png,data/datasets/mvtec/cable/test/bent_wire/002.png
mvtec,cable,test,anomaly,bent_wire,test/anomaly/bent_wire_004.png,test/masks/bent_wire_004.png,data/datasets/mvtec/cable/test/bent_wire/004.png
mvtec,cable,test,anomaly,bent_wire,test/anomaly/bent_wire_005.png,test/masks/bent_wire_005.png,data/datasets/mvtec/cable/test/bent_wire/005.png
mvtec,cable,test,anomaly,bent_wire,test/anomaly/bent_wire_006.png,test/masks/bent_wire_006.png,data/datasets/mvtec/cable/test/bent_wire/006.png
mvtec,cable,test,anomaly,bent_wire,test/anomaly/bent_wire_008.png,test/masks/bent_wire_008.png,data/datasets/mvtec/cable/test/bent_wire/008.png
mvtec,cable,test,anomaly,bent_wire,test/anomaly/bent_wire_010.png,test/masks/bent_wire_010.png,data/datasets/mvtec/cable/test/bent_wire/010.png
mvtec,cable,test,anomaly,bent_wire,test/anomaly/bent_wire_011.png,test/masks/bent_wire_011.png,data/datasets/mvtec/cable/test/bent_wire/011.png
mvtec,cable,test,anomaly,bent_wire,test/anomaly/bent_wire_012.png,test/masks/bent_wire_012.png,data/datasets/mvtec/cable/test/bent_wire/012.png
mvtec,cable,test,anomaly,cable_swap,test/anomaly/cable_swap_000.png,test/masks/cable_swap_000.png,data/datasets/mvtec/cable/test/cable_swap/000.png
mvtec,cable,test,anomaly,cable_swap,test/anomaly/cable_swap_001.png,test/masks/cable_swap_001.png,data/datasets/mvtec/cable/test/cable_swap/001.png
mvtec,cable,test,anomaly,cable_swap,test/anomaly/cable_swap_002.png,test/masks/cable_swap_002.png,data/datasets/mvtec/cable/test/cable_swap/002.png
mvtec,cable,test,anomaly,cable_swap,test/anomaly/cable_swap_004.png,test/masks/cable_swap_004.png,data/datasets/mvtec/cable/test/cable_swap/004.png
mvtec,cable,test,anomaly,cable_swap,test/anomaly/cable_swap_005.png,test/masks/cable_swap_005.png,data/datasets/mvtec/cable/test/cable_swap/005.png
mvtec,cable,test,anomaly,cable_swap,test/anomaly/cable_swap_006.png,test/masks/cable_swap_006.png,data/datasets/mvtec/cable/test/cable_swap/006.png
mvtec,cable,test,anomaly,cable_swap,test/anomaly/cable_swap_010.png,test/masks/cable_swap_010.png,data/datasets/mvtec/cable/test/cable_swap/010.png
mvtec,cable,test,anomaly,cable_swap,test/anomaly/cable_swap_011.png,test/masks/cable_swap_011.png,data/datasets/mvtec/cable/test/cable_swap/011.png
mvtec,cable,test,anomaly,combined,test/anomaly/combined_000.png,test/masks/combined_000.png,data/datasets/mvtec/cable/test/combined/000.png
mvtec,cable,test,anomaly,combined,test/anomaly/combined_001.png,test/masks/combined_001.png,data/datasets/mvtec/cable/test/combined/001.png
mvtec,cable,test,anomaly,combined,test/anomaly/combined_002.png,test/masks/combined_002.png,data/datasets/mvtec/cable/test/combined/002.png
mvtec,cable,test,anomaly,combined,test/anomaly/combined_004.png,test/masks/combined_004.png,data/datasets/mvtec/cable/test/combined/004.png
mvtec,cable,test,anomaly,combined,test/anomaly/combined_006.png,test/masks/combined_006.png,data/datasets/mvtec/cable/test/combined/006.png
mvtec,cable,test,anomaly,combined,test/anomaly/combined_007.png,test/masks/combined_007.png,data/datasets/mvtec/cable/test/combined/007.png
mvtec,cable,test,anomaly,combined,test/anomaly/combined_008.png,test/masks/combined_008.png,data/datasets/mvtec/cable/test/combined/008.png
mvtec,cable,test,anomaly,combined,test/anomaly/combined_010.png,test/masks/combined_010.png,data/datasets/mvtec/cable/test/combined/010.png
mvtec,cable,test,anomaly,cut_inner_insulation,test/anomaly/cut_inner_insulation_000.png,test/masks/cut_inner_insulation_000.png,data/datasets/mvtec/cable/test/cut_inner_insulation/000.png
mvtec,cable,test,anomaly,cut_inner_insulation,test/anomaly/cut_inner_insulation_002.png,test/masks/cut_inner_insulation_002.png,data/datasets/mvtec/cable/test/cut_inner_insulation/002.png
mvtec,cable,test,anomaly,cut_inner_insulation,test/anomaly/cut_inner_insulation_003.png,test/masks/cut_inner_insulation_003.png,data/datasets/mvtec/cable/test/cut_inner_insulation/003.png
mvtec,cable,test,anomaly,cut_inner_insulation,test/anomaly/cut_inner_insulation_004.png,test/masks/cut_inner_insulation_004.png,data/datasets/mvtec/cable/test/cut_inner_insulation/004.png
mvtec,cable,test,anomaly,cut_inner_insulation,test/anomaly/cut_inner_insulation_006.png,test/masks/cut_inner_insulation_006.png,data/datasets/mvtec/cable/test/cut_inner_insulation/006.png
mvtec,cable,test,anomaly,cut_inner_insulation,test/anomaly/cut_inner_insulation_007.png,test/masks/cut_inner_insulation_007.png,data/datasets/mvtec/cable/test/cut_inner_insulation/007.png
mvtec,cable,test,anomaly,cut_inner_insulation,test/anomaly/cut_inner_insulation_008.png,test/masks/cut_inner_insulation_008.png,data/datasets/mvtec/cable/test/cut_inner_insulation/008.png
mvtec,cable,test,anomaly,cut_inner_insulation,test/anomaly/cut_inner_insulation_009.png,test/masks/cut_inner_insulation_009.png,data/datasets/mvtec/cable/test/cut_inner_insulation/009.png
mvtec,cable,test,anomaly,cut_inner_insulation,test/anomaly/cut_inner_insulation_010.png,test/masks/cut_inner_insulation_010.png,data/datasets/mvtec/cable/test/cut_inner_insulation/010.png
mvtec,cable,test,anomaly,cut_inner_insulation,test/anomaly/cut_inner_insulation_012.png,test/masks/cut_inner_insulation_012.png,data/datasets/mvtec/cable/test/cut_inner_insulation/012.png
mvtec,cable,test,anomaly,cut_inner_insulation,test/anomaly/cut_inner_insulation_013.png,test/masks/cut_inner_insulation_013.png,data/datasets/mvtec/cable/test/cut_inner_insulation/013.png
mvtec,cable,test,anomaly,cut_outer_insulation,test/anomaly/cut_outer_insulation_000.png,test/masks/cut_outer_insulation_000.png,data/datasets/mvtec/cable/test/cut_outer_insulation/000.png
mvtec,cable,test,anomaly,cut_outer_insulation,test/anomaly/cut_outer_insulation_004.png,test/masks/cut_outer_insulation_004.png,data/datasets/mvtec/cable/test/cut_outer_insulation/004.png
mvtec,cable,test,anomaly,cut_outer_insulation,test/anomaly/cut_outer_insulation_005.png,test/masks/cut_outer_insulation_005.png,data/datasets/mvtec/cable/test/cut_outer_insulation/005.png
mvtec,cable,test,anomaly,cut_outer_insulation,test/anomaly/cut_outer_insulation_006.png,test/masks/cut_outer_insulation_006.png,data/datasets/mvtec/cable/test/cut_outer_insulation/006.png
mvtec,cable,test,anomaly,cut_outer_insulation,test/anomaly/cut_outer_insulation_007.png,test/masks/cut_outer_insulation_007.png,data/datasets/mvtec/cable/test/cut_outer_insulation/007.png
mvtec,cable,test,anomaly,cut_outer_insulation,test/anomaly/cut_outer_insulation_008.png,test/masks/cut_outer_insulation_008.png,data/datasets/mvtec/cable/test/cut_outer_insulation/008.png
mvtec,cable,test,anomaly,cut_outer_insulation,test/anomaly/cut_outer_insulation_009.png,test/masks/cut_outer_insulation_009.png,data/datasets/mvtec/cable/test/cut_outer_insulation/009.png
mvtec,cable,test,anomaly,missing_cable,test/anomaly/missing_cable_000.png,test/masks/missing_cable_000.png,data/datasets/mvtec/cable/test/missing_cable/000.png
mvtec,cable,test,anomaly,missing_cable,test/anomaly/missing_cable_001.png,test/masks/missing_cable_001.png,data/datasets/mvtec/cable/test/missing_cable/001.png
mvtec,cable,test,anomaly,missing_cable,test/anomaly/missing_cable_002.png,test/masks/missing_cable_002.png,data/datasets/mvtec/cable/test/missing_cable/002.png
mvtec,cable,test,anomaly,missing_cable,test/anomaly/missing_cable_003.png,test/masks/missing_cable_003.png,data/datasets/mvtec/cable/test/missing_cable/003.png
mvtec,cable,test,anomaly,missing_cable,test/anomaly/missing_cable_004.png,test/masks/missing_cable_004.png,data/datasets/mvtec/cable/test/missing_cable/004.png
mvtec,cable,test,anomaly,missing_cable,test/anomaly/missing_cable_006.png,test/masks/missing_cable_006.png,data/datasets/mvtec/cable/test/missing_cable/006.png
mvtec,cable,test,anomaly,missing_cable,test/anomaly/missing_cable_007.png,test/masks/missing_cable_007.png,data/datasets/mvtec/cable/test/missing_cable/007.png
mvtec,cable,test,anomaly,missing_cable,test/anomaly/missing_cable_009.png,test/masks/missing_cable_009.png,data/datasets/mvtec/cable/test/missing_cable/009.png
mvtec,cable,test,anomaly,missing_cable,test/anomaly/missing_cable_011.png,test/masks/missing_cable_011.png,data/datasets/mvtec/cable/test/missing_cable/011.png
mvtec,cable,test,anomaly,missing_wire,test/anomaly/missing_wire_000.png,test/masks/missing_wire_000.png,data/datasets/mvtec/cable/test/missing_wire/000.png
mvtec,cable,test,anomaly,missing_wire,test/anomaly/missing_wire_001.png,test/masks/missing_wire_001.png,data/datasets/mvtec/cable/test/missing_wire/001.png
mvtec,cable,test,anomaly,missing_wire,test/anomaly/missing_wire_002.png,test/masks/missing_wire_002.png,data/datasets/mvtec/cable/test/missing_wire/002.png
mvtec,cable,test,anomaly,missing_wire,test/anomaly/missing_wire_003.png,test/masks/missing_wire_003.png,data/datasets/mvtec/cable/test/missing_wire/003.png
mvtec,cable,test,anomaly,missing_wire,test/anomaly/missing_wire_004.png,test/masks/missing_wire_004.png,data/datasets/mvtec/cable/test/missing_wire/004.png
mvtec,cable,test,anomaly,missing_wire,test/anomaly/missing_wire_005.png,test/masks/missing_wire_005.png,data/datasets/mvtec/cable/test/missing_wire/005.png
mvtec,cable,test,anomaly,missing_wire,test/anomaly/missing_wire_006.png,test/masks/missing_wire_006.png,data/datasets/mvtec/cable/test/missing_wire/006.png
mvtec,cable,test,anomaly,missing_wire,test/anomaly/missing_wire_007.png,test/masks/missing_wire_007.png,data/datasets/mvtec/cable/test/missing_wire/007.png
mvtec,cable,test,anomaly,missing_wire,test/anomaly/missing_wire_008.png,test/masks/missing_wire_008.png,data/datasets/mvtec/cable/test/missing_wire/008.png
mvtec,cable,test,anomaly,missing_wire,test/anomaly/missing_wire_009.png,test/masks/missing_wire_009.png,data/datasets/mvtec/cable/test/missing_wire/009.png
mvtec,cable,test,anomaly,poke_insulation,test/anomaly/poke_insulation_000.png,test/masks/poke_insulation_000.png,data/datasets/mvtec/cable/test/poke_insulation/000.png
mvtec,cable,test,anomaly,poke_insulation,test/anomaly/poke_insulation_001.png,test/masks/poke_insulation_001.png,data/datasets/mvtec/cable/test/poke_insulation/001.png
mvtec,cable,test,anomaly,poke_insulation,test/anomaly/poke_insulation_002.png,test/masks/poke_insulation_002.png,data/datasets/mvtec/cable/test/poke_insulation/002.png
mvtec,cable,test,anomaly,poke_insulation,test/anomaly/poke_insulation_005.png,test/masks/poke_insulation_005.png,data/datasets/mvtec/cable/test/poke_insulation/005.png
mvtec,cable,test,anomaly,poke_insulation,test/anomaly/poke_insulation_006.png,test/masks/poke_insulation_006.png,data/datasets/mvtec/cable/test/poke_insulation/006.png
mvtec,cable,test,anomaly,poke_insulation,test/anomaly/poke_insulation_007.png,test/masks/poke_insulation_007.png,data/datasets/mvtec/cable/test/poke_insulation/007.png
mvtec,cable,test,anomaly,poke_insulation,test/anomaly/poke_insulation_008.png,test/masks/poke_insulation_008.png,data/datasets/mvtec/cable/test/poke_insulation/008.png
mvtec,carpet,train,normal,,train/good/000.png,,data/datasets/mvtec/carpet/train/good/000.png
mvtec,carpet,train,normal,,train/good/001.png,,data/datasets/mvtec/carpet/train/good/001.png
mvtec,carpet,train,normal,,train/good/002.png,,data/datasets/mvtec/carpet/train/good/002.png
mvtec,carpet,train,normal,,train/good/003.png,,data/datasets/mvtec/carpet/train/good/003.png
mvtec,carpet,train,normal,,train/good/004.png,,data/datasets/mvtec/carpet/train/good/004.png
mvtec,carpet,train,normal,,train/good/005.png,,data/datasets/mvtec/carpet/train/good/005.png
mvtec,carpet,train,normal,,train/good/006.png,,data/datasets/mvtec/carpet/train/good/006.png
mvtec,carpet,train,normal,,train/good/007.png,,data/datasets/mvtec/carpet/train/good/007.png
mvtec,carpet,train,normal,,train/good/008.png,,data/datasets/mvtec/carpet/train/good/008.png
mvtec,carpet,train,normal,,train/good/009.png,,data/datasets/mvtec/carpet/train/good/009.png
mvtec,carpet,train,normal,,train/good/010.png,,data/datasets/mvtec/carpet/train/good/010.png
mvtec,carpet,train,normal,,train/good/011.png,,data/datasets/mvtec/carpet/train/good/011.png
mvtec,carpet,train,normal,,train/good/012.png,,data/datasets/mvtec/carpet/train/good/012.png
mvtec,carpet,train,normal,,train/good/013.png,,data/datasets/mvtec/carpet/train/good/013.png
mvtec,carpet,train,normal,,train/good/014.png,,data/datasets/mvtec/carpet/train/good/014.png
mvtec,carpet,train,normal,,train/good/015.png,,data/datasets/mvtec/carpet/train/good/015.png
mvtec,carpet,train,normal,,train/good/016.png,,data/datasets/mvtec/carpet/train/good/016.png
mvtec,carpet,train,normal,,train/good/017.png,,data/datasets/mvtec/carpet/train/good/017.png
mvtec,carpet,train,normal,,train/good/018.png,,data/datasets/mvtec/carpet/train/good/018.png
mvtec,carpet,train,normal,,train/good/019.png,,data/datasets/mvtec/carpet/train/good/019.png
mvtec,carpet,train,normal,,train/good/020.png,,data/datasets/mvtec/carpet/train/good/020.png
mvtec,carpet,train,normal,,train/good/021.png,,data/datasets/mvtec/carpet/train/good/021.png
mvtec,carpet,train,normal,,train/good/022.png,,data/datasets/mvtec/carpet/train/good/022.png
mvtec,carpet,train,normal,,train/good/023.png,,data/datasets/mvtec/carpet/train/good/023.png
mvtec,carpet,train,normal,,train/good/024.png,,data/datasets/mvtec/carpet/train/good/024.png
mvtec,carpet,train,normal,,train/good/025.png,,data/datasets/mvtec/carpet/train/good/025.png
mvtec,carpet,train,normal,,train/good/026.png,,data/datasets/mvtec/carpet/train/good/026.png
mvtec,carpet,train,normal,,train/good/027.png,,data/datasets/mvtec/carpet/train/good/027.png
mvtec,carpet,train,normal,,train/good/028.png,,data/datasets/mvtec/carpet/train/good/028.png
mvtec,carpet,train,normal,,train/good/029.png,,data/datasets/mvtec/carpet/train/good/029.png
mvtec,carpet,train,normal,,train/good/030.png,,data/datasets/mvtec/carpet/train/good/030.png
mvtec,carpet,train,normal,,train/good/031.png,,data/datasets/mvtec/carpet/train/good/031.png
mvtec,carpet,train,normal,,train/good/032.png,,data/datasets/mvtec/carpet/train/good/032.png
mvtec,carpet,train,normal,,train/good/033.png,,data/datasets/mvtec/carpet/train/good/033.png
mvtec,carpet,train,normal,,train/good/034.png,,data/datasets/mvtec/carpet/train/good/034.png
mvtec,carpet,train,normal,,train/good/035.png,,data/datasets/mvtec/carpet/train/good/035.png
mvtec,carpet,train,normal,,train/good/036.png,,data/datasets/mvtec/carpet/train/good/036.png
mvtec,carpet,train,normal,,train/good/037.png,,data/datasets/mvtec/carpet/train/good/037.png
mvtec,carpet,train,normal,,train/good/038.png,,data/datasets/mvtec/carpet/train/good/038.png
mvtec,carpet,train,normal,,train/good/039.png,,data/datasets/mvtec/carpet/train/good/039.png
mvtec,carpet,train,normal,,train/good/040.png,,data/datasets/mvtec/carpet/train/good/040.png
mvtec,carpet,train,normal,,train/good/041.png,,data/datasets/mvtec/carpet/train/good/041.png
mvtec,carpet,train,normal,,train/good/042.png,,data/datasets/mvtec/carpet/train/good/042.png
mvtec,carpet,train,normal,,train/good/043.png,,data/datasets/mvtec/carpet/train/good/043.png
mvtec,carpet,train,normal,,train/good/044.png,,data/datasets/mvtec/carpet/train/good/044.png
mvtec,carpet,train,normal,,train/good/045.png,,data/datasets/mvtec/carpet/train/good/045.png
mvtec,carpet,train,normal,,train/good/046.png,,data/datasets/mvtec/carpet/train/good/046.png
mvtec,carpet,train,normal,,train/good/047.png,,data/datasets/mvtec/carpet/train/good/047.png
mvtec,carpet,train,normal,,train/good/048.png,,data/datasets/mvtec/carpet/train/good/048.png
mvtec,carpet,train,normal,,train/good/049.png,,data/datasets/mvtec/carpet/train/good/049.png
mvtec,carpet,train,normal,,train/good/050.png,,data/datasets/mvtec/carpet/train/good/050.png
mvtec,carpet,train,normal,,train/good/051.png,,data/datasets/mvtec/carpet/train/good/051.png
mvtec,carpet,train,normal,,train/good/052.png,,data/datasets/mvtec/carpet/train/good/052.png
mvtec,carpet,train,normal,,train/good/053.png,,data/datasets/mvtec/carpet/train/good/053.png
mvtec,carpet,train,normal,,train/good/054.png,,data/datasets/mvtec/carpet/train/good/054.png
mvtec,carpet,train,normal,,train/good/055.png,,data/datasets/mvtec/carpet/train/good/055.png
mvtec,carpet,train,normal,,train/good/056.png,,data/datasets/mvtec/carpet/train/good/056.png
mvtec,carpet,train,normal,,train/good/057.png,,data/datasets/mvtec/carpet/train/good/057.png
mvtec,carpet,train,normal,,train/good/058.png,,data/datasets/mvtec/carpet/train/good/058.png
mvtec,carpet,train,normal,,train/good/059.png,,data/datasets/mvtec/carpet/train/good/059.png
mvtec,carpet,train,normal,,train/good/060.png,,data/datasets/mvtec/carpet/train/good/060.png
mvtec,carpet,train,normal,,train/good/061.png,,data/datasets/mvtec/carpet/train/good/061.png
mvtec,carpet,train,normal,,train/good/062.png,,data/datasets/mvtec/carpet/train/good/062.png
mvtec,carpet,train,normal,,train/good/063.png,,data/datasets/mvtec/carpet/train/good/063.png
mvtec,carpet,train,normal,,train/good/064.png,,data/datasets/mvtec/carpet/train/good/064.png
mvtec,carpet,train,normal,,train/good/065.png,,data/datasets/mvtec/carpet/train/good/065.png
mvtec,carpet,train,normal,,train/good/066.png,,data/datasets/mvtec/carpet/train/good/066.png
mvtec,carpet,train,normal,,train/good/067.png,,data/datasets/mvtec/carpet/train/good/067.png
mvtec,carpet,train,normal,,train/good/068.png,,data/datasets/mvtec/carpet/train/good/068.png
mvtec,carpet,train,normal,,train/good/069.png,,data/datasets/mvtec/carpet/train/good/069.png
mvtec,carpet,train,normal,,train/good/070.png,,data/datasets/mvtec/carpet/train/good/070.png
mvtec,carpet,train,normal,,train/good/071.png,,data/datasets/mvtec/carpet/train/good/071.png
mvtec,carpet,train,normal,,train/good/072.png,,data/datasets/mvtec/carpet/train/good/072.png
mvtec,carpet,train,normal,,train/good/073.png,,data/datasets/mvtec/carpet/train/good/073.png
mvtec,carpet,train,normal,,train/good/074.png,,data/datasets/mvtec/carpet/train/good/074.png
mvtec,carpet,train,normal,,train/good/075.png,,data/datasets/mvtec/carpet/train/good/075.png
mvtec,carpet,train,normal,,train/good/076.png,,data/datasets/mvtec/carpet/train/good/076.png
mvtec,carpet,train,normal,,train/good/077.png,,data/datasets/mvtec/carpet/train/good/077.png
mvtec,carpet,train,normal,,train/good/078.png,,data/datasets/mvtec/carpet/train/good/078.png
mvtec,carpet,train,normal,,train/good/079.png,,data/datasets/mvtec/carpet/train/good/079.png
mvtec,carpet,train,normal,,train/good/080.png,,data/datasets/mvtec/carpet/train/good/080.png
mvtec,carpet,train,normal,,train/good/081.png,,data/datasets/mvtec/carpet/train/good/081.png
mvtec,carpet,train,normal,,train/good/082.png,,data/datasets/mvtec/carpet/train/good/082.png
mvtec,carpet,train,normal,,train/good/083.png,,data/datasets/mvtec/carpet/train/good/083.png
mvtec,carpet,train,normal,,train/good/084.png,,data/datasets/mvtec/carpet/train/good/084.png
mvtec,carpet,train,normal,,train/good/085.png,,data/datasets/mvtec/carpet/train/good/085.png
mvtec,carpet,train,normal,,train/good/086.png,,data/datasets/mvtec/carpet/train/good/086.png
mvtec,carpet,train,normal,,train/good/087.png,,data/datasets/mvtec/carpet/train/good/087.png
mvtec,carpet,train,normal,,train/good/088.png,,data/datasets/mvtec/carpet/train/good/088.png
mvtec,carpet,train,normal,,train/good/089.png,,data/datasets/mvtec/carpet/train/good/089.png
mvtec,carpet,train,normal,,train/good/090.png,,data/datasets/mvtec/carpet/train/good/090.png
mvtec,carpet,train,normal,,train/good/091.png,,data/datasets/mvtec/carpet/train/good/091.png
mvtec,carpet,train,normal,,train/good/092.png,,data/datasets/mvtec/carpet/train/good/092.png
mvtec,carpet,train,normal,,train/good/093.png,,data/datasets/mvtec/carpet/train/good/093.png
mvtec,carpet,train,normal,,train/good/094.png,,data/datasets/mvtec/carpet/train/good/094.png
mvtec,carpet,train,normal,,train/good/095.png,,data/datasets/mvtec/carpet/train/good/095.png
mvtec,carpet,train,normal,,train/good/096.png,,data/datasets/mvtec/carpet/train/good/096.png
mvtec,carpet,train,normal,,train/good/097.png,,data/datasets/mvtec/carpet/train/good/097.png
mvtec,carpet,train,normal,,train/good/098.png,,data/datasets/mvtec/carpet/train/good/098.png
mvtec,carpet,train,normal,,train/good/099.png,,data/datasets/mvtec/carpet/train/good/099.png
mvtec,carpet,train,normal,,train/good/100.png,,data/datasets/mvtec/carpet/train/good/100.png
mvtec,carpet,train,normal,,train/good/101.png,,data/datasets/mvtec/carpet/train/good/101.png
mvtec,carpet,train,normal,,train/good/102.png,,data/datasets/mvtec/carpet/train/good/102.png
mvtec,carpet,train,normal,,train/good/103.png,,data/datasets/mvtec/carpet/train/good/103.png
mvtec,carpet,train,normal,,train/good/104.png,,data/datasets/mvtec/carpet/train/good/104.png
mvtec,carpet,train,normal,,train/good/105.png,,data/datasets/mvtec/carpet/train/good/105.png
mvtec,carpet,train,normal,,train/good/106.png,,data/datasets/mvtec/carpet/train/good/106.png
mvtec,carpet,train,normal,,train/good/107.png,,data/datasets/mvtec/carpet/train/good/107.png
mvtec,carpet,train,normal,,train/good/108.png,,data/datasets/mvtec/carpet/train/good/108.png
mvtec,carpet,train,normal,,train/good/109.png,,data/datasets/mvtec/carpet/train/good/109.png
mvtec,carpet,train,normal,,train/good/110.png,,data/datasets/mvtec/carpet/train/good/110.png
mvtec,carpet,train,normal,,train/good/111.png,,data/datasets/mvtec/carpet/train/good/111.png
mvtec,carpet,train,normal,,train/good/112.png,,data/datasets/mvtec/carpet/train/good/112.png
mvtec,carpet,train,normal,,train/good/113.png,,data/datasets/mvtec/carpet/train/good/113.png
mvtec,carpet,train,normal,,train/good/114.png,,data/datasets/mvtec/carpet/train/good/114.png
mvtec,carpet,train,normal,,train/good/115.png,,data/datasets/mvtec/carpet/train/good/115.png
mvtec,carpet,train,normal,,train/good/116.png,,data/datasets/mvtec/carpet/train/good/116.png
mvtec,carpet,train,normal,,train/good/117.png,,data/datasets/mvtec/carpet/train/good/117.png
mvtec,carpet,train,normal,,train/good/118.png,,data/datasets/mvtec/carpet/train/good/118.png
mvtec,carpet,train,normal,,train/good/119.png,,data/datasets/mvtec/carpet/train/good/119.png
mvtec,carpet,train,normal,,train/good/120.png,,data/datasets/mvtec/carpet/train/good/120.png
mvtec,carpet,train,normal,,train/good/121.png,,data/datasets/mvtec/carpet/train/good/121.png
mvtec,carpet,train,normal,,train/good/122.png,,data/datasets/mvtec/carpet/train/good/122.png
mvtec,carpet,train,normal,,train/good/123.png,,data/datasets/mvtec/carpet/train/good/123.png
mvtec,carpet,train,normal,,train/good/124.png,,data/datasets/mvtec/carpet/train/good/124.png
mvtec,carpet,train,normal,,train/good/125.png,,data/datasets/mvtec/carpet/train/good/125.png
mvtec,carpet,train,normal,,train/good/126.png,,data/datasets/mvtec/carpet/train/good/126.png
mvtec,carpet,train,normal,,train/good/127.png,,data/datasets/mvtec/carpet/train/good/127.png
mvtec,carpet,train,normal,,train/good/128.png,,data/datasets/mvtec/carpet/train/good/128.png
mvtec,carpet,train,normal,,train/good/129.png,,data/datasets/mvtec/carpet/train/good/129.png
mvtec,carpet,train,normal,,train/good/130.png,,data/datasets/mvtec/carpet/train/good/130.png
mvtec,carpet,train,normal,,train/good/131.png,,data/datasets/mvtec/carpet/train/good/131.png
mvtec,carpet,train,normal,,train/good/132.png,,data/datasets/mvtec/carpet/train/good/132.png
mvtec,carpet,train,normal,,train/good/133.png,,data/datasets/mvtec/carpet/train/good/133.png
mvtec,carpet,train,normal,,train/good/134.png,,data/datasets/mvtec/carpet/train/good/134.png
mvtec,carpet,train,normal,,train/good/135.png,,data/datasets/mvtec/carpet/train/good/135.png
mvtec,carpet,train,normal,,train/good/136.png,,data/datasets/mvtec/carpet/train/good/136.png
mvtec,carpet,train,normal,,train/good/137.png,,data/datasets/mvtec/carpet/train/good/137.png
mvtec,carpet,train,normal,,train/good/138.png,,data/datasets/mvtec/carpet/train/good/138.png
mvtec,carpet,train,normal,,train/good/139.png,,data/datasets/mvtec/carpet/train/good/139.png
mvtec,carpet,train,normal,,train/good/140.png,,data/datasets/mvtec/carpet/train/good/140.png
mvtec,carpet,train,normal,,train/good/141.png,,data/datasets/mvtec/carpet/train/good/141.png
mvtec,carpet,train,normal,,train/good/142.png,,data/datasets/mvtec/carpet/train/good/142.png
mvtec,carpet,train,normal,,train/good/143.png,,data/datasets/mvtec/carpet/train/good/143.png
mvtec,carpet,train,normal,,train/good/144.png,,data/datasets/mvtec/carpet/train/good/144.png
mvtec,carpet,train,normal,,train/good/145.png,,data/datasets/mvtec/carpet/train/good/145.png
mvtec,carpet,train,normal,,train/good/146.png,,data/datasets/mvtec/carpet/train/good/146.png
mvtec,carpet,train,normal,,train/good/147.png,,data/datasets/mvtec/carpet/train/good/147.png
mvtec,carpet,train,normal,,train/good/148.png,,data/datasets/mvtec/carpet/train/good/148.png
mvtec,carpet,train,normal,,train/good/149.png,,data/datasets/mvtec/carpet/train/good/149.png
mvtec,carpet,train,normal,,train/good/150.png,,data/datasets/mvtec/carpet/train/good/150.png
mvtec,carpet,train,normal,,train/good/151.png,,data/datasets/mvtec/carpet/train/good/151.png
mvtec,carpet,train,normal,,train/good/152.png,,data/datasets/mvtec/carpet/train/good/152.png
mvtec,carpet,train,normal,,train/good/153.png,,data/datasets/mvtec/carpet/train/good/153.png
mvtec,carpet,train,normal,,train/good/154.png,,data/datasets/mvtec/carpet/train/good/154.png
mvtec,carpet,train,normal,,train/good/155.png,,data/datasets/mvtec/carpet/train/good/155.png
mvtec,carpet,train,normal,,train/good/156.png,,data/datasets/mvtec/carpet/train/good/156.png
mvtec,carpet,train,normal,,train/good/157.png,,data/datasets/mvtec/carpet/train/good/157.png
mvtec,carpet,train,normal,,train/good/158.png,,data/datasets/mvtec/carpet/train/good/158.png
mvtec,carpet,train,normal,,train/good/159.png,,data/datasets/mvtec/carpet/train/good/159.png
mvtec,carpet,train,normal,,train/good/160.png,,data/datasets/mvtec/carpet/train/good/160.png
mvtec,carpet,train,normal,,train/good/161.png,,data/datasets/mvtec/carpet/train/good/161.png
mvtec,carpet,train,normal,,train/good/162.png,,data/datasets/mvtec/carpet/train/good/162.png
mvtec,carpet,train,normal,,train/good/163.png,,data/datasets/mvtec/carpet/train/good/163.png
mvtec,carpet,train,normal,,train/good/164.png,,data/datasets/mvtec/carpet/train/good/164.png
mvtec,carpet,train,normal,,train/good/165.png,,data/datasets/mvtec/carpet/train/good/165.png
mvtec,carpet,train,normal,,train/good/166.png,,data/datasets/mvtec/carpet/train/good/166.png
mvtec,carpet,train,normal,,train/good/167.png,,data/datasets/mvtec/carpet/train/good/167.png
mvtec,carpet,train,normal,,train/good/168.png,,data/datasets/mvtec/carpet/train/good/168.png
mvtec,carpet,train,normal,,train/good/169.png,,data/datasets/mvtec/carpet/train/good/169.png
mvtec,carpet,train,normal,,train/good/170.png,,data/datasets/mvtec/carpet/train/good/170.png
mvtec,carpet,train,normal,,train/good/171.png,,data/datasets/mvtec/carpet/train/good/171.png
mvtec,carpet,train,normal,,train/good/172.png,,data/datasets/mvtec/carpet/train/good/172.png
mvtec,carpet,train,normal,,train/good/173.png,,data/datasets/mvtec/carpet/train/good/173.png
mvtec,carpet,train,normal,,train/good/174.png,,data/datasets/mvtec/carpet/train/good/174.png
mvtec,carpet,train,normal,,train/good/175.png,,data/datasets/mvtec/carpet/train/good/175.png
mvtec,carpet,train,normal,,train/good/176.png,,data/datasets/mvtec/carpet/train/good/176.png
mvtec,carpet,train,normal,,train/good/177.png,,data/datasets/mvtec/carpet/train/good/177.png
mvtec,carpet,train,normal,,train/good/178.png,,data/datasets/mvtec/carpet/train/good/178.png
mvtec,carpet,train,normal,,train/good/179.png,,data/datasets/mvtec/carpet/train/good/179.png
mvtec,carpet,train,normal,,train/good/180.png,,data/datasets/mvtec/carpet/train/good/180.png
mvtec,carpet,train,normal,,train/good/181.png,,data/datasets/mvtec/carpet/train/good/181.png
mvtec,carpet,train,normal,,train/good/182.png,,data/datasets/mvtec/carpet/train/good/182.png
mvtec,carpet,train,normal,,train/good/183.png,,data/datasets/mvtec/carpet/train/good/183.png
mvtec,carpet,train,normal,,train/good/184.png,,data/datasets/mvtec/carpet/train/good/184.png
mvtec,carpet,train,normal,,train/good/185.png,,data/datasets/mvtec/carpet/train/good/185.png
mvtec,carpet,train,normal,,train/good/186.png,,data/datasets/mvtec/carpet/train/good/186.png
mvtec,carpet,train,normal,,train/good/187.png,,data/datasets/mvtec/carpet/train/good/187.png
mvtec,carpet,train,normal,,train/good/188.png,,data/datasets/mvtec/carpet/train/good/188.png
mvtec,carpet,train,normal,,train/good/189.png,,data/datasets/mvtec/carpet/train/good/189.png
mvtec,carpet,train,normal,,train/good/190.png,,data/datasets/mvtec/carpet/train/good/190.png
mvtec,carpet,train,normal,,train/good/191.png,,data/datasets/mvtec/carpet/train/good/191.png
mvtec,carpet,train,normal,,train/good/192.png,,data/datasets/mvtec/carpet/train/good/192.png
mvtec,carpet,train,normal,,train/good/193.png,,data/datasets/mvtec/carpet/train/good/193.png
mvtec,carpet,train,normal,,train/good/194.png,,data/datasets/mvtec/carpet/train/good/194.png
mvtec,carpet,train,normal,,train/good/195.png,,data/datasets/mvtec/carpet/train/good/195.png
mvtec,carpet,train,normal,,train/good/196.png,,data/datasets/mvtec/carpet/train/good/196.png
mvtec,carpet,train,normal,,train/good/197.png,,data/datasets/mvtec/carpet/train/good/197.png
mvtec,carpet,train,normal,,train/good/198.png,,data/datasets/mvtec/carpet/train/good/198.png
mvtec,carpet,train,normal,,train/good/199.png,,data/datasets/mvtec/carpet/train/good/199.png
mvtec,carpet,train,normal,,train/good/200.png,,data/datasets/mvtec/carpet/train/good/200.png
mvtec,carpet,train,normal,,train/good/201.png,,data/datasets/mvtec/carpet/train/good/201.png
mvtec,carpet,train,normal,,train/good/202.png,,data/datasets/mvtec/carpet/train/good/202.png
mvtec,carpet,train,normal,,train/good/203.png,,data/datasets/mvtec/carpet/train/good/203.png
mvtec,carpet,train,normal,,train/good/204.png,,data/datasets/mvtec/carpet/train/good/204.png
mvtec,carpet,train,normal,,train/good/205.png,,data/datasets/mvtec/carpet/train/good/205.png
mvtec,carpet,train,normal,,train/good/206.png,,data/datasets/mvtec/carpet/train/good/206.png
mvtec,carpet,train,normal,,train/good/207.png,,data/datasets/mvtec/carpet/train/good/207.png
mvtec,carpet,train,normal,,train/good/208.png,,data/datasets/mvtec/carpet/train/good/208.png
mvtec,carpet,train,normal,,train/good/209.png,,data/datasets/mvtec/carpet/train/good/209.png
mvtec,carpet,train,normal,,train/good/210.png,,data/datasets/mvtec/carpet/train/good/210.png
mvtec,carpet,train,normal,,train/good/211.png,,data/datasets/mvtec/carpet/train/good/211.png
mvtec,carpet,train,normal,,train/good/212.png,,data/datasets/mvtec/carpet/train/good/212.png
mvtec,carpet,train,normal,,train/good/213.png,,data/datasets/mvtec/carpet/train/good/213.png
mvtec,carpet,train,normal,,train/good/214.png,,data/datasets/mvtec/carpet/train/good/214.png
mvtec,carpet,train,normal,,train/good/215.png,,data/datasets/mvtec/carpet/train/good/215.png
mvtec,carpet,train,normal,,train/good/216.png,,data/datasets/mvtec/carpet/train/good/216.png
mvtec,carpet,train,normal,,train/good/217.png,,data/datasets/mvtec/carpet/train/good/217.png
mvtec,carpet,train,normal,,train/good/218.png,,data/datasets/mvtec/carpet/train/good/218.png
mvtec,carpet,train,normal,,train/good/219.png,,data/datasets/mvtec/carpet/train/good/219.png
mvtec,carpet,train,normal,,train/good/220.png,,data/datasets/mvtec/carpet/train/good/220.png
mvtec,carpet,train,normal,,train/good/221.png,,data/datasets/mvtec/carpet/train/good/221.png
mvtec,carpet,train,normal,,train/good/222.png,,data/datasets/mvtec/carpet/train/good/222.png
mvtec,carpet,train,normal,,train/good/223.png,,data/datasets/mvtec/carpet/train/good/223.png
mvtec,carpet,train,normal,,train/good/224.png,,data/datasets/mvtec/carpet/train/good/224.png
mvtec,carpet,train,normal,,train/good/225.png,,data/datasets/mvtec/carpet/train/good/225.png
mvtec,carpet,train,normal,,train/good/226.png,,data/datasets/mvtec/carpet/train/good/226.png
mvtec,carpet,train,normal,,train/good/227.png,,data/datasets/mvtec/carpet/train/good/227.png
mvtec,carpet,train,normal,,train/good/228.png,,data/datasets/mvtec/carpet/train/good/228.png
mvtec,carpet,train,normal,,train/good/229.png,,data/datasets/mvtec/carpet/train/good/229.png
mvtec,carpet,train,normal,,train/good/230.png,,data/datasets/mvtec/carpet/train/good/230.png
mvtec,carpet,train,normal,,train/good/231.png,,data/datasets/mvtec/carpet/train/good/231.png
mvtec,carpet,train,normal,,train/good/232.png,,data/datasets/mvtec/carpet/train/good/232.png
mvtec,carpet,train,normal,,train/good/233.png,,data/datasets/mvtec/carpet/train/good/233.png
mvtec,carpet,train,normal,,train/good/234.png,,data/datasets/mvtec/carpet/train/good/234.png
mvtec,carpet,train,normal,,train/good/235.png,,data/datasets/mvtec/carpet/train/good/235.png
mvtec,carpet,train,normal,,train/good/236.png,,data/datasets/mvtec/carpet/train/good/236.png
mvtec,carpet,train,normal,,train/good/237.png,,data/datasets/mvtec/carpet/train/good/237.png
mvtec,carpet,train,normal,,train/good/238.png,,data/datasets/mvtec/carpet/train/good/238.png
mvtec,carpet,train,normal,,train/good/239.png,,data/datasets/mvtec/carpet/train/good/239.png
mvtec,carpet,train,normal,,train/good/240.png,,data/datasets/mvtec/carpet/train/good/240.png
mvtec,carpet,train,normal,,train/good/241.png,,data/datasets/mvtec/carpet/train/good/241.png
mvtec,carpet,train,normal,,train/good/242.png,,data/datasets/mvtec/carpet/train/good/242.png
mvtec,carpet,train,normal,,train/good/243.png,,data/datasets/mvtec/carpet/train/good/243.png
mvtec,carpet,train,normal,,train/good/244.png,,data/datasets/mvtec/carpet/train/good/244.png
mvtec,carpet,train,normal,,train/good/245.png,,data/datasets/mvtec/carpet/train/good/245.png
mvtec,carpet,train,normal,,train/good/246.png,,data/datasets/mvtec/carpet/train/good/246.png
mvtec,carpet,train,normal,,train/good/247.png,,data/datasets/mvtec/carpet/train/good/247.png
mvtec,carpet,train,normal,,train/good/248.png,,data/datasets/mvtec/carpet/train/good/248.png
mvtec,carpet,train,normal,,train/good/249.png,,data/datasets/mvtec/carpet/train/good/249.png
mvtec,carpet,train,normal,,train/good/250.png,,data/datasets/mvtec/carpet/train/good/250.png
mvtec,carpet,train,normal,,train/good/251.png,,data/datasets/mvtec/carpet/train/good/251.png
mvtec,carpet,train,normal,,train/good/252.png,,data/datasets/mvtec/carpet/train/good/252.png
mvtec,carpet,train,normal,,train/good/253.png,,data/datasets/mvtec/carpet/train/good/253.png
mvtec,carpet,train,normal,,train/good/254.png,,data/datasets/mvtec/carpet/train/good/254.png
mvtec,carpet,train,normal,,train/good/255.png,,data/datasets/mvtec/carpet/train/good/255.png
mvtec,carpet,train,normal,,train/good/256.png,,data/datasets/mvtec/carpet/train/good/256.png
mvtec,carpet,train,normal,,train/good/257.png,,data/datasets/mvtec/carpet/train/good/257.png
mvtec,carpet,train,normal,,train/good/258.png,,data/datasets/mvtec/carpet/train/good/258.png
mvtec,carpet,train,normal,,train/good/259.png,,data/datasets/mvtec/carpet/train/good/259.png
mvtec,carpet,train,normal,,train/good/260.png,,data/datasets/mvtec/carpet/train/good/260.png
mvtec,carpet,train,normal,,train/good/261.png,,data/datasets/mvtec/carpet/train/good/261.png
mvtec,carpet,train,normal,,train/good/262.png,,data/datasets/mvtec/carpet/train/good/262.png
mvtec,carpet,train,normal,,train/good/263.png,,data/datasets/mvtec/carpet/train/good/263.png
mvtec,carpet,train,normal,,train/good/264.png,,data/datasets/mvtec/carpet/train/good/264.png
mvtec,carpet,train,normal,,train/good/265.png,,data/datasets/mvtec/carpet/train/good/265.png
mvtec,carpet,train,normal,,train/good/266.png,,data/datasets/mvtec/carpet/train/good/266.png
mvtec,carpet,train,normal,,train/good/267.png,,data/datasets/mvtec/carpet/train/good/267.png
mvtec,carpet,train,normal,,train/good/268.png,,data/datasets/mvtec/carpet/train/good/268.png
mvtec,carpet,train,normal,,train/good/269.png,,data/datasets/mvtec/carpet/train/good/269.png
mvtec,carpet,train,normal,,train/good/270.png,,data/datasets/mvtec/carpet/train/good/270.png
mvtec,carpet,train,normal,,train/good/271.png,,data/datasets/mvtec/carpet/train/good/271.png
mvtec,carpet,train,normal,,train/good/272.png,,data/datasets/mvtec/carpet/train/good/272.png
mvtec,carpet,train,normal,,train/good/273.png,,data/datasets/mvtec/carpet/train/good/273.png
mvtec,carpet,train,normal,,train/good/274.png,,data/datasets/mvtec/carpet/train/good/274.png
mvtec,carpet,train,normal,,train/good/275.png,,data/datasets/mvtec/carpet/train/good/275.png
mvtec,carpet,train,normal,,train/good/276.png,,data/datasets/mvtec/carpet/train/good/276.png
mvtec,carpet,train,normal,,train/good/277.png,,data/datasets/mvtec/carpet/train/good/277.png
mvtec,carpet,train,normal,,train/good/278.png,,data/datasets/mvtec/carpet/train/good/278.png
mvtec,carpet,train,normal,,train/good/279.png,,data/datasets/mvtec/carpet/train/good/279.png
mvtec,carpet,train,anomaly,color,train/anomaly/color_001.png,train/masks/color_001.png,data/datasets/mvtec/carpet/test/color/001.png
mvtec,carpet,train,anomaly,color,train/anomaly/color_002.png,train/masks/color_002.png,data/datasets/mvtec/carpet/test/color/002.png
mvtec,carpet,train,anomaly,color,train/anomaly/color_003.png,train/masks/color_003.png,data/datasets/mvtec/carpet/test/color/003.png
mvtec,carpet,train,anomaly,color,train/anomaly/color_006.png,train/masks/color_006.png,data/datasets/mvtec/carpet/test/color/006.png
mvtec,carpet,train,anomaly,color,train/anomaly/color_012.png,train/masks/color_012.png,data/datasets/mvtec/carpet/test/color/012.png
mvtec,carpet,train,anomaly,color,train/anomaly/color_014.png,train/masks/color_014.png,data/datasets/mvtec/carpet/test/color/014.png
mvtec,carpet,train,anomaly,color,train/anomaly/color_015.png,train/masks/color_015.png,data/datasets/mvtec/carpet/test/color/015.png
mvtec,carpet,train,anomaly,cut,train/anomaly/cut_002.png,train/masks/cut_002.png,data/datasets/mvtec/carpet/test/cut/002.png
mvtec,carpet,train,anomaly,cut,train/anomaly/cut_003.png,train/masks/cut_003.png,data/datasets/mvtec/carpet/test/cut/003.png
mvtec,carpet,train,anomaly,cut,train/anomaly/cut_004.png,train/masks/cut_004.png,data/datasets/mvtec/carpet/test/cut/004.png
mvtec,carpet,train,anomaly,cut,train/anomaly/cut_011.png,train/masks/cut_011.png,data/datasets/mvtec/carpet/test/cut/011.png
mvtec,carpet,train,anomaly,cut,train/anomaly/cut_012.png,train/masks/cut_012.png,data/datasets/mvtec/carpet/test/cut/012.png
mvtec,carpet,train,anomaly,cut,train/anomaly/cut_013.png,train/masks/cut_013.png,data/datasets/mvtec/carpet/test/cut/013.png
mvtec,carpet,train,anomaly,cut,train/anomaly/cut_016.png,train/masks/cut_016.png,data/datasets/mvtec/carpet/test/cut/016.png
mvtec,carpet,train,anomaly,hole,train/anomaly/hole_001.png,train/masks/hole_001.png,data/datasets/mvtec/carpet/test/hole/001.png
mvtec,carpet,train,anomaly,hole,train/anomaly/hole_002.png,train/masks/hole_002.png,data/datasets/mvtec/carpet/test/hole/002.png
mvtec,carpet,train,anomaly,hole,train/anomaly/hole_004.png,train/masks/hole_004.png,data/datasets/mvtec/carpet/test/hole/004.png
mvtec,carpet,train,anomaly,hole,train/anomaly/hole_006.png,train/masks/hole_006.png,data/datasets/mvtec/carpet/test/hole/006.png
mvtec,carpet,train,anomaly,hole,train/anomaly/hole_007.png,train/masks/hole_007.png,data/datasets/mvtec/carpet/test/hole/007.png
mvtec,carpet,train,anomaly,hole,train/anomaly/hole_013.png,train/masks/hole_013.png,data/datasets/mvtec/carpet/test/hole/013.png
mvtec,carpet,train,anomaly,hole,train/anomaly/hole_014.png,train/masks/hole_014.png,data/datasets/mvtec/carpet/test/hole/014.png
mvtec,carpet,train,anomaly,metal_contamination,train/anomaly/metal_contamination_000.png,train/masks/metal_contamination_000.png,data/datasets/mvtec/carpet/test/metal_contamination/000.png
mvtec,carpet,train,anomaly,metal_contamination,train/anomaly/metal_contamination_002.png,train/masks/metal_contamination_002.png,data/datasets/mvtec/carpet/test/metal_contamination/002.png
mvtec,carpet,train,anomaly,metal_contamination,train/anomaly/metal_contamination_003.png,train/masks/metal_contamination_003.png,data/datasets/mvtec/carpet/test/metal_contamination/003.png
mvtec,carpet,train,anomaly,metal_contamination,train/anomaly/metal_contamination_005.png,train/masks/metal_contamination_005.png,data/datasets/mvtec/carpet/test/metal_contamination/005.png
mvtec,carpet,train,anomaly,metal_contamination,train/anomaly/metal_contamination_010.png,train/masks/metal_contamination_010.png,data/datasets/mvtec/carpet/test/metal_contamination/010.png
mvtec,carpet,train,anomaly,metal_contamination,train/anomaly/metal_contamination_013.png,train/masks/metal_contamination_013.png,data/datasets/mvtec/carpet/test/metal_contamination/013.png
mvtec,carpet,train,anomaly,metal_contamination,train/anomaly/metal_contamination_015.png,train/masks/metal_contamination_015.png,data/datasets/mvtec/carpet/test/metal_contamination/015.png
mvtec,carpet,test,normal,,test/good/000.png,,data/datasets/mvtec/carpet/test/good/000.png
mvtec,carpet,test,normal,,test/good/001.png,,data/datasets/mvtec/carpet/test/good/001.png
mvtec,carpet,test,normal,,test/good/002.png,,data/datasets/mvtec/carpet/test/good/002.png
mvtec,carpet,test,normal,,test/good/003.png,,data/datasets/mvtec/carpet/test/good/003.png
mvtec,carpet,test,normal,,test/good/004.png,,data/datasets/mvtec/carpet/test/good/004.png
mvtec,carpet,test,normal,,test/good/005.png,,data/datasets/mvtec/carpet/test/good/005.png
mvtec,carpet,test,normal,,test/good/006.png,,data/datasets/mvtec/carpet/test/good/006.png
mvtec,carpet,test,normal,,test/good/007.png,,data/datasets/mvtec/carpet/test/good/007.png
mvtec,carpet,test,normal,,test/good/008.png,,data/datasets/mvtec/carpet/test/good/008.png
mvtec,carpet,test,normal,,test/good/009.png,,data/datasets/mvtec/carpet/test/good/009.png
mvtec,carpet,test,normal,,test/good/010.png,,data/datasets/mvtec/carpet/test/good/010.png
mvtec,carpet,test,normal,,test/good/011.png,,data/datasets/mvtec/carpet/test/good/011.png
mvtec,carpet,test,normal,,test/good/012.png,,data/datasets/mvtec/carpet/test/good/012.png
mvtec,carpet,test,normal,,test/good/013.png,,data/datasets/mvtec/carpet/test/good/013.png
mvtec,carpet,test,normal,,test/good/014.png,,data/datasets/mvtec/carpet/test/good/014.png
mvtec,carpet,test,normal,,test/good/015.png,,data/datasets/mvtec/carpet/test/good/015.png
mvtec,carpet,test,normal,,test/good/016.png,,data/datasets/mvtec/carpet/test/good/016.png
mvtec,carpet,test,normal,,test/good/017.png,,data/datasets/mvtec/carpet/test/good/017.png
mvtec,carpet,test,normal,,test/good/018.png,,data/datasets/mvtec/carpet/test/good/018.png
mvtec,carpet,test,normal,,test/good/019.png,,data/datasets/mvtec/carpet/test/good/019.png
mvtec,carpet,test,normal,,test/good/020.png,,data/datasets/mvtec/carpet/test/good/020.png
mvtec,carpet,test,normal,,test/good/021.png,,data/datasets/mvtec/carpet/test/good/021.png
mvtec,carpet,test,normal,,test/good/022.png,,data/datasets/mvtec/carpet/test/good/022.png
mvtec,carpet,test,normal,,test/good/023.png,,data/datasets/mvtec/carpet/test/good/023.png
mvtec,carpet,test,normal,,test/good/024.png,,data/datasets/mvtec/carpet/test/good/024.png
mvtec,carpet,test,normal,,test/good/025.png,,data/datasets/mvtec/carpet/test/good/025.png
mvtec,carpet,test,normal,,test/good/026.png,,data/datasets/mvtec/carpet/test/good/026.png
mvtec,carpet,test,normal,,test/good/027.png,,data/datasets/mvtec/carpet/test/good/027.png
mvtec,carpet,test,anomaly,color,test/anomaly/color_000.png,test/masks/color_000.png,data/datasets/mvtec/carpet/test/color/000.png
mvtec,carpet,test,anomaly,color,test/anomaly/color_004.png,test/masks/color_004.png,data/datasets/mvtec/carpet/test/color/004.png
mvtec,carpet,test,anomaly,color,test/anomaly/color_005.png,test/masks/color_005.png,data/datasets/mvtec/carpet/test/color/005.png
mvtec,carpet,test,anomaly,color,test/anomaly/color_007.png,test/masks/color_007.png,data/datasets/mvtec/carpet/test/color/007.png
mvtec,carpet,test,anomaly,color,test/anomaly/color_008.png,test/masks/color_008.png,data/datasets/mvtec/carpet/test/color/008.png
mvtec,carpet,test,anomaly,color,test/anomaly/color_009.png,test/masks/color_009.png,data/datasets/mvtec/carpet/test/color/009.png
mvtec,carpet,test,anomaly,color,test/anomaly/color_010.png,test/masks/color_010.png,data/datasets/mvtec/carpet/test/color/010.png
mvtec,carpet,test,anomaly,color,test/anomaly/color_011.png,test/masks/color_011.png,data/datasets/mvtec/carpet/test/color/011.png
mvtec,carpet,test,anomaly,color,test/anomaly/color_013.png,test/masks/color_013.png,data/datasets/mvtec/carpet/test/color/013.png
mvtec,carpet,test,anomaly,color,test/anomaly/color_016.png,test/masks/color_016.png,data/datasets/mvtec/carpet/test/color/016.png
mvtec,carpet,test,anomaly,color,test/anomaly/color_017.png,test/masks/color_017.png,data/datasets/mvtec/carpet/test/color/017.png
mvtec,carpet,test,anomaly,color,test/anomaly/color_018.png,test/masks/color_018.png,data/datasets/mvtec/carpet/test/color/018.png
mvtec,carpet,test,anomaly,cut,test/anomaly/cut_000.png,test/masks/cut_000.png,data/datasets/mvtec/carpet/test/cut/000.png
mvtec,carpet,test,anomaly,cut,test/anomaly/cut_001.png,test/masks/cut_001.png,data/datasets/mvtec/carpet/test/cut/001.png
mvtec,carpet,test,anomaly,cut,test/anomaly/cut_005.png,test/masks/cut_005.png,data/datasets/mvtec/carpet/test/cut/005.png
mvtec,carpet,test,anomaly,cut,test/anomaly/cut_006.png,test/masks/cut_006.png,data/datasets/mvtec/carpet/test/cut/006.png
mvtec,carpet,test,anomaly,cut,test/anomaly/cut_007.png,test/masks/cut_007.png,data/datasets/mvtec/carpet/test/cut/007.png
mvtec,carpet,test,anomaly,cut,test/anomaly/cut_008.png,test/masks/cut_008.png,data/datasets/mvtec/carpet/test/cut/008.png
mvtec,carpet,test,anomaly,cut,test/anomaly/cut_009.png,test/masks/cut_009.png,data/datasets/mvtec/carpet/test/cut/009.png
mvtec,carpet,test,anomaly,cut,test/anomaly/cut_010.png,test/masks/cut_010.png,data/datasets/mvtec/carpet/test/cut/010.png
mvtec,carpet,test,anomaly,cut,test/anomaly/cut_014.png,test/masks/cut_014.png,data/datasets/mvtec/carpet/test/cut/014.png
mvtec,carpet,test,anomaly,cut,test/anomaly/cut_015.png,test/masks/cut_015.png,data/datasets/mvtec/carpet/test/cut/015.png
mvtec,carpet,test,anomaly,hole,test/anomaly/hole_000.png,test/masks/hole_000.png,data/datasets/mvtec/carpet/test/hole/000.png
mvtec,carpet,test,anomaly,hole,test/anomaly/hole_003.png,test/masks/hole_003.png,data/datasets/mvtec/carpet/test/hole/003.png
mvtec,carpet,test,anomaly,hole,test/anomaly/hole_005.png,test/masks/hole_005.png,data/datasets/mvtec/carpet/test/hole/005.png
mvtec,carpet,test,anomaly,hole,test/anomaly/hole_008.png,test/masks/hole_008.png,data/datasets/mvtec/carpet/test/hole/008.png
mvtec,carpet,test,anomaly,hole,test/anomaly/hole_009.png,test/masks/hole_009.png,data/datasets/mvtec/carpet/test/hole/009.png
mvtec,carpet,test,anomaly,hole,test/anomaly/hole_010.png,test/masks/hole_010.png,data/datasets/mvtec/carpet/test/hole/010.png
mvtec,carpet,test,anomaly,hole,test/anomaly/hole_011.png,test/masks/hole_011.png,data/datasets/mvtec/carpet/test/hole/011.png
mvtec,carpet,test,anomaly,hole,test/anomaly/hole_012.png,test/masks/hole_012.png,data/datasets/mvtec/carpet/test/hole/012.png
mvtec,carpet,test,anomaly,hole,test/anomaly/hole_015.png,test/masks/hole_015.png,data/datasets/mvtec/carpet/test/hole/015.png
mvtec,carpet,test,anomaly,hole,test/anomaly/hole_016.png,test/masks/hole_016.png,data/datasets/mvtec/carpet/test/hole/016.png
mvtec,carpet,test,anomaly,metal_contamination,test/anomaly/metal_contamination_001.png,test/masks/metal_contamination_001.png,data/datasets/mvtec/carpet/test/metal_contamination/001.png
mvtec,carpet,test,anomaly,metal_contamination,test/anomaly/metal_contamination_004.png,test/masks/metal_contamination_004.png,data/datasets/mvtec/carpet/test/metal_contamination/004.png
mvtec,carpet,test,anomaly,metal_contamination,test/anomaly/metal_contamination_006.png,test/masks/metal_contamination_006.png,data/datasets/mvtec/carpet/test/metal_contamination/006.png
mvtec,carpet,test,anomaly,metal_contamination,test/anomaly/metal_contamination_007.png,test/masks/metal_contamination_007.png,data/datasets/mvtec/carpet/test/metal_contamination/007.png
mvtec,carpet,test,anomaly,metal_contamination,test/anomaly/metal_contamination_008.png,test/masks/metal_contamination_008.png,data/datasets/mvtec/carpet/test/metal_contamination/008.png
mvtec,carpet,test,anomaly,metal_contamination,test/anomaly/metal_contamination_009.png,test/masks/metal_contamination_009.png,data/datasets/mvtec/carpet/test/metal_contamination/009.png
mvtec,carpet,test,anomaly,metal_contamination,test/anomaly/metal_contamination_011.png,test/masks/metal_contamination_011.png,data/datasets/mvtec/carpet/test/metal_contamination/011.png
mvtec,carpet,test,anomaly,metal_contamination,test/anomaly/metal_contamination_012.png,test/masks/metal_contamination_012.png,data/datasets/mvtec/carpet/test/metal_contamination/012.png
mvtec,carpet,test,anomaly,metal_contamination,test/anomaly/metal_contamination_014.png,test/masks/metal_contamination_014.png,data/datasets/mvtec/carpet/test/metal_contamination/014.png
mvtec,carpet,test,anomaly,metal_contamination,test/anomaly/metal_contamination_016.png,test/masks/metal_contamination_016.png,data/datasets/mvtec/carpet/test/metal_contamination/016.png
mvtec,carpet,test,anomaly,thread,test/anomaly/thread_000.png,test/masks/thread_000.png,data/datasets/mvtec/carpet/test/thread/000.png
mvtec,carpet,test,anomaly,thread,test/anomaly/thread_001.png,test/masks/thread_001.png,data/datasets/mvtec/carpet/test/thread/001.png
mvtec,carpet,test,anomaly,thread,test/anomaly/thread_002.png,test/masks/thread_002.png,data/datasets/mvtec/carpet/test/thread/002.png
mvtec,carpet,test,anomaly,thread,test/anomaly/thread_003.png,test/masks/thread_003.png,data/datasets/mvtec/carpet/test/thread/003.png
mvtec,carpet,test,anomaly,thread,test/anomaly/thread_004.png,test/masks/thread_004.png,data/datasets/mvtec/carpet/test/thread/004.png
mvtec,carpet,test,anomaly,thread,test/anomaly/thread_005.png,test/masks/thread_005.png,data/datasets/mvtec/carpet/test/thread/005.png
mvtec,carpet,test,anomaly,thread,test/anomaly/thread_006.png,test/masks/thread_006.png,data/datasets/mvtec/carpet/test/thread/006.png
mvtec,carpet,test,anomaly,thread,test/anomaly/thread_007.png,test/masks/thread_007.png,data/datasets/mvtec/carpet/test/thread/007.png
mvtec,carpet,test,anomaly,thread,test/anomaly/thread_008.png,test/masks/thread_008.png,data/datasets/mvtec/carpet/test/thread/008.png
mvtec,carpet,test,anomaly,thread,test/anomaly/thread_009.png,test/masks/thread_009.png,data/datasets/mvtec/carpet/test/thread/009.png
mvtec,carpet,test,anomaly,thread,test/anomaly/thread_010.png,test/masks/thread_010.png,data/datasets/mvtec/carpet/test/thread/010.png
mvtec,carpet,test,anomaly,thread,test/anomaly/thread_011.png,test/masks/thread_011.png,data/datasets/mvtec/carpet/test/thread/011.png
mvtec,carpet,test,anomaly,thread,test/anomaly/thread_012.png,test/masks/thread_012.png,data/datasets/mvtec/carpet/test/thread/012.png
mvtec,carpet,test,anomaly,thread,test/anomaly/thread_013.png,test/masks/thread_013.png,data/datasets/mvtec/carpet/test/thread/013.png
mvtec,carpet,test,anomaly,thread,test/anomaly/thread_014.png,test/masks/thread_014.png,data/datasets/mvtec/carpet/test/thread/014.png
mvtec,carpet,test,anomaly,thread,test/anomaly/thread_015.png,test/masks/thread_015.png,data/datasets/mvtec/carpet/test/thread/015.png
mvtec,carpet,test,anomaly,thread,test/anomaly/thread_016.png,test/masks/thread_016.png,data/datasets/mvtec/carpet/test/thread/016.png
mvtec,carpet,test,anomaly,thread,test/anomaly/thread_017.png,test/masks/thread_017.png,data/datasets/mvtec/carpet/test/thread/017.png
mvtec,carpet,test,anomaly,thread,test/anomaly/thread_018.png,test/masks/thread_018.png,data/datasets/mvtec/carpet/test/thread/018.png
mvtec,grid,train,normal,,train/good/000.png,,data/datasets/mvtec/grid/train/good/000.png
mvtec,grid,train,normal,,train/good/001.png,,data/datasets/mvtec/grid/train/good/001.png
mvtec,grid,train,normal,,train/good/002.png,,data/datasets/mvtec/grid/train/good/002.png
mvtec,grid,train,normal,,train/good/003.png,,data/datasets/mvtec/grid/train/good/003.png
mvtec,grid,train,normal,,train/good/004.png,,data/datasets/mvtec/grid/train/good/004.png
mvtec,grid,train,normal,,train/good/005.png,,data/datasets/mvtec/grid/train/good/005.png
mvtec,grid,train,normal,,train/good/006.png,,data/datasets/mvtec/grid/train/good/006.png
mvtec,grid,train,normal,,train/good/007.png,,data/datasets/mvtec/grid/train/good/007.png
mvtec,grid,train,normal,,train/good/008.png,,data/datasets/mvtec/grid/train/good/008.png
mvtec,grid,train,normal,,train/good/009.png,,data/datasets/mvtec/grid/train/good/009.png
mvtec,grid,train,normal,,train/good/010.png,,data/datasets/mvtec/grid/train/good/010.png
mvtec,grid,train,normal,,train/good/011.png,,data/datasets/mvtec/grid/train/good/011.png
mvtec,grid,train,normal,,train/good/012.png,,data/datasets/mvtec/grid/train/good/012.png
mvtec,grid,train,normal,,train/good/013.png,,data/datasets/mvtec/grid/train/good/013.png
mvtec,grid,train,normal,,train/good/014.png,,data/datasets/mvtec/grid/train/good/014.png
mvtec,grid,train,normal,,train/good/015.png,,data/datasets/mvtec/grid/train/good/015.png
mvtec,grid,train,normal,,train/good/016.png,,data/datasets/mvtec/grid/train/good/016.png
mvtec,grid,train,normal,,train/good/017.png,,data/datasets/mvtec/grid/train/good/017.png
mvtec,grid,train,normal,,train/good/018.png,,data/datasets/mvtec/grid/train/good/018.png
mvtec,grid,train,normal,,train/good/019.png,,data/datasets/mvtec/grid/train/good/019.png
mvtec,grid,train,normal,,train/good/020.png,,data/datasets/mvtec/grid/train/good/020.png
mvtec,grid,train,normal,,train/good/021.png,,data/datasets/mvtec/grid/train/good/021.png
mvtec,grid,train,normal,,train/good/022.png,,data/datasets/mvtec/grid/train/good/022.png
mvtec,grid,train,normal,,train/good/023.png,,data/datasets/mvtec/grid/train/good/023.png
mvtec,grid,train,normal,,train/good/024.png,,data/datasets/mvtec/grid/train/good/024.png
mvtec,grid,train,normal,,train/good/025.png,,data/datasets/mvtec/grid/train/good/025.png
mvtec,grid,train,normal,,train/good/026.png,,data/datasets/mvtec/grid/train/good/026.png
mvtec,grid,train,normal,,train/good/027.png,,data/datasets/mvtec/grid/train/good/027.png
mvtec,grid,train,normal,,train/good/028.png,,data/datasets/mvtec/grid/train/good/028.png
mvtec,grid,train,normal,,train/good/029.png,,data/datasets/mvtec/grid/train/good/029.png
mvtec,grid,train,normal,,train/good/030.png,,data/datasets/mvtec/grid/train/good/030.png
mvtec,grid,train,normal,,train/good/031.png,,data/datasets/mvtec/grid/train/good/031.png
mvtec,grid,train,normal,,train/good/032.png,,data/datasets/mvtec/grid/train/good/032.png
mvtec,grid,train,normal,,train/good/033.png,,data/datasets/mvtec/grid/train/good/033.png
mvtec,grid,train,normal,,train/good/034.png,,data/datasets/mvtec/grid/train/good/034.png
mvtec,grid,train,normal,,train/good/035.png,,data/datasets/mvtec/grid/train/good/035.png
mvtec,grid,train,normal,,train/good/036.png,,data/datasets/mvtec/grid/train/good/036.png
mvtec,grid,train,normal,,train/good/037.png,,data/datasets/mvtec/grid/train/good/037.png
mvtec,grid,train,normal,,train/good/038.png,,data/datasets/mvtec/grid/train/good/038.png
mvtec,grid,train,normal,,train/good/039.png,,data/datasets/mvtec/grid/train/good/039.png
mvtec,grid,train,normal,,train/good/040.png,,data/datasets/mvtec/grid/train/good/040.png
mvtec,grid,train,normal,,train/good/041.png,,data/datasets/mvtec/grid/train/good/041.png
mvtec,grid,train,normal,,train/good/042.png,,data/datasets/mvtec/grid/train/good/042.png
mvtec,grid,train,normal,,train/good/043.png,,data/datasets/mvtec/grid/train/good/043.png
mvtec,grid,train,normal,,train/good/044.png,,data/datasets/mvtec/grid/train/good/044.png
mvtec,grid,train,normal,,train/good/045.png,,data/datasets/mvtec/grid/train/good/045.png
mvtec,grid,train,normal,,train/good/046.png,,data/datasets/mvtec/grid/train/good/046.png
mvtec,grid,train,normal,,train/good/047.png,,data/datasets/mvtec/grid/train/good/047.png
mvtec,grid,train,normal,,train/good/048.png,,data/datasets/mvtec/grid/train/good/048.png
mvtec,grid,train,normal,,train/good/049.png,,data/datasets/mvtec/grid/train/good/049.png
mvtec,grid,train,normal,,train/good/050.png,,data/datasets/mvtec/grid/train/good/050.png
mvtec,grid,train,normal,,train/good/051.png,,data/datasets/mvtec/grid/train/good/051.png
mvtec,grid,train,normal,,train/good/052.png,,data/datasets/mvtec/grid/train/good/052.png
mvtec,grid,train,normal,,train/good/053.png,,data/datasets/mvtec/grid/train/good/053.png
mvtec,grid,train,normal,,train/good/054.png,,data/datasets/mvtec/grid/train/good/054.png
mvtec,grid,train,normal,,train/good/055.png,,data/datasets/mvtec/grid/train/good/055.png
mvtec,grid,train,normal,,train/good/056.png,,data/datasets/mvtec/grid/train/good/056.png
mvtec,grid,train,normal,,train/good/057.png,,data/datasets/mvtec/grid/train/good/057.png
mvtec,grid,train,normal,,train/good/058.png,,data/datasets/mvtec/grid/train/good/058.png
mvtec,grid,train,normal,,train/good/059.png,,data/datasets/mvtec/grid/train/good/059.png
mvtec,grid,train,normal,,train/good/060.png,,data/datasets/mvtec/grid/train/good/060.png
mvtec,grid,train,normal,,train/good/061.png,,data/datasets/mvtec/grid/train/good/061.png
mvtec,grid,train,normal,,train/good/062.png,,data/datasets/mvtec/grid/train/good/062.png
mvtec,grid,train,normal,,train/good/063.png,,data/datasets/mvtec/grid/train/good/063.png
mvtec,grid,train,normal,,train/good/064.png,,data/datasets/mvtec/grid/train/good/064.png
mvtec,grid,train,normal,,train/good/065.png,,data/datasets/mvtec/grid/train/good/065.png
mvtec,grid,train,normal,,train/good/066.png,,data/datasets/mvtec/grid/train/good/066.png
mvtec,grid,train,normal,,train/good/067.png,,data/datasets/mvtec/grid/train/good/067.png
mvtec,grid,train,normal,,train/good/068.png,,data/datasets/mvtec/grid/train/good/068.png
mvtec,grid,train,normal,,train/good/069.png,,data/datasets/mvtec/grid/train/good/069.png
mvtec,grid,train,normal,,train/good/070.png,,data/datasets/mvtec/grid/train/good/070.png
mvtec,grid,train,normal,,train/good/071.png,,data/datasets/mvtec/grid/train/good/071.png
mvtec,grid,train,normal,,train/good/072.png,,data/datasets/mvtec/grid/train/good/072.png
mvtec,grid,train,normal,,train/good/073.png,,data/datasets/mvtec/grid/train/good/073.png
mvtec,grid,train,normal,,train/good/074.png,,data/datasets/mvtec/grid/train/good/074.png
mvtec,grid,train,normal,,train/good/075.png,,data/datasets/mvtec/grid/train/good/075.png
mvtec,grid,train,normal,,train/good/076.png,,data/datasets/mvtec/grid/train/good/076.png
mvtec,grid,train,normal,,train/good/077.png,,data/datasets/mvtec/grid/train/good/077.png
mvtec,grid,train,normal,,train/good/078.png,,data/datasets/mvtec/grid/train/good/078.png
mvtec,grid,train,normal,,train/good/079.png,,data/datasets/mvtec/grid/train/good/079.png
mvtec,grid,train,normal,,train/good/080.png,,data/datasets/mvtec/grid/train/good/080.png
mvtec,grid,train,normal,,train/good/081.png,,data/datasets/mvtec/grid/train/good/081.png
mvtec,grid,train,normal,,train/good/082.png,,data/datasets/mvtec/grid/train/good/082.png
mvtec,grid,train,normal,,train/good/083.png,,data/datasets/mvtec/grid/train/good/083.png
mvtec,grid,train,normal,,train/good/084.png,,data/datasets/mvtec/grid/train/good/084.png
mvtec,grid,train,normal,,train/good/085.png,,data/datasets/mvtec/grid/train/good/085.png
mvtec,grid,train,normal,,train/good/086.png,,data/datasets/mvtec/grid/train/good/086.png
mvtec,grid,train,normal,,train/good/087.png,,data/datasets/mvtec/grid/train/good/087.png
mvtec,grid,train,normal,,train/good/088.png,,data/datasets/mvtec/grid/train/good/088.png
mvtec,grid,train,normal,,train/good/089.png,,data/datasets/mvtec/grid/train/good/089.png
mvtec,grid,train,normal,,train/good/090.png,,data/datasets/mvtec/grid/train/good/090.png
mvtec,grid,train,normal,,train/good/091.png,,data/datasets/mvtec/grid/train/good/091.png
mvtec,grid,train,normal,,train/good/092.png,,data/datasets/mvtec/grid/train/good/092.png
mvtec,grid,train,normal,,train/good/093.png,,data/datasets/mvtec/grid/train/good/093.png
mvtec,grid,train,normal,,train/good/094.png,,data/datasets/mvtec/grid/train/good/094.png
mvtec,grid,train,normal,,train/good/095.png,,data/datasets/mvtec/grid/train/good/095.png
mvtec,grid,train,normal,,train/good/096.png,,data/datasets/mvtec/grid/train/good/096.png
mvtec,grid,train,normal,,train/good/097.png,,data/datasets/mvtec/grid/train/good/097.png
mvtec,grid,train,normal,,train/good/098.png,,data/datasets/mvtec/grid/train/good/098.png
mvtec,grid,train,normal,,train/good/099.png,,data/datasets/mvtec/grid/train/good/099.png
mvtec,grid,train,normal,,train/good/100.png,,data/datasets/mvtec/grid/train/good/100.png
mvtec,grid,train,normal,,train/good/101.png,,data/datasets/mvtec/grid/train/good/101.png
mvtec,grid,train,normal,,train/good/102.png,,data/datasets/mvtec/grid/train/good/102.png
mvtec,grid,train,normal,,train/good/103.png,,data/datasets/mvtec/grid/train/good/103.png
mvtec,grid,train,normal,,train/good/104.png,,data/datasets/mvtec/grid/train/good/104.png
mvtec,grid,train,normal,,train/good/105.png,,data/datasets/mvtec/grid/train/good/105.png
mvtec,grid,train,normal,,train/good/106.png,,data/datasets/mvtec/grid/train/good/106.png
mvtec,grid,train,normal,,train/good/107.png,,data/datasets/mvtec/grid/train/good/107.png
mvtec,grid,train,normal,,train/good/108.png,,data/datasets/mvtec/grid/train/good/108.png
mvtec,grid,train,normal,,train/good/109.png,,data/datasets/mvtec/grid/train/good/109.png
mvtec,grid,train,normal,,train/good/110.png,,data/datasets/mvtec/grid/train/good/110.png
mvtec,grid,train,normal,,train/good/111.png,,data/datasets/mvtec/grid/train/good/111.png
mvtec,grid,train,normal,,train/good/112.png,,data/datasets/mvtec/grid/train/good/112.png
mvtec,grid,train,normal,,train/good/113.png,,data/datasets/mvtec/grid/train/good/113.png
mvtec,grid,train,normal,,train/good/114.png,,data/datasets/mvtec/grid/train/good/114.png
mvtec,grid,train,normal,,train/good/115.png,,data/datasets/mvtec/grid/train/good/115.png
mvtec,grid,train,normal,,train/good/116.png,,data/datasets/mvtec/grid/train/good/116.png
mvtec,grid,train,normal,,train/good/117.png,,data/datasets/mvtec/grid/train/good/117.png
mvtec,grid,train,normal,,train/good/118.png,,data/datasets/mvtec/grid/train/good/118.png
mvtec,grid,train,normal,,train/good/119.png,,data/datasets/mvtec/grid/train/good/119.png
mvtec,grid,train,normal,,train/good/120.png,,data/datasets/mvtec/grid/train/good/120.png
mvtec,grid,train,normal,,train/good/121.png,,data/datasets/mvtec/grid/train/good/121.png
mvtec,grid,train,normal,,train/good/122.png,,data/datasets/mvtec/grid/train/good/122.png
mvtec,grid,train,normal,,train/good/123.png,,data/datasets/mvtec/grid/train/good/123.png
mvtec,grid,train,normal,,train/good/124.png,,data/datasets/mvtec/grid/train/good/124.png
mvtec,grid,train,normal,,train/good/125.png,,data/datasets/mvtec/grid/train/good/125.png
mvtec,grid,train,normal,,train/good/126.png,,data/datasets/mvtec/grid/train/good/126.png
mvtec,grid,train,normal,,train/good/127.png,,data/datasets/mvtec/grid/train/good/127.png
mvtec,grid,train,normal,,train/good/128.png,,data/datasets/mvtec/grid/train/good/128.png
mvtec,grid,train,normal,,train/good/129.png,,data/datasets/mvtec/grid/train/good/129.png
mvtec,grid,train,normal,,train/good/130.png,,data/datasets/mvtec/grid/train/good/130.png
mvtec,grid,train,normal,,train/good/131.png,,data/datasets/mvtec/grid/train/good/131.png
mvtec,grid,train,normal,,train/good/132.png,,data/datasets/mvtec/grid/train/good/132.png
mvtec,grid,train,normal,,train/good/133.png,,data/datasets/mvtec/grid/train/good/133.png
mvtec,grid,train,normal,,train/good/134.png,,data/datasets/mvtec/grid/train/good/134.png
mvtec,grid,train,normal,,train/good/135.png,,data/datasets/mvtec/grid/train/good/135.png
mvtec,grid,train,normal,,train/good/136.png,,data/datasets/mvtec/grid/train/good/136.png
mvtec,grid,train,normal,,train/good/137.png,,data/datasets/mvtec/grid/train/good/137.png
mvtec,grid,train,normal,,train/good/138.png,,data/datasets/mvtec/grid/train/good/138.png
mvtec,grid,train,normal,,train/good/139.png,,data/datasets/mvtec/grid/train/good/139.png
mvtec,grid,train,normal,,train/good/140.png,,data/datasets/mvtec/grid/train/good/140.png
mvtec,grid,train,normal,,train/good/141.png,,data/datasets/mvtec/grid/train/good/141.png
mvtec,grid,train,normal,,train/good/142.png,,data/datasets/mvtec/grid/train/good/142.png
mvtec,grid,train,normal,,train/good/143.png,,data/datasets/mvtec/grid/train/good/143.png
mvtec,grid,train,normal,,train/good/144.png,,data/datasets/mvtec/grid/train/good/144.png
mvtec,grid,train,normal,,train/good/145.png,,data/datasets/mvtec/grid/train/good/145.png
mvtec,grid,train,normal,,train/good/146.png,,data/datasets/mvtec/grid/train/good/146.png
mvtec,grid,train,normal,,train/good/147.png,,data/datasets/mvtec/grid/train/good/147.png
mvtec,grid,train,normal,,train/good/148.png,,data/datasets/mvtec/grid/train/good/148.png
mvtec,grid,train,normal,,train/good/149.png,,data/datasets/mvtec/grid/train/good/149.png
mvtec,grid,train,normal,,train/good/150.png,,data/datasets/mvtec/grid/train/good/150.png
mvtec,grid,train,normal,,train/good/151.png,,data/datasets/mvtec/grid/train/good/151.png
mvtec,grid,train,normal,,train/good/152.png,,data/datasets/mvtec/grid/train/good/152.png
mvtec,grid,train,normal,,train/good/153.png,,data/datasets/mvtec/grid/train/good/153.png
mvtec,grid,train,normal,,train/good/154.png,,data/datasets/mvtec/grid/train/good/154.png
mvtec,grid,train,normal,,train/good/155.png,,data/datasets/mvtec/grid/train/good/155.png
mvtec,grid,train,normal,,train/good/156.png,,data/datasets/mvtec/grid/train/good/156.png
mvtec,grid,train,normal,,train/good/157.png,,data/datasets/mvtec/grid/train/good/157.png
mvtec,grid,train,normal,,train/good/158.png,,data/datasets/mvtec/grid/train/good/158.png
mvtec,grid,train,normal,,train/good/159.png,,data/datasets/mvtec/grid/train/good/159.png
mvtec,grid,train,normal,,train/good/160.png,,data/datasets/mvtec/grid/train/good/160.png
mvtec,grid,train,normal,,train/good/161.png,,data/datasets/mvtec/grid/train/good/161.png
mvtec,grid,train,normal,,train/good/162.png,,data/datasets/mvtec/grid/train/good/162.png
mvtec,grid,train,normal,,train/good/163.png,,data/datasets/mvtec/grid/train/good/163.png
mvtec,grid,train,normal,,train/good/164.png,,data/datasets/mvtec/grid/train/good/164.png
mvtec,grid,train,normal,,train/good/165.png,,data/datasets/mvtec/grid/train/good/165.png
mvtec,grid,train,normal,,train/good/166.png,,data/datasets/mvtec/grid/train/good/166.png
mvtec,grid,train,normal,,train/good/167.png,,data/datasets/mvtec/grid/train/good/167.png
mvtec,grid,train,normal,,train/good/168.png,,data/datasets/mvtec/grid/train/good/168.png
mvtec,grid,train,normal,,train/good/169.png,,data/datasets/mvtec/grid/train/good/169.png
mvtec,grid,train,normal,,train/good/170.png,,data/datasets/mvtec/grid/train/good/170.png
mvtec,grid,train,normal,,train/good/171.png,,data/datasets/mvtec/grid/train/good/171.png
mvtec,grid,train,normal,,train/good/172.png,,data/datasets/mvtec/grid/train/good/172.png
mvtec,grid,train,normal,,train/good/173.png,,data/datasets/mvtec/grid/train/good/173.png
mvtec,grid,train,normal,,train/good/174.png,,data/datasets/mvtec/grid/train/good/174.png
mvtec,grid,train,normal,,train/good/175.png,,data/datasets/mvtec/grid/train/good/175.png
mvtec,grid,train,normal,,train/good/176.png,,data/datasets/mvtec/grid/train/good/176.png
mvtec,grid,train,normal,,train/good/177.png,,data/datasets/mvtec/grid/train/good/177.png
mvtec,grid,train,normal,,train/good/178.png,,data/datasets/mvtec/grid/train/good/178.png
mvtec,grid,train,normal,,train/good/179.png,,data/datasets/mvtec/grid/train/good/179.png
mvtec,grid,train,normal,,train/good/180.png,,data/datasets/mvtec/grid/train/good/180.png
mvtec,grid,train,normal,,train/good/181.png,,data/datasets/mvtec/grid/train/good/181.png
mvtec,grid,train,normal,,train/good/182.png,,data/datasets/mvtec/grid/train/good/182.png
mvtec,grid,train,normal,,train/good/183.png,,data/datasets/mvtec/grid/train/good/183.png
mvtec,grid,train,normal,,train/good/184.png,,data/datasets/mvtec/grid/train/good/184.png
mvtec,grid,train,normal,,train/good/185.png,,data/datasets/mvtec/grid/train/good/185.png
mvtec,grid,train,normal,,train/good/186.png,,data/datasets/mvtec/grid/train/good/186.png
mvtec,grid,train,normal,,train/good/187.png,,data/datasets/mvtec/grid/train/good/187.png
mvtec,grid,train,normal,,train/good/188.png,,data/datasets/mvtec/grid/train/good/188.png
mvtec,grid,train,normal,,train/good/189.png,,data/datasets/mvtec/grid/train/good/189.png
mvtec,grid,train,normal,,train/good/190.png,,data/datasets/mvtec/grid/train/good/190.png
mvtec,grid,train,normal,,train/good/191.png,,data/datasets/mvtec/grid/train/good/191.png
mvtec,grid,train,normal,,train/good/192.png,,data/datasets/mvtec/grid/train/good/192.png
mvtec,grid,train,normal,,train/good/193.png,,data/datasets/mvtec/grid/train/good/193.png
mvtec,grid,train,normal,,train/good/194.png,,data/datasets/mvtec/grid/train/good/194.png
mvtec,grid,train,normal,,train/good/195.png,,data/datasets/mvtec/grid/train/good/195.png
mvtec,grid,train,normal,,train/good/196.png,,data/datasets/mvtec/grid/train/good/196.png
mvtec,grid,train,normal,,train/good/197.png,,data/datasets/mvtec/grid/train/good/197.png
mvtec,grid,train,normal,,train/good/198.png,,data/datasets/mvtec/grid/train/good/198.png
mvtec,grid,train,normal,,train/good/199.png,,data/datasets/mvtec/grid/train/good/199.png
mvtec,grid,train,normal,,train/good/200.png,,data/datasets/mvtec/grid/train/good/200.png
mvtec,grid,train,normal,,train/good/201.png,,data/datasets/mvtec/grid/train/good/201.png
mvtec,grid,train,normal,,train/good/202.png,,data/datasets/mvtec/grid/train/good/202.png
mvtec,grid,train,normal,,train/good/203.png,,data/datasets/mvtec/grid/train/good/203.png
mvtec,grid,train,normal,,train/good/204.png,,data/datasets/mvtec/grid/train/good/204.png
mvtec,grid,train,normal,,train/good/205.png,,data/datasets/mvtec/grid/train/good/205.png
mvtec,grid,train,normal,,train/good/206.png,,data/datasets/mvtec/grid/train/good/206.png
mvtec,grid,train,normal,,train/good/207.png,,data/datasets/mvtec/grid/train/good/207.png
mvtec,grid,train,normal,,train/good/208.png,,data/datasets/mvtec/grid/train/good/208.png
mvtec,grid,train,normal,,train/good/209.png,,data/datasets/mvtec/grid/train/good/209.png
mvtec,grid,train,normal,,train/good/210.png,,data/datasets/mvtec/grid/train/good/210.png
mvtec,grid,train,normal,,train/good/211.png,,data/datasets/mvtec/grid/train/good/211.png
mvtec,grid,train,normal,,train/good/212.png,,data/datasets/mvtec/grid/train/good/212.png
mvtec,grid,train,normal,,train/good/213.png,,data/datasets/mvtec/grid/train/good/213.png
mvtec,grid,train,normal,,train/good/214.png,,data/datasets/mvtec/grid/train/good/214.png
mvtec,grid,train,normal,,train/good/215.png,,data/datasets/mvtec/grid/train/good/215.png
mvtec,grid,train,normal,,train/good/216.png,,data/datasets/mvtec/grid/train/good/216.png
mvtec,grid,train,normal,,train/good/217.png,,data/datasets/mvtec/grid/train/good/217.png
mvtec,grid,train,normal,,train/good/218.png,,data/datasets/mvtec/grid/train/good/218.png
mvtec,grid,train,normal,,train/good/219.png,,data/datasets/mvtec/grid/train/good/219.png
mvtec,grid,train,normal,,train/good/220.png,,data/datasets/mvtec/grid/train/good/220.png
mvtec,grid,train,normal,,train/good/221.png,,data/datasets/mvtec/grid/train/good/221.png
mvtec,grid,train,normal,,train/good/222.png,,data/datasets/mvtec/grid/train/good/222.png
mvtec,grid,train,normal,,train/good/223.png,,data/datasets/mvtec/grid/train/good/223.png
mvtec,grid,train,normal,,train/good/224.png,,data/datasets/mvtec/grid/train/good/224.png
mvtec,grid,train,normal,,train/good/225.png,,data/datasets/mvtec/grid/train/good/225.png
mvtec,grid,train,normal,,train/good/226.png,,data/datasets/mvtec/grid/train/good/226.png
mvtec,grid,train,normal,,train/good/227.png,,data/datasets/mvtec/grid/train/good/227.png
mvtec,grid,train,normal,,train/good/228.png,,data/datasets/mvtec/grid/train/good/228.png
mvtec,grid,train,normal,,train/good/229.png,,data/datasets/mvtec/grid/train/good/229.png
mvtec,grid,train,normal,,train/good/230.png,,data/datasets/mvtec/grid/train/good/230.png
mvtec,grid,train,normal,,train/good/231.png,,data/datasets/mvtec/grid/train/good/231.png
mvtec,grid,train,normal,,train/good/232.png,,data/datasets/mvtec/grid/train/good/232.png
mvtec,grid,train,normal,,train/good/233.png,,data/datasets/mvtec/grid/train/good/233.png
mvtec,grid,train,normal,,train/good/234.png,,data/datasets/mvtec/grid/train/good/234.png
mvtec,grid,train,normal,,train/good/235.png,,data/datasets/mvtec/grid/train/good/235.png
mvtec,grid,train,normal,,train/good/236.png,,data/datasets/mvtec/grid/train/good/236.png
mvtec,grid,train,normal,,train/good/237.png,,data/datasets/mvtec/grid/train/good/237.png
mvtec,grid,train,normal,,train/good/238.png,,data/datasets/mvtec/grid/train/good/238.png
mvtec,grid,train,normal,,train/good/239.png,,data/datasets/mvtec/grid/train/good/239.png
mvtec,grid,train,normal,,train/good/240.png,,data/datasets/mvtec/grid/train/good/240.png
mvtec,grid,train,normal,,train/good/241.png,,data/datasets/mvtec/grid/train/good/241.png
mvtec,grid,train,normal,,train/good/242.png,,data/datasets/mvtec/grid/train/good/242.png
mvtec,grid,train,normal,,train/good/243.png,,data/datasets/mvtec/grid/train/good/243.png
mvtec,grid,train,normal,,train/good/244.png,,data/datasets/mvtec/grid/train/good/244.png
mvtec,grid,train,normal,,train/good/245.png,,data/datasets/mvtec/grid/train/good/245.png
mvtec,grid,train,normal,,train/good/246.png,,data/datasets/mvtec/grid/train/good/246.png
mvtec,grid,train,normal,,train/good/247.png,,data/datasets/mvtec/grid/train/good/247.png
mvtec,grid,train,normal,,train/good/248.png,,data/datasets/mvtec/grid/train/good/248.png
mvtec,grid,train,normal,,train/good/249.png,,data/datasets/mvtec/grid/train/good/249.png
mvtec,grid,train,normal,,train/good/250.png,,data/datasets/mvtec/grid/train/good/250.png
mvtec,grid,train,normal,,train/good/251.png,,data/datasets/mvtec/grid/train/good/251.png
mvtec,grid,train,normal,,train/good/252.png,,data/datasets/mvtec/grid/train/good/252.png
mvtec,grid,train,normal,,train/good/253.png,,data/datasets/mvtec/grid/train/good/253.png
mvtec,grid,train,normal,,train/good/254.png,,data/datasets/mvtec/grid/train/good/254.png
mvtec,grid,train,normal,,train/good/255.png,,data/datasets/mvtec/grid/train/good/255.png
mvtec,grid,train,normal,,train/good/256.png,,data/datasets/mvtec/grid/train/good/256.png
mvtec,grid,train,normal,,train/good/257.png,,data/datasets/mvtec/grid/train/good/257.png
mvtec,grid,train,normal,,train/good/258.png,,data/datasets/mvtec/grid/train/good/258.png
mvtec,grid,train,normal,,train/good/259.png,,data/datasets/mvtec/grid/train/good/259.png
mvtec,grid,train,normal,,train/good/260.png,,data/datasets/mvtec/grid/train/good/260.png
mvtec,grid,train,normal,,train/good/261.png,,data/datasets/mvtec/grid/train/good/261.png
mvtec,grid,train,normal,,train/good/262.png,,data/datasets/mvtec/grid/train/good/262.png
mvtec,grid,train,normal,,train/good/263.png,,data/datasets/mvtec/grid/train/good/263.png
mvtec,grid,train,anomaly,bent,train/anomaly/bent_001.png,train/masks/bent_001.png,data/datasets/mvtec/grid/test/bent/001.png
mvtec,grid,train,anomaly,bent,train/anomaly/bent_002.png,train/masks/bent_002.png,data/datasets/mvtec/grid/test/bent/002.png
mvtec,grid,train,anomaly,bent,train/anomaly/bent_003.png,train/masks/bent_003.png,data/datasets/mvtec/grid/test/bent/003.png
mvtec,grid,train,anomaly,bent,train/anomaly/bent_005.png,train/masks/bent_005.png,data/datasets/mvtec/grid/test/bent/005.png
mvtec,grid,train,anomaly,bent,train/anomaly/bent_008.png,train/masks/bent_008.png,data/datasets/mvtec/grid/test/bent/008.png
mvtec,grid,train,anomaly,bent,train/anomaly/bent_009.png,train/masks/bent_009.png,data/datasets/mvtec/grid/test/bent/009.png
mvtec,grid,train,anomaly,bent,train/anomaly/bent_010.png,train/masks/bent_010.png,data/datasets/mvtec/grid/test/bent/010.png
mvtec,grid,train,anomaly,glue,train/anomaly/glue_002.png,train/masks/glue_002.png,data/datasets/mvtec/grid/test/glue/002.png
mvtec,grid,train,anomaly,glue,train/anomaly/glue_003.png,train/masks/glue_003.png,data/datasets/mvtec/grid/test/glue/003.png
mvtec,grid,train,anomaly,glue,train/anomaly/glue_007.png,train/masks/glue_007.png,data/datasets/mvtec/grid/test/glue/007.png
mvtec,grid,train,anomaly,glue,train/anomaly/glue_008.png,train/masks/glue_008.png,data/datasets/mvtec/grid/test/glue/008.png
mvtec,grid,train,anomaly,glue,train/anomaly/glue_009.png,train/masks/glue_009.png,data/datasets/mvtec/grid/test/glue/009.png
mvtec,grid,train,anomaly,glue,train/anomaly/glue_010.png,train/masks/glue_010.png,data/datasets/mvtec/grid/test/glue/010.png
mvtec,grid,train,anomaly,metal_contamination,train/anomaly/metal_contamination_001.png,train/masks/metal_contamination_001.png,data/datasets/mvtec/grid/test/metal_contamination/001.png
mvtec,grid,train,anomaly,metal_contamination,train/anomaly/metal_contamination_002.png,train/masks/metal_contamination_002.png,data/datasets/mvtec/grid/test/metal_contamination/002.png
mvtec,grid,train,anomaly,metal_contamination,train/anomaly/metal_contamination_003.png,train/masks/metal_contamination_003.png,data/datasets/mvtec/grid/test/metal_contamination/003.png
mvtec,grid,train,anomaly,metal_contamination,train/anomaly/metal_contamination_005.png,train/masks/metal_contamination_005.png,data/datasets/mvtec/grid/test/metal_contamination/005.png
mvtec,grid,train,anomaly,metal_contamination,train/anomaly/metal_contamination_007.png,train/masks/metal_contamination_007.png,data/datasets/mvtec/grid/test/metal_contamination/007.png
mvtec,grid,train,anomaly,metal_contamination,train/anomaly/metal_contamination_009.png,train/masks/metal_contamination_009.png,data/datasets/mvtec/grid/test/metal_contamination/009.png
mvtec,grid,train,anomaly,metal_contamination,train/anomaly/metal_contamination_010.png,train/masks/metal_contamination_010.png,data/datasets/mvtec/grid/test/metal_contamination/010.png
mvtec,grid,train,anomaly,thread,train/anomaly/thread_000.png,train/masks/thread_000.png,data/datasets/mvtec/grid/test/thread/000.png
mvtec,grid,train,anomaly,thread,train/anomaly/thread_002.png,train/masks/thread_002.png,data/datasets/mvtec/grid/test/thread/002.png
mvtec,grid,train,anomaly,thread,train/anomaly/thread_003.png,train/masks/thread_003.png,data/datasets/mvtec/grid/test/thread/003.png
mvtec,grid,train,anomaly,thread,train/anomaly/thread_005.png,train/masks/thread_005.png,data/datasets/mvtec/grid/test/thread/005.png
mvtec,grid,train,anomaly,thread,train/anomaly/thread_007.png,train/masks/thread_007.png,data/datasets/mvtec/grid/test/thread/007.png
mvtec,grid,train,anomaly,thread,train/anomaly/thread_009.png,train/masks/thread_009.png,data/datasets/mvtec/grid/test/thread/009.png
mvtec,grid,test,normal,,test/good/000.png,,data/datasets/mvtec/grid/test/good/000.png
mvtec,grid,test,normal,,test/good/001.png,,data/datasets/mvtec/grid/test/good/001.png
mvtec,grid,test,normal,,test/good/002.png,,data/datasets/mvtec/grid/test/good/002.png
mvtec,grid,test,normal,,test/good/003.png,,data/datasets/mvtec/grid/test/good/003.png
mvtec,grid,test,normal,,test/good/004.png,,data/datasets/mvtec/grid/test/good/004.png
mvtec,grid,test,normal,,test/good/005.png,,data/datasets/mvtec/grid/test/good/005.png
mvtec,grid,test,normal,,test/good/006.png,,data/datasets/mvtec/grid/test/good/006.png
mvtec,grid,test,normal,,test/good/007.png,,data/datasets/mvtec/grid/test/good/007.png
mvtec,grid,test,normal,,test/good/008.png,,data/datasets/mvtec/grid/test/good/008.png
mvtec,grid,test,normal,,test/good/009.png,,data/datasets/mvtec/grid/test/good/009.png
mvtec,grid,test,normal,,test/good/010.png,,data/datasets/mvtec/grid/test/good/010.png
mvtec,grid,test,normal,,test/good/011.png,,data/datasets/mvtec/grid/test/good/011.png
mvtec,grid,test,normal,,test/good/012.png,,data/datasets/mvtec/grid/test/good/012.png
mvtec,grid,test,normal,,test/good/013.png,,data/datasets/mvtec/grid/test/good/013.png
mvtec,grid,test,normal,,test/good/014.png,,data/datasets/mvtec/grid/test/good/014.png
mvtec,grid,test,normal,,test/good/015.png,,data/datasets/mvtec/grid/test/good/015.png
mvtec,grid,test,normal,,test/good/016.png,,data/datasets/mvtec/grid/test/good/016.png
mvtec,grid,test,normal,,test/good/017.png,,data/datasets/mvtec/grid/test/good/017.png
mvtec,grid,test,normal,,test/good/018.png,,data/datasets/mvtec/grid/test/good/018.png
mvtec,grid,test,normal,,test/good/019.png,,data/datasets/mvtec/grid/test/good/019.png
mvtec,grid,test,normal,,test/good/020.png,,data/datasets/mvtec/grid/test/good/020.png
mvtec,grid,test,anomaly,bent,test/anomaly/bent_000.png,test/masks/bent_000.png,data/datasets/mvtec/grid/test/bent/000.png
mvtec,grid,test,anomaly,bent,test/anomaly/bent_004.png,test/masks/bent_004.png,data/datasets/mvtec/grid/test/bent/004.png
mvtec,grid,test,anomaly,bent,test/anomaly/bent_006.png,test/masks/bent_006.png,data/datasets/mvtec/grid/test/bent/006.png
mvtec,grid,test,anomaly,bent,test/anomaly/bent_007.png,test/masks/bent_007.png,data/datasets/mvtec/grid/test/bent/007.png
mvtec,grid,test,anomaly,bent,test/anomaly/bent_011.png,test/masks/bent_011.png,data/datasets/mvtec/grid/test/bent/011.png
mvtec,grid,test,anomaly,broken,test/anomaly/broken_000.png,test/masks/broken_000.png,data/datasets/mvtec/grid/test/broken/000.png
mvtec,grid,test,anomaly,broken,test/anomaly/broken_001.png,test/masks/broken_001.png,data/datasets/mvtec/grid/test/broken/001.png
mvtec,grid,test,anomaly,broken,test/anomaly/broken_002.png,test/masks/broken_002.png,data/datasets/mvtec/grid/test/broken/002.png
mvtec,grid,test,anomaly,broken,test/anomaly/broken_003.png,test/masks/broken_003.png,data/datasets/mvtec/grid/test/broken/003.png
mvtec,grid,test,anomaly,broken,test/anomaly/broken_004.png,test/masks/broken_004.png,data/datasets/mvtec/grid/test/broken/004.png
mvtec,grid,test,anomaly,broken,test/anomaly/broken_005.png,test/masks/broken_005.png,data/datasets/mvtec/grid/test/broken/005.png
mvtec,grid,test,anomaly,broken,test/anomaly/broken_006.png,test/masks/broken_006.png,data/datasets/mvtec/grid/test/broken/006.png
mvtec,grid,test,anomaly,broken,test/anomaly/broken_007.png,test/masks/broken_007.png,data/datasets/mvtec/grid/test/broken/007.png
mvtec,grid,test,anomaly,broken,test/anomaly/broken_008.png,test/masks/broken_008.png,data/datasets/mvtec/grid/test/broken/008.png
mvtec,grid,test,anomaly,broken,test/anomaly/broken_009.png,test/masks/broken_009.png,data/datasets/mvtec/grid/test/broken/009.png
mvtec,grid,test,anomaly,broken,test/anomaly/broken_010.png,test/masks/broken_010.png,data/datasets/mvtec/grid/test/broken/010.png
mvtec,grid,test,anomaly,broken,test/anomaly/broken_011.png,test/masks/broken_011.png,data/datasets/mvtec/grid/test/broken/011.png
mvtec,grid,test,anomaly,glue,test/anomaly/glue_000.png,test/masks/glue_000.png,data/datasets/mvtec/grid/test/glue/000.png
mvtec,grid,test,anomaly,glue,test/anomaly/glue_001.png,test/masks/glue_001.png,data/datasets/mvtec/grid/test/glue/001.png
mvtec,grid,test,anomaly,glue,test/anomaly/glue_004.png,test/masks/glue_004.png,data/datasets/mvtec/grid/test/glue/004.png
mvtec,grid,test,anomaly,glue,test/anomaly/glue_005.png,test/masks/glue_005.png,data/datasets/mvtec/grid/test/glue/005.png
mvtec,grid,test,anomaly,glue,test/anomaly/glue_006.png,test/masks/glue_006.png,data/datasets/mvtec/grid/test/glue/006.png
mvtec,grid,test,anomaly,metal_contamination,test/anomaly/metal_contamination_000.png,test/masks/metal_contamination_000.png,data/datasets/mvtec/grid/test/metal_contamination/000.png
mvtec,grid,test,anomaly,metal_contamination,test/anomaly/metal_contamination_004.png,test/masks/metal_contamination_004.png,data/datasets/mvtec/grid/test/metal_contamination/004.png
mvtec,grid,test,anomaly,metal_contamination,test/anomaly/metal_contamination_006.png,test/masks/metal_contamination_006.png,data/datasets/mvtec/grid/test/metal_contamination/006.png
mvtec,grid,test,anomaly,metal_contamination,test/anomaly/metal_contamination_008.png,test/masks/metal_contamination_008.png,data/datasets/mvtec/grid/test/metal_contamination/008.png
mvtec,grid,test,anomaly,thread,test/anomaly/thread_001.png,test/masks/thread_001.png,data/datasets/mvtec/grid/test/thread/001.png
mvtec,grid,test,anomaly,thread,test/anomaly/thread_004.png,test/masks/thread_004.png,data/datasets/mvtec/grid/test/thread/004.png
mvtec,grid,test,anomaly,thread,test/anomaly/thread_006.png,test/masks/thread_006.png,data/datasets/mvtec/grid/test/thread/006.png
mvtec,grid,test,anomaly,thread,test/anomaly/thread_008.png,test/masks/thread_008.png,data/datasets/mvtec/grid/test/thread/008.png
mvtec,grid,test,anomaly,thread,test/anomaly/thread_010.png,test/masks/thread_010.png,data/datasets/mvtec/grid/test/thread/010.png
mvtec,leather,train,normal,,train/good/000.png,,data/datasets/mvtec/leather/train/good/000.png
mvtec,leather,train,normal,,train/good/001.png,,data/datasets/mvtec/leather/train/good/001.png
mvtec,leather,train,normal,,train/good/002.png,,data/datasets/mvtec/leather/train/good/002.png
mvtec,leather,train,normal,,train/good/003.png,,data/datasets/mvtec/leather/train/good/003.png
mvtec,leather,train,normal,,train/good/004.png,,data/datasets/mvtec/leather/train/good/004.png
mvtec,leather,train,normal,,train/good/005.png,,data/datasets/mvtec/leather/train/good/005.png
mvtec,leather,train,normal,,train/good/006.png,,data/datasets/mvtec/leather/train/good/006.png
mvtec,leather,train,normal,,train/good/007.png,,data/datasets/mvtec/leather/train/good/007.png
mvtec,leather,train,normal,,train/good/008.png,,data/datasets/mvtec/leather/train/good/008.png
mvtec,leather,train,normal,,train/good/009.png,,data/datasets/mvtec/leather/train/good/009.png
mvtec,leather,train,normal,,train/good/010.png,,data/datasets/mvtec/leather/train/good/010.png
mvtec,leather,train,normal,,train/good/011.png,,data/datasets/mvtec/leather/train/good/011.png
mvtec,leather,train,normal,,train/good/012.png,,data/datasets/mvtec/leather/train/good/012.png
mvtec,leather,train,normal,,train/good/013.png,,data/datasets/mvtec/leather/train/good/013.png
mvtec,leather,train,normal,,train/good/014.png,,data/datasets/mvtec/leather/train/good/014.png
mvtec,leather,train,normal,,train/good/015.png,,data/datasets/mvtec/leather/train/good/015.png
mvtec,leather,train,normal,,train/good/016.png,,data/datasets/mvtec/leather/train/good/016.png
mvtec,leather,train,normal,,train/good/017.png,,data/datasets/mvtec/leather/train/good/017.png
mvtec,leather,train,normal,,train/good/018.png,,data/datasets/mvtec/leather/train/good/018.png
mvtec,leather,train,normal,,train/good/019.png,,data/datasets/mvtec/leather/train/good/019.png
mvtec,leather,train,normal,,train/good/020.png,,data/datasets/mvtec/leather/train/good/020.png
mvtec,leather,train,normal,,train/good/021.png,,data/datasets/mvtec/leather/train/good/021.png
mvtec,leather,train,normal,,train/good/022.png,,data/datasets/mvtec/leather/train/good/022.png
mvtec,leather,train,normal,,train/good/023.png,,data/datasets/mvtec/leather/train/good/023.png
mvtec,leather,train,normal,,train/good/024.png,,data/datasets/mvtec/leather/train/good/024.png
mvtec,leather,train,normal,,train/good/025.png,,data/datasets/mvtec/leather/train/good/025.png
mvtec,leather,train,normal,,train/good/026.png,,data/datasets/mvtec/leather/train/good/026.png
mvtec,leather,train,normal,,train/good/027.png,,data/datasets/mvtec/leather/train/good/027.png
mvtec,leather,train,normal,,train/good/028.png,,data/datasets/mvtec/leather/train/good/028.png
mvtec,leather,train,normal,,train/good/029.png,,data/datasets/mvtec/leather/train/good/029.png
mvtec,leather,train,normal,,train/good/030.png,,data/datasets/mvtec/leather/train/good/030.png
mvtec,leather,train,normal,,train/good/031.png,,data/datasets/mvtec/leather/train/good/031.png
mvtec,leather,train,normal,,train/good/032.png,,data/datasets/mvtec/leather/train/good/032.png
mvtec,leather,train,normal,,train/good/033.png,,data/datasets/mvtec/leather/train/good/033.png
mvtec,leather,train,normal,,train/good/034.png,,data/datasets/mvtec/leather/train/good/034.png
mvtec,leather,train,normal,,train/good/035.png,,data/datasets/mvtec/leather/train/good/035.png
mvtec,leather,train,normal,,train/good/036.png,,data/datasets/mvtec/leather/train/good/036.png
mvtec,leather,train,normal,,train/good/037.png,,data/datasets/mvtec/leather/train/good/037.png
mvtec,leather,train,normal,,train/good/038.png,,data/datasets/mvtec/leather/train/good/038.png
mvtec,leather,train,normal,,train/good/039.png,,data/datasets/mvtec/leather/train/good/039.png
mvtec,leather,train,normal,,train/good/040.png,,data/datasets/mvtec/leather/train/good/040.png
mvtec,leather,train,normal,,train/good/041.png,,data/datasets/mvtec/leather/train/good/041.png
mvtec,leather,train,normal,,train/good/042.png,,data/datasets/mvtec/leather/train/good/042.png
mvtec,leather,train,normal,,train/good/043.png,,data/datasets/mvtec/leather/train/good/043.png
mvtec,leather,train,normal,,train/good/044.png,,data/datasets/mvtec/leather/train/good/044.png
mvtec,leather,train,normal,,train/good/045.png,,data/datasets/mvtec/leather/train/good/045.png
mvtec,leather,train,normal,,train/good/046.png,,data/datasets/mvtec/leather/train/good/046.png
mvtec,leather,train,normal,,train/good/047.png,,data/datasets/mvtec/leather/train/good/047.png
mvtec,leather,train,normal,,train/good/048.png,,data/datasets/mvtec/leather/train/good/048.png
mvtec,leather,train,normal,,train/good/049.png,,data/datasets/mvtec/leather/train/good/049.png
mvtec,leather,train,normal,,train/good/050.png,,data/datasets/mvtec/leather/train/good/050.png
mvtec,leather,train,normal,,train/good/051.png,,data/datasets/mvtec/leather/train/good/051.png
mvtec,leather,train,normal,,train/good/052.png,,data/datasets/mvtec/leather/train/good/052.png
mvtec,leather,train,normal,,train/good/053.png,,data/datasets/mvtec/leather/train/good/053.png
mvtec,leather,train,normal,,train/good/054.png,,data/datasets/mvtec/leather/train/good/054.png
mvtec,leather,train,normal,,train/good/055.png,,data/datasets/mvtec/leather/train/good/055.png
mvtec,leather,train,normal,,train/good/056.png,,data/datasets/mvtec/leather/train/good/056.png
mvtec,leather,train,normal,,train/good/057.png,,data/datasets/mvtec/leather/train/good/057.png
mvtec,leather,train,normal,,train/good/058.png,,data/datasets/mvtec/leather/train/good/058.png
mvtec,leather,train,normal,,train/good/059.png,,data/datasets/mvtec/leather/train/good/059.png
mvtec,leather,train,normal,,train/good/060.png,,data/datasets/mvtec/leather/train/good/060.png
mvtec,leather,train,normal,,train/good/061.png,,data/datasets/mvtec/leather/train/good/061.png
mvtec,leather,train,normal,,train/good/062.png,,data/datasets/mvtec/leather/train/good/062.png
mvtec,leather,train,normal,,train/good/063.png,,data/datasets/mvtec/leather/train/good/063.png
mvtec,leather,train,normal,,train/good/064.png,,data/datasets/mvtec/leather/train/good/064.png
mvtec,leather,train,normal,,train/good/065.png,,data/datasets/mvtec/leather/train/good/065.png
mvtec,leather,train,normal,,train/good/066.png,,data/datasets/mvtec/leather/train/good/066.png
mvtec,leather,train,normal,,train/good/067.png,,data/datasets/mvtec/leather/train/good/067.png
mvtec,leather,train,normal,,train/good/068.png,,data/datasets/mvtec/leather/train/good/068.png
mvtec,leather,train,normal,,train/good/069.png,,data/datasets/mvtec/leather/train/good/069.png
mvtec,leather,train,normal,,train/good/070.png,,data/datasets/mvtec/leather/train/good/070.png
mvtec,leather,train,normal,,train/good/071.png,,data/datasets/mvtec/leather/train/good/071.png
mvtec,leather,train,normal,,train/good/072.png,,data/datasets/mvtec/leather/train/good/072.png
mvtec,leather,train,normal,,train/good/073.png,,data/datasets/mvtec/leather/train/good/073.png
mvtec,leather,train,normal,,train/good/074.png,,data/datasets/mvtec/leather/train/good/074.png
mvtec,leather,train,normal,,train/good/075.png,,data/datasets/mvtec/leather/train/good/075.png
mvtec,leather,train,normal,,train/good/076.png,,data/datasets/mvtec/leather/train/good/076.png
mvtec,leather,train,normal,,train/good/077.png,,data/datasets/mvtec/leather/train/good/077.png
mvtec,leather,train,normal,,train/good/078.png,,data/datasets/mvtec/leather/train/good/078.png
mvtec,leather,train,normal,,train/good/079.png,,data/datasets/mvtec/leather/train/good/079.png
mvtec,leather,train,normal,,train/good/080.png,,data/datasets/mvtec/leather/train/good/080.png
mvtec,leather,train,normal,,train/good/081.png,,data/datasets/mvtec/leather/train/good/081.png
mvtec,leather,train,normal,,train/good/082.png,,data/datasets/mvtec/leather/train/good/082.png
mvtec,leather,train,normal,,train/good/083.png,,data/datasets/mvtec/leather/train/good/083.png
mvtec,leather,train,normal,,train/good/084.png,,data/datasets/mvtec/leather/train/good/084.png
mvtec,leather,train,normal,,train/good/085.png,,data/datasets/mvtec/leather/train/good/085.png
mvtec,leather,train,normal,,train/good/086.png,,data/datasets/mvtec/leather/train/good/086.png
mvtec,leather,train,normal,,train/good/087.png,,data/datasets/mvtec/leather/train/good/087.png
mvtec,leather,train,normal,,train/good/088.png,,data/datasets/mvtec/leather/train/good/088.png
mvtec,leather,train,normal,,train/good/089.png,,data/datasets/mvtec/leather/train/good/089.png
mvtec,leather,train,normal,,train/good/090.png,,data/datasets/mvtec/leather/train/good/090.png
mvtec,leather,train,normal,,train/good/091.png,,data/datasets/mvtec/leather/train/good/091.png
mvtec,leather,train,normal,,train/good/092.png,,data/datasets/mvtec/leather/train/good/092.png
mvtec,leather,train,normal,,train/good/093.png,,data/datasets/mvtec/leather/train/good/093.png
mvtec,leather,train,normal,,train/good/094.png,,data/datasets/mvtec/leather/train/good/094.png
mvtec,leather,train,normal,,train/good/095.png,,data/datasets/mvtec/leather/train/good/095.png
mvtec,leather,train,normal,,train/good/096.png,,data/datasets/mvtec/leather/train/good/096.png
mvtec,leather,train,normal,,train/good/097.png,,data/datasets/mvtec/leather/train/good/097.png
mvtec,leather,train,normal,,train/good/098.png,,data/datasets/mvtec/leather/train/good/098.png
mvtec,leather,train,normal,,train/good/099.png,,data/datasets/mvtec/leather/train/good/099.png
mvtec,leather,train,normal,,train/good/100.png,,data/datasets/mvtec/leather/train/good/100.png
mvtec,leather,train,normal,,train/good/101.png,,data/datasets/mvtec/leather/train/good/101.png
mvtec,leather,train,normal,,train/good/102.png,,data/datasets/mvtec/leather/train/good/102.png
mvtec,leather,train,normal,,train/good/103.png,,data/datasets/mvtec/leather/train/good/103.png
mvtec,leather,train,normal,,train/good/104.png,,data/datasets/mvtec/leather/train/good/104.png
mvtec,leather,train,normal,,train/good/105.png,,data/datasets/mvtec/leather/train/good/105.png
mvtec,leather,train,normal,,train/good/106.png,,data/datasets/mvtec/leather/train/good/106.png
mvtec,leather,train,normal,,train/good/107.png,,data/datasets/mvtec/leather/train/good/107.png
mvtec,leather,train,normal,,train/good/108.png,,data/datasets/mvtec/leather/train/good/108.png
mvtec,leather,train,normal,,train/good/109.png,,data/datasets/mvtec/leather/train/good/109.png
mvtec,leather,train,normal,,train/good/110.png,,data/datasets/mvtec/leather/train/good/110.png
mvtec,leather,train,normal,,train/good/111.png,,data/datasets/mvtec/leather/train/good/111.png
mvtec,leather,train,normal,,train/good/112.png,,data/datasets/mvtec/leather/train/good/112.png
mvtec,leather,train,normal,,train/good/113.png,,data/datasets/mvtec/leather/train/good/113.png
mvtec,leather,train,normal,,train/good/114.png,,data/datasets/mvtec/leather/train/good/114.png
mvtec,leather,train,normal,,train/good/115.png,,data/datasets/mvtec/leather/train/good/115.png
mvtec,leather,train,normal,,train/good/116.png,,data/datasets/mvtec/leather/train/good/116.png
mvtec,leather,train,normal,,train/good/117.png,,data/datasets/mvtec/leather/train/good/117.png
mvtec,leather,train,normal,,train/good/118.png,,data/datasets/mvtec/leather/train/good/118.png
mvtec,leather,train,normal,,train/good/119.png,,data/datasets/mvtec/leather/train/good/119.png
mvtec,leather,train,normal,,train/good/120.png,,data/datasets/mvtec/leather/train/good/120.png
mvtec,leather,train,normal,,train/good/121.png,,data/datasets/mvtec/leather/train/good/121.png
mvtec,leather,train,normal,,train/good/122.png,,data/datasets/mvtec/leather/train/good/122.png
mvtec,leather,train,normal,,train/good/123.png,,data/datasets/mvtec/leather/train/good/123.png
mvtec,leather,train,normal,,train/good/124.png,,data/datasets/mvtec/leather/train/good/124.png
mvtec,leather,train,normal,,train/good/125.png,,data/datasets/mvtec/leather/train/good/125.png
mvtec,leather,train,normal,,train/good/126.png,,data/datasets/mvtec/leather/train/good/126.png
mvtec,leather,train,normal,,train/good/127.png,,data/datasets/mvtec/leather/train/good/127.png
mvtec,leather,train,normal,,train/good/128.png,,data/datasets/mvtec/leather/train/good/128.png
mvtec,leather,train,normal,,train/good/129.png,,data/datasets/mvtec/leather/train/good/129.png
mvtec,leather,train,normal,,train/good/130.png,,data/datasets/mvtec/leather/train/good/130.png
mvtec,leather,train,normal,,train/good/131.png,,data/datasets/mvtec/leather/train/good/131.png
mvtec,leather,train,normal,,train/good/132.png,,data/datasets/mvtec/leather/train/good/132.png
mvtec,leather,train,normal,,train/good/133.png,,data/datasets/mvtec/leather/train/good/133.png
mvtec,leather,train,normal,,train/good/134.png,,data/datasets/mvtec/leather/train/good/134.png
mvtec,leather,train,normal,,train/good/135.png,,data/datasets/mvtec/leather/train/good/135.png
mvtec,leather,train,normal,,train/good/136.png,,data/datasets/mvtec/leather/train/good/136.png
mvtec,leather,train,normal,,train/good/137.png,,data/datasets/mvtec/leather/train/good/137.png
mvtec,leather,train,normal,,train/good/138.png,,data/datasets/mvtec/leather/train/good/138.png
mvtec,leather,train,normal,,train/good/139.png,,data/datasets/mvtec/leather/train/good/139.png
mvtec,leather,train,normal,,train/good/140.png,,data/datasets/mvtec/leather/train/good/140.png
mvtec,leather,train,normal,,train/good/141.png,,data/datasets/mvtec/leather/train/good/141.png
mvtec,leather,train,normal,,train/good/142.png,,data/datasets/mvtec/leather/train/good/142.png
mvtec,leather,train,normal,,train/good/143.png,,data/datasets/mvtec/leather/train/good/143.png
mvtec,leather,train,normal,,train/good/144.png,,data/datasets/mvtec/leather/train/good/144.png
mvtec,leather,train,normal,,train/good/145.png,,data/datasets/mvtec/leather/train/good/145.png
mvtec,leather,train,normal,,train/good/146.png,,data/datasets/mvtec/leather/train/good/146.png
mvtec,leather,train,normal,,train/good/147.png,,data/datasets/mvtec/leather/train/good/147.png
mvtec,leather,train,normal,,train/good/148.png,,data/datasets/mvtec/leather/train/good/148.png
mvtec,leather,train,normal,,train/good/149.png,,data/datasets/mvtec/leather/train/good/149.png
mvtec,leather,train,normal,,train/good/150.png,,data/datasets/mvtec/leather/train/good/150.png
mvtec,leather,train,normal,,train/good/151.png,,data/datasets/mvtec/leather/train/good/151.png
mvtec,leather,train,normal,,train/good/152.png,,data/datasets/mvtec/leather/train/good/152.png
mvtec,leather,train,normal,,train/good/153.png,,data/datasets/mvtec/leather/train/good/153.png
mvtec,leather,train,normal,,train/good/154.png,,data/datasets/mvtec/leather/train/good/154.png
mvtec,leather,train,normal,,train/good/155.png,,data/datasets/mvtec/leather/train/good/155.png
mvtec,leather,train,normal,,train/good/156.png,,data/datasets/mvtec/leather/train/good/156.png
mvtec,leather,train,normal,,train/good/157.png,,data/datasets/mvtec/leather/train/good/157.png
mvtec,leather,train,normal,,train/good/158.png,,data/datasets/mvtec/leather/train/good/158.png
mvtec,leather,train,normal,,train/good/159.png,,data/datasets/mvtec/leather/train/good/159.png
mvtec,leather,train,normal,,train/good/160.png,,data/datasets/mvtec/leather/train/good/160.png
mvtec,leather,train,normal,,train/good/161.png,,data/datasets/mvtec/leather/train/good/161.png
mvtec,leather,train,normal,,train/good/162.png,,data/datasets/mvtec/leather/train/good/162.png
mvtec,leather,train,normal,,train/good/163.png,,data/datasets/mvtec/leather/train/good/163.png
mvtec,leather,train,normal,,train/good/164.png,,data/datasets/mvtec/leather/train/good/164.png
mvtec,leather,train,normal,,train/good/165.png,,data/datasets/mvtec/leather/train/good/165.png
mvtec,leather,train,normal,,train/good/166.png,,data/datasets/mvtec/leather/train/good/166.png
mvtec,leather,train,normal,,train/good/167.png,,data/datasets/mvtec/leather/train/good/167.png
mvtec,leather,train,normal,,train/good/168.png,,data/datasets/mvtec/leather/train/good/168.png
mvtec,leather,train,normal,,train/good/169.png,,data/datasets/mvtec/leather/train/good/169.png
mvtec,leather,train,normal,,train/good/170.png,,data/datasets/mvtec/leather/train/good/170.png
mvtec,leather,train,normal,,train/good/171.png,,data/datasets/mvtec/leather/train/good/171.png
mvtec,leather,train,normal,,train/good/172.png,,data/datasets/mvtec/leather/train/good/172.png
mvtec,leather,train,normal,,train/good/173.png,,data/datasets/mvtec/leather/train/good/173.png
mvtec,leather,train,normal,,train/good/174.png,,data/datasets/mvtec/leather/train/good/174.png
mvtec,leather,train,normal,,train/good/175.png,,data/datasets/mvtec/leather/train/good/175.png
mvtec,leather,train,normal,,train/good/176.png,,data/datasets/mvtec/leather/train/good/176.png
mvtec,leather,train,normal,,train/good/177.png,,data/datasets/mvtec/leather/train/good/177.png
mvtec,leather,train,normal,,train/good/178.png,,data/datasets/mvtec/leather/train/good/178.png
mvtec,leather,train,normal,,train/good/179.png,,data/datasets/mvtec/leather/train/good/179.png
mvtec,leather,train,normal,,train/good/180.png,,data/datasets/mvtec/leather/train/good/180.png
mvtec,leather,train,normal,,train/good/181.png,,data/datasets/mvtec/leather/train/good/181.png
mvtec,leather,train,normal,,train/good/182.png,,data/datasets/mvtec/leather/train/good/182.png
mvtec,leather,train,normal,,train/good/183.png,,data/datasets/mvtec/leather/train/good/183.png
mvtec,leather,train,normal,,train/good/184.png,,data/datasets/mvtec/leather/train/good/184.png
mvtec,leather,train,normal,,train/good/185.png,,data/datasets/mvtec/leather/train/good/185.png
mvtec,leather,train,normal,,train/good/186.png,,data/datasets/mvtec/leather/train/good/186.png
mvtec,leather,train,normal,,train/good/187.png,,data/datasets/mvtec/leather/train/good/187.png
mvtec,leather,train,normal,,train/good/188.png,,data/datasets/mvtec/leather/train/good/188.png
mvtec,leather,train,normal,,train/good/189.png,,data/datasets/mvtec/leather/train/good/189.png
mvtec,leather,train,normal,,train/good/190.png,,data/datasets/mvtec/leather/train/good/190.png
mvtec,leather,train,normal,,train/good/191.png,,data/datasets/mvtec/leather/train/good/191.png
mvtec,leather,train,normal,,train/good/192.png,,data/datasets/mvtec/leather/train/good/192.png
mvtec,leather,train,normal,,train/good/193.png,,data/datasets/mvtec/leather/train/good/193.png
mvtec,leather,train,normal,,train/good/194.png,,data/datasets/mvtec/leather/train/good/194.png
mvtec,leather,train,normal,,train/good/195.png,,data/datasets/mvtec/leather/train/good/195.png
mvtec,leather,train,normal,,train/good/196.png,,data/datasets/mvtec/leather/train/good/196.png
mvtec,leather,train,normal,,train/good/197.png,,data/datasets/mvtec/leather/train/good/197.png
mvtec,leather,train,normal,,train/good/198.png,,data/datasets/mvtec/leather/train/good/198.png
mvtec,leather,train,normal,,train/good/199.png,,data/datasets/mvtec/leather/train/good/199.png
mvtec,leather,train,normal,,train/good/200.png,,data/datasets/mvtec/leather/train/good/200.png
mvtec,leather,train,normal,,train/good/201.png,,data/datasets/mvtec/leather/train/good/201.png
mvtec,leather,train,normal,,train/good/202.png,,data/datasets/mvtec/leather/train/good/202.png
mvtec,leather,train,normal,,train/good/203.png,,data/datasets/mvtec/leather/train/good/203.png
mvtec,leather,train,normal,,train/good/204.png,,data/datasets/mvtec/leather/train/good/204.png
mvtec,leather,train,normal,,train/good/205.png,,data/datasets/mvtec/leather/train/good/205.png
mvtec,leather,train,normal,,train/good/206.png,,data/datasets/mvtec/leather/train/good/206.png
mvtec,leather,train,normal,,train/good/207.png,,data/datasets/mvtec/leather/train/good/207.png
mvtec,leather,train,normal,,train/good/208.png,,data/datasets/mvtec/leather/train/good/208.png
mvtec,leather,train,normal,,train/good/209.png,,data/datasets/mvtec/leather/train/good/209.png
mvtec,leather,train,normal,,train/good/210.png,,data/datasets/mvtec/leather/train/good/210.png
mvtec,leather,train,normal,,train/good/211.png,,data/datasets/mvtec/leather/train/good/211.png
mvtec,leather,train,normal,,train/good/212.png,,data/datasets/mvtec/leather/train/good/212.png
mvtec,leather,train,normal,,train/good/213.png,,data/datasets/mvtec/leather/train/good/213.png
mvtec,leather,train,normal,,train/good/214.png,,data/datasets/mvtec/leather/train/good/214.png
mvtec,leather,train,normal,,train/good/215.png,,data/datasets/mvtec/leather/train/good/215.png
mvtec,leather,train,normal,,train/good/216.png,,data/datasets/mvtec/leather/train/good/216.png
mvtec,leather,train,normal,,train/good/217.png,,data/datasets/mvtec/leather/train/good/217.png
mvtec,leather,train,normal,,train/good/218.png,,data/datasets/mvtec/leather/train/good/218.png
mvtec,leather,train,normal,,train/good/219.png,,data/datasets/mvtec/leather/train/good/219.png
mvtec,leather,train,normal,,train/good/220.png,,data/datasets/mvtec/leather/train/good/220.png
mvtec,leather,train,normal,,train/good/221.png,,data/datasets/mvtec/leather/train/good/221.png
mvtec,leather,train,normal,,train/good/222.png,,data/datasets/mvtec/leather/train/good/222.png
mvtec,leather,train,normal,,train/good/223.png,,data/datasets/mvtec/leather/train/good/223.png
mvtec,leather,train,normal,,train/good/224.png,,data/datasets/mvtec/leather/train/good/224.png
mvtec,leather,train,normal,,train/good/225.png,,data/datasets/mvtec/leather/train/good/225.png
mvtec,leather,train,normal,,train/good/226.png,,data/datasets/mvtec/leather/train/good/226.png
mvtec,leather,train,normal,,train/good/227.png,,data/datasets/mvtec/leather/train/good/227.png
mvtec,leather,train,normal,,train/good/228.png,,data/datasets/mvtec/leather/train/good/228.png
mvtec,leather,train,normal,,train/good/229.png,,data/datasets/mvtec/leather/train/good/229.png
mvtec,leather,train,normal,,train/good/230.png,,data/datasets/mvtec/leather/train/good/230.png
mvtec,leather,train,normal,,train/good/231.png,,data/datasets/mvtec/leather/train/good/231.png
mvtec,leather,train,normal,,train/good/232.png,,data/datasets/mvtec/leather/train/good/232.png
mvtec,leather,train,normal,,train/good/233.png,,data/datasets/mvtec/leather/train/good/233.png
mvtec,leather,train,normal,,train/good/234.png,,data/datasets/mvtec/leather/train/good/234.png
mvtec,leather,train,normal,,train/good/235.png,,data/datasets/mvtec/leather/train/good/235.png
mvtec,leather,train,normal,,train/good/236.png,,data/datasets/mvtec/leather/train/good/236.png
mvtec,leather,train,normal,,train/good/237.png,,data/datasets/mvtec/leather/train/good/237.png
mvtec,leather,train,normal,,train/good/238.png,,data/datasets/mvtec/leather/train/good/238.png
mvtec,leather,train,normal,,train/good/239.png,,data/datasets/mvtec/leather/train/good/239.png
mvtec,leather,train,normal,,train/good/240.png,,data/datasets/mvtec/leather/train/good/240.png
mvtec,leather,train,normal,,train/good/241.png,,data/datasets/mvtec/leather/train/good/241.png
mvtec,leather,train,normal,,train/good/242.png,,data/datasets/mvtec/leather/train/good/242.png
mvtec,leather,train,normal,,train/good/243.png,,data/datasets/mvtec/leather/train/good/243.png
mvtec,leather,train,normal,,train/good/244.png,,data/datasets/mvtec/leather/train/good/244.png
mvtec,leather,train,anomaly,color,train/anomaly/color_001.png,train/masks/color_001.png,data/datasets/mvtec/leather/test/color/001.png
mvtec,leather,train,anomaly,color,train/anomaly/color_003.png,train/masks/color_003.png,data/datasets/mvtec/leather/test/color/003.png
mvtec,leather,train,anomaly,color,train/anomaly/color_006.png,train/masks/color_006.png,data/datasets/mvtec/leather/test/color/006.png
mvtec,leather,train,anomaly,color,train/anomaly/color_009.png,train/masks/color_009.png,data/datasets/mvtec/leather/test/color/009.png
mvtec,leather,train,anomaly,color,train/anomaly/color_016.png,train/masks/color_016.png,data/datasets/mvtec/leather/test/color/016.png
mvtec,leather,train,anomaly,color,train/anomaly/color_018.png,train/masks/color_018.png,data/datasets/mvtec/leather/test/color/018.png
mvtec,leather,train,anomaly,cut,train/anomaly/cut_002.png,train/masks/cut_002.png,data/datasets/mvtec/leather/test/cut/002.png
mvtec,leather,train,anomaly,cut,train/anomaly/cut_003.png,train/masks/cut_003.png,data/datasets/mvtec/leather/test/cut/003.png
mvtec,leather,train,anomaly,cut,train/anomaly/cut_004.png,train/masks/cut_004.png,data/datasets/mvtec/leather/test/cut/004.png
mvtec,leather,train,anomaly,cut,train/anomaly/cut_005.png,train/masks/cut_005.png,data/datasets/mvtec/leather/test/cut/005.png
mvtec,leather,train,anomaly,cut,train/anomaly/cut_008.png,train/masks/cut_008.png,data/datasets/mvtec/leather/test/cut/008.png
mvtec,leather,train,anomaly,cut,train/anomaly/cut_013.png,train/masks/cut_013.png,data/datasets/mvtec/leather/test/cut/013.png
mvtec,leather,train,anomaly,glue,train/anomaly/glue_005.png,train/masks/glue_005.png,data/datasets/mvtec/leather/test/glue/005.png
mvtec,leather,train,anomaly,glue,train/anomaly/glue_006.png,train/masks/glue_006.png,data/datasets/mvtec/leather/test/glue/006.png
mvtec,leather,train,anomaly,glue,train/anomaly/glue_010.png,train/masks/glue_010.png,data/datasets/mvtec/leather/test/glue/010.png
mvtec,leather,train,anomaly,glue,train/anomaly/glue_011.png,train/masks/glue_011.png,data/datasets/mvtec/leather/test/glue/011.png
mvtec,leather,train,anomaly,glue,train/anomaly/glue_013.png,train/masks/glue_013.png,data/datasets/mvtec/leather/test/glue/013.png
mvtec,leather,train,anomaly,glue,train/anomaly/glue_017.png,train/masks/glue_017.png,data/datasets/mvtec/leather/test/glue/017.png
mvtec,leather,train,anomaly,poke,train/anomaly/poke_004.png,train/masks/poke_004.png,data/datasets/mvtec/leather/test/poke/004.png
mvtec,leather,train,anomaly,poke,train/anomaly/poke_006.png,train/masks/poke_006.png,data/datasets/mvtec/leather/test/poke/006.png
mvtec,leather,train,anomaly,poke,train/anomaly/poke_011.png,train/masks/poke_011.png,data/datasets/mvtec/leather/test/poke/011.png
mvtec,leather,train,anomaly,poke,train/anomaly/poke_012.png,train/masks/poke_012.png,data/datasets/mvtec/leather/test/poke/012.png
mvtec,leather,train,anomaly,poke,train/anomaly/poke_015.png,train/masks/poke_015.png,data/datasets/mvtec/leather/test/poke/015.png
mvtec,leather,train,anomaly,poke,train/anomaly/poke_016.png,train/masks/poke_016.png,data/datasets/mvtec/leather/test/poke/016.png
mvtec,leather,test,normal,,test/good/000.png,,data/datasets/mvtec/leather/test/good/000.png
mvtec,leather,test,normal,,test/good/001.png,,data/datasets/mvtec/leather/test/good/001.png
mvtec,leather,test,normal,,test/good/002.png,,data/datasets/mvtec/leather/test/good/002.png
mvtec,leather,test,normal,,test/good/003.png,,data/datasets/mvtec/leather/test/good/003.png
mvtec,leather,test,normal,,test/good/004.png,,data/datasets/mvtec/leather/test/good/004.png
mvtec,leather,test,normal,,test/good/005.png,,data/datasets/mvtec/leather/test/good/005.png
mvtec,leather,test,normal,,test/good/006.png,,data/datasets/mvtec/leather/test/good/006.png
mvtec,leather,test,normal,,test/good/007.png,,data/datasets/mvtec/leather/test/good/007.png
mvtec,leather,test,normal,,test/good/008.png,,data/datasets/mvtec/leather/test/good/008.png
mvtec,leather,test,normal,,test/good/009.png,,data/datasets/mvtec/leather/test/good/009.png
mvtec,leather,test,normal,,test/good/010.png,,data/datasets/mvtec/leather/test/good/010.png
mvtec,leather,test,normal,,test/good/011.png,,data/datasets/mvtec/leather/test/good/011.png
mvtec,leather,test,normal,,test/good/012.png,,data/datasets/mvtec/leather/test/good/012.png
mvtec,leather,test,normal,,test/good/013.png,,data/datasets/mvtec/leather/test/good/013.png
mvtec,leather,test,normal,,test/good/014.png,,data/datasets/mvtec/leather/test/good/014.png
mvtec,leather,test,normal,,test/good/015.png,,data/datasets/mvtec/leather/test/good/015.png
mvtec,leather,test,normal,,test/good/016.png,,data/datasets/mvtec/leather/test/good/016.png
mvtec,leather,test,normal,,test/good/017.png,,data/datasets/mvtec/leather/test/good/017.png
mvtec,leather,test,normal,,test/good/018.png,,data/datasets/mvtec/leather/test/good/018.png
mvtec,leather,test,normal,,test/good/019.png,,data/datasets/mvtec/leather/test/good/019.png
mvtec,leather,test,normal,,test/good/020.png,,data/datasets/mvtec/leather/test/good/020.png
mvtec,leather,test,normal,,test/good/021.png,,data/datasets/mvtec/leather/test/good/021.png
mvtec,leather,test,normal,,test/good/022.png,,data/datasets/mvtec/leather/test/good/022.png
mvtec,leather,test,normal,,test/good/023.png,,data/datasets/mvtec/leather/test/good/023.png
mvtec,leather,test,normal,,test/good/024.png,,data/datasets/mvtec/leather/test/good/024.png
mvtec,leather,test,normal,,test/good/025.png,,data/datasets/mvtec/leather/test/good/025.png
mvtec,leather,test,normal,,test/good/026.png,,data/datasets/mvtec/leather/test/good/026.png
mvtec,leather,test,normal,,test/good/027.png,,data/datasets/mvtec/leather/test/good/027.png
mvtec,leather,test,normal,,test/good/028.png,,data/datasets/mvtec/leather/test/good/028.png
mvtec,leather,test,normal,,test/good/029.png,,data/datasets/mvtec/leather/test/good/029.png
mvtec,leather,test,normal,,test/good/030.png,,data/datasets/mvtec/leather/test/good/030.png
mvtec,leather,test,normal,,test/good/031.png,,data/datasets/mvtec/leather/test/good/031.png
mvtec,leather,test,anomaly,color,test/anomaly/color_000.png,test/masks/color_000.png,data/datasets/mvtec/leather/test/color/000.png
mvtec,leather,test,anomaly,color,test/anomaly/color_002.png,test/masks/color_002.png,data/datasets/mvtec/leather/test/color/002.png
mvtec,leather,test,anomaly,color,test/anomaly/color_004.png,test/masks/color_004.png,data/datasets/mvtec/leather/test/color/004.png
mvtec,leather,test,anomaly,color,test/anomaly/color_005.png,test/masks/color_005.png,data/datasets/mvtec/leather/test/color/005.png
mvtec,leather,test,anomaly,color,test/anomaly/color_007.png,test/masks/color_007.png,data/datasets/mvtec/leather/test/color/007.png
mvtec,leather,test,anomaly,color,test/anomaly/color_008.png,test/masks/color_008.png,data/datasets/mvtec/leather/test/color/008.png
mvtec,leather,test,anomaly,color,test/anomaly/color_010.png,test/masks/color_010.png,data/datasets/mvtec/leather/test/color/010.png
mvtec,leather,test,anomaly,color,test/anomaly/color_011.png,test/masks/color_011.png,data/datasets/mvtec/leather/test/color/011.png
mvtec,leather,test,anomaly,color,test/anomaly/color_012.png,test/masks/color_012.png,data/datasets/mvtec/leather/test/color/012.png
mvtec,leather,test,anomaly,color,test/anomaly/color_013.png,test/masks/color_013.png,data/datasets/mvtec/leather/test/color/013.png
mvtec,leather,test,anomaly,color,test/anomaly/color_014.png,test/masks/color_014.png,data/datasets/mvtec/leather/test/color/014.png
mvtec,leather,test,anomaly,color,test/anomaly/color_015.png,test/masks/color_015.png,data/datasets/mvtec/leather/test/color/015.png
mvtec,leather,test,anomaly,color,test/anomaly/color_017.png,test/masks/color_017.png,data/datasets/mvtec/leather/test/color/017.png
mvtec,leather,test,anomaly,cut,test/anomaly/cut_000.png,test/masks/cut_000.png,data/datasets/mvtec/leather/test/cut/000.png
mvtec,leather,test,anomaly,cut,test/anomaly/cut_001.png,test/masks/cut_001.png,data/datasets/mvtec/leather/test/cut/001.png
mvtec,leather,test,anomaly,cut,test/anomaly/cut_006.png,test/masks/cut_006.png,data/datasets/mvtec/leather/test/cut/006.png
mvtec,leather,test,anomaly,cut,test/anomaly/cut_007.png,test/masks/cut_007.png,data/datasets/mvtec/leather/test/cut/007.png
mvtec,leather,test,anomaly,cut,test/anomaly/cut_009.png,test/masks/cut_009.png,data/datasets/mvtec/leather/test/cut/009.png
mvtec,leather,test,anomaly,cut,test/anomaly/cut_010.png,test/masks/cut_010.png,data/datasets/mvtec/leather/test/cut/010.png
mvtec,leather,test,anomaly,cut,test/anomaly/cut_011.png,test/masks/cut_011.png,data/datasets/mvtec/leather/test/cut/011.png
mvtec,leather,test,anomaly,cut,test/anomaly/cut_012.png,test/masks/cut_012.png,data/datasets/mvtec/leather/test/cut/012.png
mvtec,leather,test,anomaly,cut,test/anomaly/cut_014.png,test/masks/cut_014.png,data/datasets/mvtec/leather/test/cut/014.png
mvtec,leather,test,anomaly,cut,test/anomaly/cut_015.png,test/masks/cut_015.png,data/datasets/mvtec/leather/test/cut/015.png
mvtec,leather,test,anomaly,cut,test/anomaly/cut_016.png,test/masks/cut_016.png,data/datasets/mvtec/leather/test/cut/016.png
mvtec,leather,test,anomaly,cut,test/anomaly/cut_017.png,test/masks/cut_017.png,data/datasets/mvtec/leather/test/cut/017.png
mvtec,leather,test,anomaly,cut,test/anomaly/cut_018.png,test/masks/cut_018.png,data/datasets/mvtec/leather/test/cut/018.png
mvtec,leather,test,anomaly,fold,test/anomaly/fold_000.png,test/masks/fold_000.png,data/datasets/mvtec/leather/test/fold/000.png
mvtec,leather,test,anomaly,fold,test/anomaly/fold_001.png,test/masks/fold_001.png,data/datasets/mvtec/leather/test/fold/001.png
mvtec,leather,test,anomaly,fold,test/anomaly/fold_002.png,test/masks/fold_002.png,data/datasets/mvtec/leather/test/fold/002.png
mvtec,leather,test,anomaly,fold,test/anomaly/fold_003.png,test/masks/fold_003.png,data/datasets/mvtec/leather/test/fold/003.png
mvtec,leather,test,anomaly,fold,test/anomaly/fold_004.png,test/masks/fold_004.png,data/datasets/mvtec/leather/test/fold/004.png
mvtec,leather,test,anomaly,fold,test/anomaly/fold_005.png,test/masks/fold_005.png,data/datasets/mvtec/leather/test/fold/005.png
mvtec,leather,test,anomaly,fold,test/anomaly/fold_006.png,test/masks/fold_006.png,data/datasets/mvtec/leather/test/fold/006.png
mvtec,leather,test,anomaly,fold,test/anomaly/fold_007.png,test/masks/fold_007.png,data/datasets/mvtec/leather/test/fold/007.png
mvtec,leather,test,anomaly,fold,test/anomaly/fold_008.png,test/masks/fold_008.png,data/datasets/mvtec/leather/test/fold/008.png
mvtec,leather,test,anomaly,fold,test/anomaly/fold_009.png,test/masks/fold_009.png,data/datasets/mvtec/leather/test/fold/009.png
mvtec,leather,test,anomaly,fold,test/anomaly/fold_010.png,test/masks/fold_010.png,data/datasets/mvtec/leather/test/fold/010.png
mvtec,leather,test,anomaly,fold,test/anomaly/fold_011.png,test/masks/fold_011.png,data/datasets/mvtec/leather/test/fold/011.png
mvtec,leather,test,anomaly,fold,test/anomaly/fold_012.png,test/masks/fold_012.png,data/datasets/mvtec/leather/test/fold/012.png
mvtec,leather,test,anomaly,fold,test/anomaly/fold_013.png,test/masks/fold_013.png,data/datasets/mvtec/leather/test/fold/013.png
mvtec,leather,test,anomaly,fold,test/anomaly/fold_014.png,test/masks/fold_014.png,data/datasets/mvtec/leather/test/fold/014.png
mvtec,leather,test,anomaly,fold,test/anomaly/fold_015.png,test/masks/fold_015.png,data/datasets/mvtec/leather/test/fold/015.png
mvtec,leather,test,anomaly,fold,test/anomaly/fold_016.png,test/masks/fold_016.png,data/datasets/mvtec/leather/test/fold/016.png
mvtec,leather,test,anomaly,glue,test/anomaly/glue_000.png,test/masks/glue_000.png,data/datasets/mvtec/leather/test/glue/000.png
mvtec,leather,test,anomaly,glue,test/anomaly/glue_001.png,test/masks/glue_001.png,data/datasets/mvtec/leather/test/glue/001.png
mvtec,leather,test,anomaly,glue,test/anomaly/glue_002.png,test/masks/glue_002.png,data/datasets/mvtec/leather/test/glue/002.png
mvtec,leather,test,anomaly,glue,test/anomaly/glue_003.png,test/masks/glue_003.png,data/datasets/mvtec/leather/test/glue/003.png
mvtec,leather,test,anomaly,glue,test/anomaly/glue_004.png,test/masks/glue_004.png,data/datasets/mvtec/leather/test/glue/004.png
mvtec,leather,test,anomaly,glue,test/anomaly/glue_007.png,test/masks/glue_007.png,data/datasets/mvtec/leather/test/glue/007.png
mvtec,leather,test,anomaly,glue,test/anomaly/glue_008.png,test/masks/glue_008.png,data/datasets/mvtec/leather/test/glue/008.png
mvtec,leather,test,anomaly,glue,test/anomaly/glue_009.png,test/masks/glue_009.png,data/datasets/mvtec/leather/test/glue/009.png
mvtec,leather,test,anomaly,glue,test/anomaly/glue_012.png,test/masks/glue_012.png,data/datasets/mvtec/leather/test/glue/012.png
mvtec,leather,test,anomaly,glue,test/anomaly/glue_014.png,test/masks/glue_014.png,data/datasets/mvtec/leather/test/glue/014.png
mvtec,leather,test,anomaly,glue,test/anomaly/glue_015.png,test/masks/glue_015.png,data/datasets/mvtec/leather/test/glue/015.png
mvtec,leather,test,anomaly,glue,test/anomaly/glue_016.png,test/masks/glue_016.png,data/datasets/mvtec/leather/test/glue/016.png
mvtec,leather,test,anomaly,glue,test/anomaly/glue_018.png,test/masks/glue_018.png,data/datasets/mvtec/leather/test/glue/018.png
mvtec,leather,test,anomaly,poke,test/anomaly/poke_000.png,test/masks/poke_000.png,data/datasets/mvtec/leather/test/poke/000.png
mvtec,leather,test,anomaly,poke,test/anomaly/poke_001.png,test/masks/poke_001.png,data/datasets/mvtec/leather/test/poke/001.png
mvtec,leather,test,anomaly,poke,test/anomaly/poke_002.png,test/masks/poke_002.png,data/datasets/mvtec/leather/test/poke/002.png
mvtec,leather,test,anomaly,poke,test/anomaly/poke_003.png,test/masks/poke_003.png,data/datasets/mvtec/leather/test/poke/003.png
mvtec,leather,test,anomaly,poke,test/anomaly/poke_005.png,test/masks/poke_005.png,data/datasets/mvtec/leather/test/poke/005.png
mvtec,leather,test,anomaly,poke,test/anomaly/poke_007.png,test/masks/poke_007.png,data/datasets/mvtec/leather/test/poke/007.png
mvtec,leather,test,anomaly,poke,test/anomaly/poke_008.png,test/masks/poke_008.png,data/datasets/mvtec/leather/test/poke/008.png
mvtec,leather,test,anomaly,poke,test/anomaly/poke_009.png,test/masks/poke_009.png,data/datasets/mvtec/leather/test/poke/009.png
mvtec,leather,test,anomaly,poke,test/anomaly/poke_010.png,test/masks/poke_010.png,data/datasets/mvtec/leather/test/poke/010.png
mvtec,leather,test,anomaly,poke,test/anomaly/poke_013.png,test/masks/poke_013.png,data/datasets/mvtec/leather/test/poke/013.png
mvtec,leather,test,anomaly,poke,test/anomaly/poke_014.png,test/masks/poke_014.png,data/datasets/mvtec/leather/test/poke/014.png
mvtec,leather,test,anomaly,poke,test/anomaly/poke_017.png,test/masks/poke_017.png,data/datasets/mvtec/leather/test/poke/017.png
mvtec,metal_nut,train,normal,,train/good/000.png,,data/datasets/mvtec/metal_nut/train/good/000.png
mvtec,metal_nut,train,normal,,train/good/001.png,,data/datasets/mvtec/metal_nut/train/good/001.png
mvtec,metal_nut,train,normal,,train/good/002.png,,data/datasets/mvtec/metal_nut/train/good/002.png
mvtec,metal_nut,train,normal,,train/good/003.png,,data/datasets/mvtec/metal_nut/train/good/003.png
mvtec,metal_nut,train,normal,,train/good/004.png,,data/datasets/mvtec/metal_nut/train/good/004.png
mvtec,metal_nut,train,normal,,train/good/005.png,,data/datasets/mvtec/metal_nut/train/good/005.png
mvtec,metal_nut,train,normal,,train/good/006.png,,data/datasets/mvtec/metal_nut/train/good/006.png
mvtec,metal_nut,train,normal,,train/good/007.png,,data/datasets/mvtec/metal_nut/train/good/007.png
mvtec,metal_nut,train,normal,,train/good/008.png,,data/datasets/mvtec/metal_nut/train/good/008.png
mvtec,metal_nut,train,normal,,train/good/009.png,,data/datasets/mvtec/metal_nut/train/good/009.png
mvtec,metal_nut,train,normal,,train/good/010.png,,data/datasets/mvtec/metal_nut/train/good/010.png
mvtec,metal_nut,train,normal,,train/good/011.png,,data/datasets/mvtec/metal_nut/train/good/011.png
mvtec,metal_nut,train,normal,,train/good/012.png,,data/datasets/mvtec/metal_nut/train/good/012.png
mvtec,metal_nut,train,normal,,train/good/013.png,,data/datasets/mvtec/metal_nut/train/good/013.png
mvtec,metal_nut,train,normal,,train/good/014.png,,data/datasets/mvtec/metal_nut/train/good/014.png
mvtec,metal_nut,train,normal,,train/good/015.png,,data/datasets/mvtec/metal_nut/train/good/015.png
mvtec,metal_nut,train,normal,,train/good/016.png,,data/datasets/mvtec/metal_nut/train/good/016.png
mvtec,metal_nut,train,normal,,train/good/017.png,,data/datasets/mvtec/metal_nut/train/good/017.png
mvtec,metal_nut,train,normal,,train/good/018.png,,data/datasets/mvtec/metal_nut/train/good/018.png
mvtec,metal_nut,train,normal,,train/good/019.png,,data/datasets/mvtec/metal_nut/train/good/019.png
mvtec,metal_nut,train,normal,,train/good/020.png,,data/datasets/mvtec/metal_nut/train/good/020.png
mvtec,metal_nut,train,normal,,train/good/021.png,,data/datasets/mvtec/metal_nut/train/good/021.png
mvtec,metal_nut,train,normal,,train/good/022.png,,data/datasets/mvtec/metal_nut/train/good/022.png
mvtec,metal_nut,train,normal,,train/good/023.png,,data/datasets/mvtec/metal_nut/train/good/023.png
mvtec,metal_nut,train,normal,,train/good/024.png,,data/datasets/mvtec/metal_nut/train/good/024.png
mvtec,metal_nut,train,normal,,train/good/025.png,,data/datasets/mvtec/metal_nut/train/good/025.png
mvtec,metal_nut,train,normal,,train/good/026.png,,data/datasets/mvtec/metal_nut/train/good/026.png
mvtec,metal_nut,train,normal,,train/good/027.png,,data/datasets/mvtec/metal_nut/train/good/027.png
mvtec,metal_nut,train,normal,,train/good/028.png,,data/datasets/mvtec/metal_nut/train/good/028.png
mvtec,metal_nut,train,normal,,train/good/029.png,,data/datasets/mvtec/metal_nut/train/good/029.png
mvtec,metal_nut,train,normal,,train/good/030.png,,data/datasets/mvtec/metal_nut/train/good/030.png
mvtec,metal_nut,train,normal,,train/good/031.png,,data/datasets/mvtec/metal_nut/train/good/031.png
mvtec,metal_nut,train,normal,,train/good/032.png,,data/datasets/mvtec/metal_nut/train/good/032.png
mvtec,metal_nut,train,normal,,train/good/033.png,,data/datasets/mvtec/metal_nut/train/good/033.png
mvtec,metal_nut,train,normal,,train/good/034.png,,data/datasets/mvtec/metal_nut/train/good/034.png
mvtec,metal_nut,train,normal,,train/good/035.png,,data/datasets/mvtec/metal_nut/train/good/035.png
mvtec,metal_nut,train,normal,,train/good/036.png,,data/datasets/mvtec/metal_nut/train/good/036.png
mvtec,metal_nut,train,normal,,train/good/037.png,,data/datasets/mvtec/metal_nut/train/good/037.png
mvtec,metal_nut,train,normal,,train/good/038.png,,data/datasets/mvtec/metal_nut/train/good/038.png
mvtec,metal_nut,train,normal,,train/good/039.png,,data/datasets/mvtec/metal_nut/train/good/039.png
mvtec,metal_nut,train,normal,,train/good/040.png,,data/datasets/mvtec/metal_nut/train/good/040.png
mvtec,metal_nut,train,normal,,train/good/041.png,,data/datasets/mvtec/metal_nut/train/good/041.png
mvtec,metal_nut,train,normal,,train/good/042.png,,data/datasets/mvtec/metal_nut/train/good/042.png
mvtec,metal_nut,train,normal,,train/good/043.png,,data/datasets/mvtec/metal_nut/train/good/043.png
mvtec,metal_nut,train,normal,,train/good/044.png,,data/datasets/mvtec/metal_nut/train/good/044.png
mvtec,metal_nut,train,normal,,train/good/045.png,,data/datasets/mvtec/metal_nut/train/good/045.png
mvtec,metal_nut,train,normal,,train/good/046.png,,data/datasets/mvtec/metal_nut/train/good/046.png
mvtec,metal_nut,train,normal,,train/good/047.png,,data/datasets/mvtec/metal_nut/train/good/047.png
mvtec,metal_nut,train,normal,,train/good/048.png,,data/datasets/mvtec/metal_nut/train/good/048.png
mvtec,metal_nut,train,normal,,train/good/049.png,,data/datasets/mvtec/metal_nut/train/good/049.png
mvtec,metal_nut,train,normal,,train/good/050.png,,data/datasets/mvtec/metal_nut/train/good/050.png
mvtec,metal_nut,train,normal,,train/good/051.png,,data/datasets/mvtec/metal_nut/train/good/051.png
mvtec,metal_nut,train,normal,,train/good/052.png,,data/datasets/mvtec/metal_nut/train/good/052.png
mvtec,metal_nut,train,normal,,train/good/053.png,,data/datasets/mvtec/metal_nut/train/good/053.png
mvtec,metal_nut,train,normal,,train/good/054.png,,data/datasets/mvtec/metal_nut/train/good/054.png
mvtec,metal_nut,train,normal,,train/good/055.png,,data/datasets/mvtec/metal_nut/train/good/055.png
mvtec,metal_nut,train,normal,,train/good/056.png,,data/datasets/mvtec/metal_nut/train/good/056.png
mvtec,metal_nut,train,normal,,train/good/057.png,,data/datasets/mvtec/metal_nut/train/good/057.png
mvtec,metal_nut,train,normal,,train/good/058.png,,data/datasets/mvtec/metal_nut/train/good/058.png
mvtec,metal_nut,train,normal,,train/good/059.png,,data/datasets/mvtec/metal_nut/train/good/059.png
mvtec,metal_nut,train,normal,,train/good/060.png,,data/datasets/mvtec/metal_nut/train/good/060.png
mvtec,metal_nut,train,normal,,train/good/061.png,,data/datasets/mvtec/metal_nut/train/good/061.png
mvtec,metal_nut,train,normal,,train/good/062.png,,data/datasets/mvtec/metal_nut/train/good/062.png
mvtec,metal_nut,train,normal,,train/good/063.png,,data/datasets/mvtec/metal_nut/train/good/063.png
mvtec,metal_nut,train,normal,,train/good/064.png,,data/datasets/mvtec/metal_nut/train/good/064.png
mvtec,metal_nut,train,normal,,train/good/065.png,,data/datasets/mvtec/metal_nut/train/good/065.png
mvtec,metal_nut,train,normal,,train/good/066.png,,data/datasets/mvtec/metal_nut/train/good/066.png
mvtec,metal_nut,train,normal,,train/good/067.png,,data/datasets/mvtec/metal_nut/train/good/067.png
mvtec,metal_nut,train,normal,,train/good/068.png,,data/datasets/mvtec/metal_nut/train/good/068.png
mvtec,metal_nut,train,normal,,train/good/069.png,,data/datasets/mvtec/metal_nut/train/good/069.png
mvtec,metal_nut,train,normal,,train/good/070.png,,data/datasets/mvtec/metal_nut/train/good/070.png
mvtec,metal_nut,train,normal,,train/good/071.png,,data/datasets/mvtec/metal_nut/train/good/071.png
mvtec,metal_nut,train,normal,,train/good/072.png,,data/datasets/mvtec/metal_nut/train/good/072.png
mvtec,metal_nut,train,normal,,train/good/073.png,,data/datasets/mvtec/metal_nut/train/good/073.png
mvtec,metal_nut,train,normal,,train/good/074.png,,data/datasets/mvtec/metal_nut/train/good/074.png
mvtec,metal_nut,train,normal,,train/good/075.png,,data/datasets/mvtec/metal_nut/train/good/075.png
mvtec,metal_nut,train,normal,,train/good/076.png,,data/datasets/mvtec/metal_nut/train/good/076.png
mvtec,metal_nut,train,normal,,train/good/077.png,,data/datasets/mvtec/metal_nut/train/good/077.png
mvtec,metal_nut,train,normal,,train/good/078.png,,data/datasets/mvtec/metal_nut/train/good/078.png
mvtec,metal_nut,train,normal,,train/good/079.png,,data/datasets/mvtec/metal_nut/train/good/079.png
mvtec,metal_nut,train,normal,,train/good/080.png,,data/datasets/mvtec/metal_nut/train/good/080.png
mvtec,metal_nut,train,normal,,train/good/081.png,,data/datasets/mvtec/metal_nut/train/good/081.png
mvtec,metal_nut,train,normal,,train/good/082.png,,data/datasets/mvtec/metal_nut/train/good/082.png
mvtec,metal_nut,train,normal,,train/good/083.png,,data/datasets/mvtec/metal_nut/train/good/083.png
mvtec,metal_nut,train,normal,,train/good/084.png,,data/datasets/mvtec/metal_nut/train/good/084.png
mvtec,metal_nut,train,normal,,train/good/085.png,,data/datasets/mvtec/metal_nut/train/good/085.png
mvtec,metal_nut,train,normal,,train/good/086.png,,data/datasets/mvtec/metal_nut/train/good/086.png
mvtec,metal_nut,train,normal,,train/good/087.png,,data/datasets/mvtec/metal_nut/train/good/087.png
mvtec,metal_nut,train,normal,,train/good/088.png,,data/datasets/mvtec/metal_nut/train/good/088.png
mvtec,metal_nut,train,normal,,train/good/089.png,,data/datasets/mvtec/metal_nut/train/good/089.png
mvtec,metal_nut,train,normal,,train/good/090.png,,data/datasets/mvtec/metal_nut/train/good/090.png
mvtec,metal_nut,train,normal,,train/good/091.png,,data/datasets/mvtec/metal_nut/train/good/091.png
mvtec,metal_nut,train,normal,,train/good/092.png,,data/datasets/mvtec/metal_nut/train/good/092.png
mvtec,metal_nut,train,normal,,train/good/093.png,,data/datasets/mvtec/metal_nut/train/good/093.png
mvtec,metal_nut,train,normal,,train/good/094.png,,data/datasets/mvtec/metal_nut/train/good/094.png
mvtec,metal_nut,train,normal,,train/good/095.png,,data/datasets/mvtec/metal_nut/train/good/095.png
mvtec,metal_nut,train,normal,,train/good/096.png,,data/datasets/mvtec/metal_nut/train/good/096.png
mvtec,metal_nut,train,normal,,train/good/097.png,,data/datasets/mvtec/metal_nut/train/good/097.png
mvtec,metal_nut,train,normal,,train/good/098.png,,data/datasets/mvtec/metal_nut/train/good/098.png
mvtec,metal_nut,train,normal,,train/good/099.png,,data/datasets/mvtec/metal_nut/train/good/099.png
mvtec,metal_nut,train,normal,,train/good/100.png,,data/datasets/mvtec/metal_nut/train/good/100.png
mvtec,metal_nut,train,normal,,train/good/101.png,,data/datasets/mvtec/metal_nut/train/good/101.png
mvtec,metal_nut,train,normal,,train/good/102.png,,data/datasets/mvtec/metal_nut/train/good/102.png
mvtec,metal_nut,train,normal,,train/good/103.png,,data/datasets/mvtec/metal_nut/train/good/103.png
mvtec,metal_nut,train,normal,,train/good/104.png,,data/datasets/mvtec/metal_nut/train/good/104.png
mvtec,metal_nut,train,normal,,train/good/105.png,,data/datasets/mvtec/metal_nut/train/good/105.png
mvtec,metal_nut,train,normal,,train/good/106.png,,data/datasets/mvtec/metal_nut/train/good/106.png
mvtec,metal_nut,train,normal,,train/good/107.png,,data/datasets/mvtec/metal_nut/train/good/107.png
mvtec,metal_nut,train,normal,,train/good/108.png,,data/datasets/mvtec/metal_nut/train/good/108.png
mvtec,metal_nut,train,normal,,train/good/109.png,,data/datasets/mvtec/metal_nut/train/good/109.png
mvtec,metal_nut,train,normal,,train/good/110.png,,data/datasets/mvtec/metal_nut/train/good/110.png
mvtec,metal_nut,train,normal,,train/good/111.png,,data/datasets/mvtec/metal_nut/train/good/111.png
mvtec,metal_nut,train,normal,,train/good/112.png,,data/datasets/mvtec/metal_nut/train/good/112.png
mvtec,metal_nut,train,normal,,train/good/113.png,,data/datasets/mvtec/metal_nut/train/good/113.png
mvtec,metal_nut,train,normal,,train/good/114.png,,data/datasets/mvtec/metal_nut/train/good/114.png
mvtec,metal_nut,train,normal,,train/good/115.png,,data/datasets/mvtec/metal_nut/train/good/115.png
mvtec,metal_nut,train,normal,,train/good/116.png,,data/datasets/mvtec/metal_nut/train/good/116.png
mvtec,metal_nut,train,normal,,train/good/117.png,,data/datasets/mvtec/metal_nut/train/good/117.png
mvtec,metal_nut,train,normal,,train/good/118.png,,data/datasets/mvtec/metal_nut/train/good/118.png
mvtec,metal_nut,train,normal,,train/good/119.png,,data/datasets/mvtec/metal_nut/train/good/119.png
mvtec,metal_nut,train,normal,,train/good/120.png,,data/datasets/mvtec/metal_nut/train/good/120.png
mvtec,metal_nut,train,normal,,train/good/121.png,,data/datasets/mvtec/metal_nut/train/good/121.png
mvtec,metal_nut,train,normal,,train/good/122.png,,data/datasets/mvtec/metal_nut/train/good/122.png
mvtec,metal_nut,train,normal,,train/good/123.png,,data/datasets/mvtec/metal_nut/train/good/123.png
mvtec,metal_nut,train,normal,,train/good/124.png,,data/datasets/mvtec/metal_nut/train/good/124.png
mvtec,metal_nut,train,normal,,train/good/125.png,,data/datasets/mvtec/metal_nut/train/good/125.png
mvtec,metal_nut,train,normal,,train/good/126.png,,data/datasets/mvtec/metal_nut/train/good/126.png
mvtec,metal_nut,train,normal,,train/good/127.png,,data/datasets/mvtec/metal_nut/train/good/127.png
mvtec,metal_nut,train,normal,,train/good/128.png,,data/datasets/mvtec/metal_nut/train/good/128.png
mvtec,metal_nut,train,normal,,train/good/129.png,,data/datasets/mvtec/metal_nut/train/good/129.png
mvtec,metal_nut,train,normal,,train/good/130.png,,data/datasets/mvtec/metal_nut/train/good/130.png
mvtec,metal_nut,train,normal,,train/good/131.png,,data/datasets/mvtec/metal_nut/train/good/131.png
mvtec,metal_nut,train,normal,,train/good/132.png,,data/datasets/mvtec/metal_nut/train/good/132.png
mvtec,metal_nut,train,normal,,train/good/133.png,,data/datasets/mvtec/metal_nut/train/good/133.png
mvtec,metal_nut,train,normal,,train/good/134.png,,data/datasets/mvtec/metal_nut/train/good/134.png
mvtec,metal_nut,train,normal,,train/good/135.png,,data/datasets/mvtec/metal_nut/train/good/135.png
mvtec,metal_nut,train,normal,,train/good/136.png,,data/datasets/mvtec/metal_nut/train/good/136.png
mvtec,metal_nut,train,normal,,train/good/137.png,,data/datasets/mvtec/metal_nut/train/good/137.png
mvtec,metal_nut,train,normal,,train/good/138.png,,data/datasets/mvtec/metal_nut/train/good/138.png
mvtec,metal_nut,train,normal,,train/good/139.png,,data/datasets/mvtec/metal_nut/train/good/139.png
mvtec,metal_nut,train,normal,,train/good/140.png,,data/datasets/mvtec/metal_nut/train/good/140.png
mvtec,metal_nut,train,normal,,train/good/141.png,,data/datasets/mvtec/metal_nut/train/good/141.png
mvtec,metal_nut,train,normal,,train/good/142.png,,data/datasets/mvtec/metal_nut/train/good/142.png
mvtec,metal_nut,train,normal,,train/good/143.png,,data/datasets/mvtec/metal_nut/train/good/143.png
mvtec,metal_nut,train,normal,,train/good/144.png,,data/datasets/mvtec/metal_nut/train/good/144.png
mvtec,metal_nut,train,normal,,train/good/145.png,,data/datasets/mvtec/metal_nut/train/good/145.png
mvtec,metal_nut,train,normal,,train/good/146.png,,data/datasets/mvtec/metal_nut/train/good/146.png
mvtec,metal_nut,train,normal,,train/good/147.png,,data/datasets/mvtec/metal_nut/train/good/147.png
mvtec,metal_nut,train,normal,,train/good/148.png,,data/datasets/mvtec/metal_nut/train/good/148.png
mvtec,metal_nut,train,normal,,train/good/149.png,,data/datasets/mvtec/metal_nut/train/good/149.png
mvtec,metal_nut,train,normal,,train/good/150.png,,data/datasets/mvtec/metal_nut/train/good/150.png
mvtec,metal_nut,train,normal,,train/good/151.png,,data/datasets/mvtec/metal_nut/train/good/151.png
mvtec,metal_nut,train,normal,,train/good/152.png,,data/datasets/mvtec/metal_nut/train/good/152.png
mvtec,metal_nut,train,normal,,train/good/153.png,,data/datasets/mvtec/metal_nut/train/good/153.png
mvtec,metal_nut,train,normal,,train/good/154.png,,data/datasets/mvtec/metal_nut/train/good/154.png
mvtec,metal_nut,train,normal,,train/good/155.png,,data/datasets/mvtec/metal_nut/train/good/155.png
mvtec,metal_nut,train,normal,,train/good/156.png,,data/datasets/mvtec/metal_nut/train/good/156.png
mvtec,metal_nut,train,normal,,train/good/157.png,,data/datasets/mvtec/metal_nut/train/good/157.png
mvtec,metal_nut,train,normal,,train/good/158.png,,data/datasets/mvtec/metal_nut/train/good/158.png
mvtec,metal_nut,train,normal,,train/good/159.png,,data/datasets/mvtec/metal_nut/train/good/159.png
mvtec,metal_nut,train,normal,,train/good/160.png,,data/datasets/mvtec/metal_nut/train/good/160.png
mvtec,metal_nut,train,normal,,train/good/161.png,,data/datasets/mvtec/metal_nut/train/good/161.png
mvtec,metal_nut,train,normal,,train/good/162.png,,data/datasets/mvtec/metal_nut/train/good/162.png
mvtec,metal_nut,train,normal,,train/good/163.png,,data/datasets/mvtec/metal_nut/train/good/163.png
mvtec,metal_nut,train,normal,,train/good/164.png,,data/datasets/mvtec/metal_nut/train/good/164.png
mvtec,metal_nut,train,normal,,train/good/165.png,,data/datasets/mvtec/metal_nut/train/good/165.png
mvtec,metal_nut,train,normal,,train/good/166.png,,data/datasets/mvtec/metal_nut/train/good/166.png
mvtec,metal_nut,train,normal,,train/good/167.png,,data/datasets/mvtec/metal_nut/train/good/167.png
mvtec,metal_nut,train,normal,,train/good/168.png,,data/datasets/mvtec/metal_nut/train/good/168.png
mvtec,metal_nut,train,normal,,train/good/169.png,,data/datasets/mvtec/metal_nut/train/good/169.png
mvtec,metal_nut,train,normal,,train/good/170.png,,data/datasets/mvtec/metal_nut/train/good/170.png
mvtec,metal_nut,train,normal,,train/good/171.png,,data/datasets/mvtec/metal_nut/train/good/171.png
mvtec,metal_nut,train,normal,,train/good/172.png,,data/datasets/mvtec/metal_nut/train/good/172.png
mvtec,metal_nut,train,normal,,train/good/173.png,,data/datasets/mvtec/metal_nut/train/good/173.png
mvtec,metal_nut,train,normal,,train/good/174.png,,data/datasets/mvtec/metal_nut/train/good/174.png
mvtec,metal_nut,train,normal,,train/good/175.png,,data/datasets/mvtec/metal_nut/train/good/175.png
mvtec,metal_nut,train,normal,,train/good/176.png,,data/datasets/mvtec/metal_nut/train/good/176.png
mvtec,metal_nut,train,normal,,train/good/177.png,,data/datasets/mvtec/metal_nut/train/good/177.png
mvtec,metal_nut,train,normal,,train/good/178.png,,data/datasets/mvtec/metal_nut/train/good/178.png
mvtec,metal_nut,train,normal,,train/good/179.png,,data/datasets/mvtec/metal_nut/train/good/179.png
mvtec,metal_nut,train,normal,,train/good/180.png,,data/datasets/mvtec/metal_nut/train/good/180.png
mvtec,metal_nut,train,normal,,train/good/181.png,,data/datasets/mvtec/metal_nut/train/good/181.png
mvtec,metal_nut,train,normal,,train/good/182.png,,data/datasets/mvtec/metal_nut/train/good/182.png
mvtec,metal_nut,train,normal,,train/good/183.png,,data/datasets/mvtec/metal_nut/train/good/183.png
mvtec,metal_nut,train,normal,,train/good/184.png,,data/datasets/mvtec/metal_nut/train/good/184.png
mvtec,metal_nut,train,normal,,train/good/185.png,,data/datasets/mvtec/metal_nut/train/good/185.png
mvtec,metal_nut,train,normal,,train/good/186.png,,data/datasets/mvtec/metal_nut/train/good/186.png
mvtec,metal_nut,train,normal,,train/good/187.png,,data/datasets/mvtec/metal_nut/train/good/187.png
mvtec,metal_nut,train,normal,,train/good/188.png,,data/datasets/mvtec/metal_nut/train/good/188.png
mvtec,metal_nut,train,normal,,train/good/189.png,,data/datasets/mvtec/metal_nut/train/good/189.png
mvtec,metal_nut,train,normal,,train/good/190.png,,data/datasets/mvtec/metal_nut/train/good/190.png
mvtec,metal_nut,train,normal,,train/good/191.png,,data/datasets/mvtec/metal_nut/train/good/191.png
mvtec,metal_nut,train,normal,,train/good/192.png,,data/datasets/mvtec/metal_nut/train/good/192.png
mvtec,metal_nut,train,normal,,train/good/193.png,,data/datasets/mvtec/metal_nut/train/good/193.png
mvtec,metal_nut,train,normal,,train/good/194.png,,data/datasets/mvtec/metal_nut/train/good/194.png
mvtec,metal_nut,train,normal,,train/good/195.png,,data/datasets/mvtec/metal_nut/train/good/195.png
mvtec,metal_nut,train,normal,,train/good/196.png,,data/datasets/mvtec/metal_nut/train/good/196.png
mvtec,metal_nut,train,normal,,train/good/197.png,,data/datasets/mvtec/metal_nut/train/good/197.png
mvtec,metal_nut,train,normal,,train/good/198.png,,data/datasets/mvtec/metal_nut/train/good/198.png
mvtec,metal_nut,train,normal,,train/good/199.png,,data/datasets/mvtec/metal_nut/train/good/199.png
mvtec,metal_nut,train,normal,,train/good/200.png,,data/datasets/mvtec/metal_nut/train/good/200.png
mvtec,metal_nut,train,normal,,train/good/201.png,,data/datasets/mvtec/metal_nut/train/good/201.png
mvtec,metal_nut,train,normal,,train/good/202.png,,data/datasets/mvtec/metal_nut/train/good/202.png
mvtec,metal_nut,train,normal,,train/good/203.png,,data/datasets/mvtec/metal_nut/train/good/203.png
mvtec,metal_nut,train,normal,,train/good/204.png,,data/datasets/mvtec/metal_nut/train/good/204.png
mvtec,metal_nut,train,normal,,train/good/205.png,,data/datasets/mvtec/metal_nut/train/good/205.png
mvtec,metal_nut,train,normal,,train/good/206.png,,data/datasets/mvtec/metal_nut/train/good/206.png
mvtec,metal_nut,train,normal,,train/good/207.png,,data/datasets/mvtec/metal_nut/train/good/207.png
mvtec,metal_nut,train,normal,,train/good/208.png,,data/datasets/mvtec/metal_nut/train/good/208.png
mvtec,metal_nut,train,normal,,train/good/209.png,,data/datasets/mvtec/metal_nut/train/good/209.png
mvtec,metal_nut,train,normal,,train/good/210.png,,data/datasets/mvtec/metal_nut/train/good/210.png
mvtec,metal_nut,train,normal,,train/good/211.png,,data/datasets/mvtec/metal_nut/train/good/211.png
mvtec,metal_nut,train,normal,,train/good/212.png,,data/datasets/mvtec/metal_nut/train/good/212.png
mvtec,metal_nut,train,normal,,train/good/213.png,,data/datasets/mvtec/metal_nut/train/good/213.png
mvtec,metal_nut,train,normal,,train/good/214.png,,data/datasets/mvtec/metal_nut/train/good/214.png
mvtec,metal_nut,train,normal,,train/good/215.png,,data/datasets/mvtec/metal_nut/train/good/215.png
mvtec,metal_nut,train,normal,,train/good/216.png,,data/datasets/mvtec/metal_nut/train/good/216.png
mvtec,metal_nut,train,normal,,train/good/217.png,,data/datasets/mvtec/metal_nut/train/good/217.png
mvtec,metal_nut,train,normal,,train/good/218.png,,data/datasets/mvtec/metal_nut/train/good/218.png
mvtec,metal_nut,train,normal,,train/good/219.png,,data/datasets/mvtec/metal_nut/train/good/219.png
mvtec,metal_nut,train,anomaly,bent,train/anomaly/bent_003.png,train/masks/bent_003.png,data/datasets/mvtec/metal_nut/test/bent/003.png
mvtec,metal_nut,train,anomaly,bent,train/anomaly/bent_006.png,train/masks/bent_006.png,data/datasets/mvtec/metal_nut/test/bent/006.png
mvtec,metal_nut,train,anomaly,bent,train/anomaly/bent_009.png,train/masks/bent_009.png,data/datasets/mvtec/metal_nut/test/bent/009.png
mvtec,metal_nut,train,anomaly,bent,train/anomaly/bent_010.png,train/masks/bent_010.png,data/datasets/mvtec/metal_nut/test/bent/010.png
mvtec,metal_nut,train,anomaly,bent,train/anomaly/bent_014.png,train/masks/bent_014.png,data/datasets/mvtec/metal_nut/test/bent/014.png
mvtec,metal_nut,train,anomaly,bent,train/anomaly/bent_018.png,train/masks/bent_018.png,data/datasets/mvtec/metal_nut/test/bent/018.png
mvtec,metal_nut,train,anomaly,bent,train/anomaly/bent_019.png,train/masks/bent_019.png,data/datasets/mvtec/metal_nut/test/bent/019.png
mvtec,metal_nut,train,anomaly,bent,train/anomaly/bent_021.png,train/masks/bent_021.png,data/datasets/mvtec/metal_nut/test/bent/021.png
mvtec,metal_nut,train,anomaly,flip,train/anomaly/flip_000.png,train/masks/flip_000.png,data/datasets/mvtec/metal_nut/test/flip/000.png
mvtec,metal_nut,train,anomaly,flip,train/anomaly/flip_005.png,train/masks/flip_005.png,data/datasets/mvtec/metal_nut/test/flip/005.png
mvtec,metal_nut,train,anomaly,flip,train/anomaly/flip_007.png,train/masks/flip_007.png,data/datasets/mvtec/metal_nut/test/flip/007.png
mvtec,metal_nut,train,anomaly,flip,train/anomaly/flip_011.png,train/masks/flip_011.png,data/datasets/mvtec/metal_nut/test/flip/011.png
mvtec,metal_nut,train,anomaly,flip,train/anomaly/flip_012.png,train/masks/flip_012.png,data/datasets/mvtec/metal_nut/test/flip/012.png
mvtec,metal_nut,train,anomaly,flip,train/anomaly/flip_014.png,train/masks/flip_014.png,data/datasets/mvtec/metal_nut/test/flip/014.png
mvtec,metal_nut,train,anomaly,flip,train/anomaly/flip_019.png,train/masks/flip_019.png,data/datasets/mvtec/metal_nut/test/flip/019.png
mvtec,metal_nut,train,anomaly,scratch,train/anomaly/scratch_003.png,train/masks/scratch_003.png,data/datasets/mvtec/metal_nut/test/scratch/003.png
mvtec,metal_nut,train,anomaly,scratch,train/anomaly/scratch_004.png,train/masks/scratch_004.png,data/datasets/mvtec/metal_nut/test/scratch/004.png
mvtec,metal_nut,train,anomaly,scratch,train/anomaly/scratch_006.png,train/masks/scratch_006.png,data/datasets/mvtec/metal_nut/test/scratch/006.png
mvtec,metal_nut,train,anomaly,scratch,train/anomaly/scratch_012.png,train/masks/scratch_012.png,data/datasets/mvtec/metal_nut/test/scratch/012.png
mvtec,metal_nut,train,anomaly,scratch,train/anomaly/scratch_018.png,train/masks/scratch_018.png,data/datasets/mvtec/metal_nut/test/scratch/018.png
mvtec,metal_nut,train,anomaly,scratch,train/anomaly/scratch_019.png,train/masks/scratch_019.png,data/datasets/mvtec/metal_nut/test/scratch/019.png
mvtec,metal_nut,train,anomaly,scratch,train/anomaly/scratch_020.png,train/masks/scratch_020.png,data/datasets/mvtec/metal_nut/test/scratch/020.png
mvtec,metal_nut,test,normal,,test/good/000.png,,data/datasets/mvtec/metal_nut/test/good/000.png
mvtec,metal_nut,test,normal,,test/good/001.png,,data/datasets/mvtec/metal_nut/test/good/001.png
mvtec,metal_nut,test,normal,,test/good/002.png,,data/datasets/mvtec/metal_nut/test/good/002.png
mvtec,metal_nut,test,normal,,test/good/003.png,,data/datasets/mvtec/metal_nut/test/good/003.png
mvtec,metal_nut,test,normal,,test/good/004.png,,data/datasets/mvtec/metal_nut/test/good/004.png
mvtec,metal_nut,test,normal,,test/good/005.png,,data/datasets/mvtec/metal_nut/test/good/005.png
mvtec,metal_nut,test,normal,,test/good/006.png,,data/datasets/mvtec/metal_nut/test/good/006.png
mvtec,metal_nut,test,normal,,test/good/007.png,,data/datasets/mvtec/metal_nut/test/good/007.png
mvtec,metal_nut,test,normal,,test/good/008.png,,data/datasets/mvtec/metal_nut/test/good/008.png
mvtec,metal_nut,test,normal,,test/good/009.png,,data/datasets/mvtec/metal_nut/test/good/009.png
mvtec,metal_nut,test,normal,,test/good/010.png,,data/datasets/mvtec/metal_nut/test/good/010.png
mvtec,metal_nut,test,normal,,test/good/011.png,,data/datasets/mvtec/metal_nut/test/good/011.png
mvtec,metal_nut,test,normal,,test/good/012.png,,data/datasets/mvtec/metal_nut/test/good/012.png
mvtec,metal_nut,test,normal,,test/good/013.png,,data/datasets/mvtec/metal_nut/test/good/013.png
mvtec,metal_nut,test,normal,,test/good/014.png,,data/datasets/mvtec/metal_nut/test/good/014.png
mvtec,metal_nut,test,normal,,test/good/015.png,,data/datasets/mvtec/metal_nut/test/good/015.png
mvtec,metal_nut,test,normal,,test/good/016.png,,data/datasets/mvtec/metal_nut/test/good/016.png
mvtec,metal_nut,test,normal,,test/good/017.png,,data/datasets/mvtec/metal_nut/test/good/017.png
mvtec,metal_nut,test,normal,,test/good/018.png,,data/datasets/mvtec/metal_nut/test/good/018.png
mvtec,metal_nut,test,normal,,test/good/019.png,,data/datasets/mvtec/metal_nut/test/good/019.png
mvtec,metal_nut,test,normal,,test/good/020.png,,data/datasets/mvtec/metal_nut/test/good/020.png
mvtec,metal_nut,test,normal,,test/good/021.png,,data/datasets/mvtec/metal_nut/test/good/021.png
mvtec,metal_nut,test,anomaly,bent,test/anomaly/bent_000.png,test/masks/bent_000.png,data/datasets/mvtec/metal_nut/test/bent/000.png
mvtec,metal_nut,test,anomaly,bent,test/anomaly/bent_001.png,test/masks/bent_001.png,data/datasets/mvtec/metal_nut/test/bent/001.png
mvtec,metal_nut,test,anomaly,bent,test/anomaly/bent_002.png,test/masks/bent_002.png,data/datasets/mvtec/metal_nut/test/bent/002.png
mvtec,metal_nut,test,anomaly,bent,test/anomaly/bent_004.png,test/masks/bent_004.png,data/datasets/mvtec/metal_nut/test/bent/004.png
mvtec,metal_nut,test,anomaly,bent,test/anomaly/bent_005.png,test/masks/bent_005.png,data/datasets/mvtec/metal_nut/test/bent/005.png
mvtec,metal_nut,test,anomaly,bent,test/anomaly/bent_007.png,test/masks/bent_007.png,data/datasets/mvtec/metal_nut/test/bent/007.png
mvtec,metal_nut,test,anomaly,bent,test/anomaly/bent_008.png,test/masks/bent_008.png,data/datasets/mvtec/metal_nut/test/bent/008.png
mvtec,metal_nut,test,anomaly,bent,test/anomaly/bent_011.png,test/masks/bent_011.png,data/datasets/mvtec/metal_nut/test/bent/011.png
mvtec,metal_nut,test,anomaly,bent,test/anomaly/bent_012.png,test/masks/bent_012.png,data/datasets/mvtec/metal_nut/test/bent/012.png
mvtec,metal_nut,test,anomaly,bent,test/anomaly/bent_013.png,test/masks/bent_013.png,data/datasets/mvtec/metal_nut/test/bent/013.png
mvtec,metal_nut,test,anomaly,bent,test/anomaly/bent_015.png,test/masks/bent_015.png,data/datasets/mvtec/metal_nut/test/bent/015.png
mvtec,metal_nut,test,anomaly,bent,test/anomaly/bent_016.png,test/masks/bent_016.png,data/datasets/mvtec/metal_nut/test/bent/016.png
mvtec,metal_nut,test,anomaly,bent,test/anomaly/bent_017.png,test/masks/bent_017.png,data/datasets/mvtec/metal_nut/test/bent/017.png
mvtec,metal_nut,test,anomaly,bent,test/anomaly/bent_020.png,test/masks/bent_020.png,data/datasets/mvtec/metal_nut/test/bent/020.png
mvtec,metal_nut,test,anomaly,bent,test/anomaly/bent_022.png,test/masks/bent_022.png,data/datasets/mvtec/metal_nut/test/bent/022.png
mvtec,metal_nut,test,anomaly,bent,test/anomaly/bent_023.png,test/masks/bent_023.png,data/datasets/mvtec/metal_nut/test/bent/023.png
mvtec,metal_nut,test,anomaly,bent,test/anomaly/bent_024.png,test/masks/bent_024.png,data/datasets/mvtec/metal_nut/test/bent/024.png
mvtec,metal_nut,test,anomaly,color,test/anomaly/color_000.png,test/masks/color_000.png,data/datasets/mvtec/metal_nut/test/color/000.png
mvtec,metal_nut,test,anomaly,color,test/anomaly/color_001.png,test/masks/color_001.png,data/datasets/mvtec/metal_nut/test/color/001.png
mvtec,metal_nut,test,anomaly,color,test/anomaly/color_002.png,test/masks/color_002.png,data/datasets/mvtec/metal_nut/test/color/002.png
mvtec,metal_nut,test,anomaly,color,test/anomaly/color_003.png,test/masks/color_003.png,data/datasets/mvtec/metal_nut/test/color/003.png
mvtec,metal_nut,test,anomaly,color,test/anomaly/color_004.png,test/masks/color_004.png,data/datasets/mvtec/metal_nut/test/color/004.png
mvtec,metal_nut,test,anomaly,color,test/anomaly/color_005.png,test/masks/color_005.png,data/datasets/mvtec/metal_nut/test/color/005.png
mvtec,metal_nut,test,anomaly,color,test/anomaly/color_006.png,test/masks/color_006.png,data/datasets/mvtec/metal_nut/test/color/006.png
mvtec,metal_nut,test,anomaly,color,test/anomaly/color_007.png,test/masks/color_007.png,data/datasets/mvtec/metal_nut/test/color/007.png
mvtec,metal_nut,test,anomaly,color,test/anomaly/color_008.png,test/masks/color_008.png,data/datasets/mvtec/metal_nut/test/color/008.png
mvtec,metal_nut,test,anomaly,color,test/anomaly/color_009.png,test/masks/color_009.png,data/datasets/mvtec/metal_nut/test/color/009.png
mvtec,metal_nut,test,anomaly,color,test/anomaly/color_010.png,test/masks/color_010.png,data/datasets/mvtec/metal_nut/test/color/010.png
mvtec,metal_nut,test,anomaly,color,test/anomaly/color_011.png,test/masks/color_011.png,data/datasets/mvtec/metal_nut/test/color/011.png
mvtec,metal_nut,test,anomaly,color,test/anomaly/color_012.png,test/masks/color_012.png,data/datasets/mvtec/metal_nut/test/color/012.png
mvtec,metal_nut,test,anomaly,color,test/anomaly/color_013.png,test/masks/color_013.png,data/datasets/mvtec/metal_nut/test/color/013.png
mvtec,metal_nut,test,anomaly,color,test/anomaly/color_014.png,test/masks/color_014.png,data/datasets/mvtec/metal_nut/test/color/014.png
mvtec,metal_nut,test,anomaly,color,test/anomaly/color_015.png,test/masks/color_015.png,data/datasets/mvtec/metal_nut/test/color/015.png
mvtec,metal_nut,test,anomaly,color,test/anomaly/color_016.png,test/masks/color_016.png,data/datasets/mvtec/metal_nut/test/color/016.png
mvtec,metal_nut,test,anomaly,color,test/anomaly/color_017.png,test/masks/color_017.png,data/datasets/mvtec/metal_nut/test/color/017.png
mvtec,metal_nut,test,anomaly,color,test/anomaly/color_018.png,test/masks/color_018.png,data/datasets/mvtec/metal_nut/test/color/018.png
mvtec,metal_nut,test,anomaly,color,test/anomaly/color_019.png,test/masks/color_019.png,data/datasets/mvtec/metal_nut/test/color/019.png
mvtec,metal_nut,test,anomaly,color,test/anomaly/color_020.png,test/masks/color_020.png,data/datasets/mvtec/metal_nut/test/color/020.png
mvtec,metal_nut,test,anomaly,color,test/anomaly/color_021.png,test/masks/color_021.png,data/datasets/mvtec/metal_nut/test/color/021.png
mvtec,metal_nut,test,anomaly,flip,test/anomaly/flip_001.png,test/masks/flip_001.png,data/datasets/mvtec/metal_nut/test/flip/001.png
mvtec,metal_nut,test,anomaly,flip,test/anomaly/flip_002.png,test/masks/flip_002.png,data/datasets/mvtec/metal_nut/test/flip/002.png
mvtec,metal_nut,test,anomaly,flip,test/anomaly/flip_003.png,test/masks/flip_003.png,data/datasets/mvtec/metal_nut/test/flip/003.png
mvtec,metal_nut,test,anomaly,flip,test/anomaly/flip_004.png,test/masks/flip_004.png,data/datasets/mvtec/metal_nut/test/flip/004.png
mvtec,metal_nut,test,anomaly,flip,test/anomaly/flip_006.png,test/masks/flip_006.png,data/datasets/mvtec/metal_nut/test/flip/006.png
mvtec,metal_nut,test,anomaly,flip,test/anomaly/flip_008.png,test/masks/flip_008.png,data/datasets/mvtec/metal_nut/test/flip/008.png
mvtec,metal_nut,test,anomaly,flip,test/anomaly/flip_009.png,test/masks/flip_009.png,data/datasets/mvtec/metal_nut/test/flip/009.png
mvtec,metal_nut,test,anomaly,flip,test/anomaly/flip_010.png,test/masks/flip_010.png,data/datasets/mvtec/metal_nut/test/flip/010.png
mvtec,metal_nut,test,anomaly,flip,test/anomaly/flip_013.png,test/masks/flip_013.png,data/datasets/mvtec/metal_nut/test/flip/013.png
mvtec,metal_nut,test,anomaly,flip,test/anomaly/flip_015.png,test/masks/flip_015.png,data/datasets/mvtec/metal_nut/test/flip/015.png
mvtec,metal_nut,test,anomaly,flip,test/anomaly/flip_016.png,test/masks/flip_016.png,data/datasets/mvtec/metal_nut/test/flip/016.png
mvtec,metal_nut,test,anomaly,flip,test/anomaly/flip_017.png,test/masks/flip_017.png,data/datasets/mvtec/metal_nut/test/flip/017.png
mvtec,metal_nut,test,anomaly,flip,test/anomaly/flip_018.png,test/masks/flip_018.png,data/datasets/mvtec/metal_nut/test/flip/018.png
mvtec,metal_nut,test,anomaly,flip,test/anomaly/flip_020.png,test/masks/flip_020.png,data/datasets/mvtec/metal_nut/test/flip/020.png
mvtec,metal_nut,test,anomaly,flip,test/anomaly/flip_021.png,test/masks/flip_021.png,data/datasets/mvtec/metal_nut/test/flip/021.png
mvtec,metal_nut,test,anomaly,flip,test/anomaly/flip_022.png,test/masks/flip_022.png,data/datasets/mvtec/metal_nut/test/flip/022.png
mvtec,metal_nut,test,anomaly,scratch,test/anomaly/scratch_000.png,test/masks/scratch_000.png,data/datasets/mvtec/metal_nut/test/scratch/000.png
mvtec,metal_nut,test,anomaly,scratch,test/anomaly/scratch_001.png,test/masks/scratch_001.png,data/datasets/mvtec/metal_nut/test/scratch/001.png
mvtec,metal_nut,test,anomaly,scratch,test/anomaly/scratch_002.png,test/masks/scratch_002.png,data/datasets/mvtec/metal_nut/test/scratch/002.png
mvtec,metal_nut,test,anomaly,scratch,test/anomaly/scratch_005.png,test/masks/scratch_005.png,data/datasets/mvtec/metal_nut/test/scratch/005.png
mvtec,metal_nut,test,anomaly,scratch,test/anomaly/scratch_007.png,test/masks/scratch_007.png,data/datasets/mvtec/metal_nut/test/scratch/007.png
mvtec,metal_nut,test,anomaly,scratch,test/anomaly/scratch_008.png,test/masks/scratch_008.png,data/datasets/mvtec/metal_nut/test/scratch/008.png
mvtec,metal_nut,test,anomaly,scratch,test/anomaly/scratch_009.png,test/masks/scratch_009.png,data/datasets/mvtec/metal_nut/test/scratch/009.png
mvtec,metal_nut,test,anomaly,scratch,test/anomaly/scratch_010.png,test/masks/scratch_010.png,data/datasets/mvtec/metal_nut/test/scratch/010.png
mvtec,metal_nut,test,anomaly,scratch,test/anomaly/scratch_011.png,test/masks/scratch_011.png,data/datasets/mvtec/metal_nut/test/scratch/011.png
mvtec,metal_nut,test,anomaly,scratch,test/anomaly/scratch_013.png,test/masks/scratch_013.png,data/datasets/mvtec/metal_nut/test/scratch/013.png
mvtec,metal_nut,test,anomaly,scratch,test/anomaly/scratch_014.png,test/masks/scratch_014.png,data/datasets/mvtec/metal_nut/test/scratch/014.png
mvtec,metal_nut,test,anomaly,scratch,test/anomaly/scratch_015.png,test/masks/scratch_015.png,data/datasets/mvtec/metal_nut/test/scratch/015.png
mvtec,metal_nut,test,anomaly,scratch,test/anomaly/scratch_016.png,test/masks/scratch_016.png,data/datasets/mvtec/metal_nut/test/scratch/016.png
mvtec,metal_nut,test,anomaly,scratch,test/anomaly/scratch_017.png,test/masks/scratch_017.png,data/datasets/mvtec/metal_nut/test/scratch/017.png
mvtec,metal_nut,test,anomaly,scratch,test/anomaly/scratch_021.png,test/masks/scratch_021.png,data/datasets/mvtec/metal_nut/test/scratch/021.png
mvtec,metal_nut,test,anomaly,scratch,test/anomaly/scratch_022.png,test/masks/scratch_022.png,data/datasets/mvtec/metal_nut/test/scratch/022.png
mvtec,screw,train,normal,,train/good/000.png,,data/datasets/mvtec/screw/train/good/000.png
mvtec,screw,train,normal,,train/good/001.png,,data/datasets/mvtec/screw/train/good/001.png
mvtec,screw,train,normal,,train/good/002.png,,data/datasets/mvtec/screw/train/good/002.png
mvtec,screw,train,normal,,train/good/003.png,,data/datasets/mvtec/screw/train/good/003.png
mvtec,screw,train,normal,,train/good/004.png,,data/datasets/mvtec/screw/train/good/004.png
mvtec,screw,train,normal,,train/good/005.png,,data/datasets/mvtec/screw/train/good/005.png
mvtec,screw,train,normal,,train/good/006.png,,data/datasets/mvtec/screw/train/good/006.png
mvtec,screw,train,normal,,train/good/007.png,,data/datasets/mvtec/screw/train/good/007.png
mvtec,screw,train,normal,,train/good/008.png,,data/datasets/mvtec/screw/train/good/008.png
mvtec,screw,train,normal,,train/good/009.png,,data/datasets/mvtec/screw/train/good/009.png
mvtec,screw,train,normal,,train/good/010.png,,data/datasets/mvtec/screw/train/good/010.png
mvtec,screw,train,normal,,train/good/011.png,,data/datasets/mvtec/screw/train/good/011.png
mvtec,screw,train,normal,,train/good/012.png,,data/datasets/mvtec/screw/train/good/012.png
mvtec,screw,train,normal,,train/good/013.png,,data/datasets/mvtec/screw/train/good/013.png
mvtec,screw,train,normal,,train/good/014.png,,data/datasets/mvtec/screw/train/good/014.png
mvtec,screw,train,normal,,train/good/015.png,,data/datasets/mvtec/screw/train/good/015.png
mvtec,screw,train,normal,,train/good/016.png,,data/datasets/mvtec/screw/train/good/016.png
mvtec,screw,train,normal,,train/good/017.png,,data/datasets/mvtec/screw/train/good/017.png
mvtec,screw,train,normal,,train/good/018.png,,data/datasets/mvtec/screw/train/good/018.png
mvtec,screw,train,normal,,train/good/019.png,,data/datasets/mvtec/screw/train/good/019.png
mvtec,screw,train,normal,,train/good/020.png,,data/datasets/mvtec/screw/train/good/020.png
mvtec,screw,train,normal,,train/good/021.png,,data/datasets/mvtec/screw/train/good/021.png
mvtec,screw,train,normal,,train/good/022.png,,data/datasets/mvtec/screw/train/good/022.png
mvtec,screw,train,normal,,train/good/023.png,,data/datasets/mvtec/screw/train/good/023.png
mvtec,screw,train,normal,,train/good/024.png,,data/datasets/mvtec/screw/train/good/024.png
mvtec,screw,train,normal,,train/good/025.png,,data/datasets/mvtec/screw/train/good/025.png
mvtec,screw,train,normal,,train/good/026.png,,data/datasets/mvtec/screw/train/good/026.png
mvtec,screw,train,normal,,train/good/027.png,,data/datasets/mvtec/screw/train/good/027.png
mvtec,screw,train,normal,,train/good/028.png,,data/datasets/mvtec/screw/train/good/028.png
mvtec,screw,train,normal,,train/good/029.png,,data/datasets/mvtec/screw/train/good/029.png
mvtec,screw,train,normal,,train/good/030.png,,data/datasets/mvtec/screw/train/good/030.png
mvtec,screw,train,normal,,train/good/031.png,,data/datasets/mvtec/screw/train/good/031.png
mvtec,screw,train,normal,,train/good/032.png,,data/datasets/mvtec/screw/train/good/032.png
mvtec,screw,train,normal,,train/good/033.png,,data/datasets/mvtec/screw/train/good/033.png
mvtec,screw,train,normal,,train/good/034.png,,data/datasets/mvtec/screw/train/good/034.png
mvtec,screw,train,normal,,train/good/035.png,,data/datasets/mvtec/screw/train/good/035.png
mvtec,screw,train,normal,,train/good/036.png,,data/datasets/mvtec/screw/train/good/036.png
mvtec,screw,train,normal,,train/good/037.png,,data/datasets/mvtec/screw/train/good/037.png
mvtec,screw,train,normal,,train/good/038.png,,data/datasets/mvtec/screw/train/good/038.png
mvtec,screw,train,normal,,train/good/039.png,,data/datasets/mvtec/screw/train/good/039.png
mvtec,screw,train,normal,,train/good/040.png,,data/datasets/mvtec/screw/train/good/040.png
mvtec,screw,train,normal,,train/good/041.png,,data/datasets/mvtec/screw/train/good/041.png
mvtec,screw,train,normal,,train/good/042.png,,data/datasets/mvtec/screw/train/good/042.png
mvtec,screw,train,normal,,train/good/043.png,,data/datasets/mvtec/screw/train/good/043.png
mvtec,screw,train,normal,,train/good/044.png,,data/datasets/mvtec/screw/train/good/044.png
mvtec,screw,train,normal,,train/good/045.png,,data/datasets/mvtec/screw/train/good/045.png
mvtec,screw,train,normal,,train/good/046.png,,data/datasets/mvtec/screw/train/good/046.png
mvtec,screw,train,normal,,train/good/047.png,,data/datasets/mvtec/screw/train/good/047.png
mvtec,screw,train,normal,,train/good/048.png,,data/datasets/mvtec/screw/train/good/048.png
mvtec,screw,train,normal,,train/good/049.png,,data/datasets/mvtec/screw/train/good/049.png
mvtec,screw,train,normal,,train/good/050.png,,data/datasets/mvtec/screw/train/good/050.png
mvtec,screw,train,normal,,train/good/051.png,,data/datasets/mvtec/screw/train/good/051.png
mvtec,screw,train,normal,,train/good/052.png,,data/datasets/mvtec/screw/train/good/052.png
mvtec,screw,train,normal,,train/good/053.png,,data/datasets/mvtec/screw/train/good/053.png
mvtec,screw,train,normal,,train/good/054.png,,data/datasets/mvtec/screw/train/good/054.png
mvtec,screw,train,normal,,train/good/055.png,,data/datasets/mvtec/screw/train/good/055.png
mvtec,screw,train,normal,,train/good/056.png,,data/datasets/mvtec/screw/train/good/056.png
mvtec,screw,train,normal,,train/good/057.png,,data/datasets/mvtec/screw/train/good/057.png
mvtec,screw,train,normal,,train/good/058.png,,data/datasets/mvtec/screw/train/good/058.png
mvtec,screw,train,normal,,train/good/059.png,,data/datasets/mvtec/screw/train/good/059.png
mvtec,screw,train,normal,,train/good/060.png,,data/datasets/mvtec/screw/train/good/060.png
mvtec,screw,train,normal,,train/good/061.png,,data/datasets/mvtec/screw/train/good/061.png
mvtec,screw,train,normal,,train/good/062.png,,data/datasets/mvtec/screw/train/good/062.png
mvtec,screw,train,normal,,train/good/063.png,,data/datasets/mvtec/screw/train/good/063.png
mvtec,screw,train,normal,,train/good/064.png,,data/datasets/mvtec/screw/train/good/064.png
mvtec,screw,train,normal,,train/good/065.png,,data/datasets/mvtec/screw/train/good/065.png
mvtec,screw,train,normal,,train/good/066.png,,data/datasets/mvtec/screw/train/good/066.png
mvtec,screw,train,normal,,train/good/067.png,,data/datasets/mvtec/screw/train/good/067.png
mvtec,screw,train,normal,,train/good/068.png,,data/datasets/mvtec/screw/train/good/068.png
mvtec,screw,train,normal,,train/good/069.png,,data/datasets/mvtec/screw/train/good/069.png
mvtec,screw,train,normal,,train/good/070.png,,data/datasets/mvtec/screw/train/good/070.png
mvtec,screw,train,normal,,train/good/071.png,,data/datasets/mvtec/screw/train/good/071.png
mvtec,screw,train,normal,,train/good/072.png,,data/datasets/mvtec/screw/train/good/072.png
mvtec,screw,train,normal,,train/good/073.png,,data/datasets/mvtec/screw/train/good/073.png
mvtec,screw,train,normal,,train/good/074.png,,data/datasets/mvtec/screw/train/good/074.png
mvtec,screw,train,normal,,train/good/075.png,,data/datasets/mvtec/screw/train/good/075.png
mvtec,screw,train,normal,,train/good/076.png,,data/datasets/mvtec/screw/train/good/076.png
mvtec,screw,train,normal,,train/good/077.png,,data/datasets/mvtec/screw/train/good/077.png
mvtec,screw,train,normal,,train/good/078.png,,data/datasets/mvtec/screw/train/good/078.png
mvtec,screw,train,normal,,train/good/079.png,,data/datasets/mvtec/screw/train/good/079.png
mvtec,screw,train,normal,,train/good/080.png,,data/datasets/mvtec/screw/train/good/080.png
mvtec,screw,train,normal,,train/good/081.png,,data/datasets/mvtec/screw/train/good/081.png
mvtec,screw,train,normal,,train/good/082.png,,data/datasets/mvtec/screw/train/good/082.png
mvtec,screw,train,normal,,train/good/083.png,,data/datasets/mvtec/screw/train/good/083.png
mvtec,screw,train,normal,,train/good/084.png,,data/datasets/mvtec/screw/train/good/084.png
mvtec,screw,train,normal,,train/good/085.png,,data/datasets/mvtec/screw/train/good/085.png
mvtec,screw,train,normal,,train/good/086.png,,data/datasets/mvtec/screw/train/good/086.png
mvtec,screw,train,normal,,train/good/087.png,,data/datasets/mvtec/screw/train/good/087.png
mvtec,screw,train,normal,,train/good/088.png,,data/datasets/mvtec/screw/train/good/088.png
mvtec,screw,train,normal,,train/good/089.png,,data/datasets/mvtec/screw/train/good/089.png
mvtec,screw,train,normal,,train/good/090.png,,data/datasets/mvtec/screw/train/good/090.png
mvtec,screw,train,normal,,train/good/091.png,,data/datasets/mvtec/screw/train/good/091.png
mvtec,screw,train,normal,,train/good/092.png,,data/datasets/mvtec/screw/train/good/092.png
mvtec,screw,train,normal,,train/good/093.png,,data/datasets/mvtec/screw/train/good/093.png
mvtec,screw,train,normal,,train/good/094.png,,data/datasets/mvtec/screw/train/good/094.png
mvtec,screw,train,normal,,train/good/095.png,,data/datasets/mvtec/screw/train/good/095.png
mvtec,screw,train,normal,,train/good/096.png,,data/datasets/mvtec/screw/train/good/096.png
mvtec,screw,train,normal,,train/good/097.png,,data/datasets/mvtec/screw/train/good/097.png
mvtec,screw,train,normal,,train/good/098.png,,data/datasets/mvtec/screw/train/good/098.png
mvtec,screw,train,normal,,train/good/099.png,,data/datasets/mvtec/screw/train/good/099.png
mvtec,screw,train,normal,,train/good/100.png,,data/datasets/mvtec/screw/train/good/100.png
mvtec,screw,train,normal,,train/good/101.png,,data/datasets/mvtec/screw/train/good/101.png
mvtec,screw,train,normal,,train/good/102.png,,data/datasets/mvtec/screw/train/good/102.png
mvtec,screw,train,normal,,train/good/103.png,,data/datasets/mvtec/screw/train/good/103.png
mvtec,screw,train,normal,,train/good/104.png,,data/datasets/mvtec/screw/train/good/104.png
mvtec,screw,train,normal,,train/good/105.png,,data/datasets/mvtec/screw/train/good/105.png
mvtec,screw,train,normal,,train/good/106.png,,data/datasets/mvtec/screw/train/good/106.png
mvtec,screw,train,normal,,train/good/107.png,,data/datasets/mvtec/screw/train/good/107.png
mvtec,screw,train,normal,,train/good/108.png,,data/datasets/mvtec/screw/train/good/108.png
mvtec,screw,train,normal,,train/good/109.png,,data/datasets/mvtec/screw/train/good/109.png
mvtec,screw,train,normal,,train/good/110.png,,data/datasets/mvtec/screw/train/good/110.png
mvtec,screw,train,normal,,train/good/111.png,,data/datasets/mvtec/screw/train/good/111.png
mvtec,screw,train,normal,,train/good/112.png,,data/datasets/mvtec/screw/train/good/112.png
mvtec,screw,train,normal,,train/good/113.png,,data/datasets/mvtec/screw/train/good/113.png
mvtec,screw,train,normal,,train/good/114.png,,data/datasets/mvtec/screw/train/good/114.png
mvtec,screw,train,normal,,train/good/115.png,,data/datasets/mvtec/screw/train/good/115.png
mvtec,screw,train,normal,,train/good/116.png,,data/datasets/mvtec/screw/train/good/116.png
mvtec,screw,train,normal,,train/good/117.png,,data/datasets/mvtec/screw/train/good/117.png
mvtec,screw,train,normal,,train/good/118.png,,data/datasets/mvtec/screw/train/good/118.png
mvtec,screw,train,normal,,train/good/119.png,,data/datasets/mvtec/screw/train/good/119.png
mvtec,screw,train,normal,,train/good/120.png,,data/datasets/mvtec/screw/train/good/120.png
mvtec,screw,train,normal,,train/good/121.png,,data/datasets/mvtec/screw/train/good/121.png
mvtec,screw,train,normal,,train/good/122.png,,data/datasets/mvtec/screw/train/good/122.png
mvtec,screw,train,normal,,train/good/123.png,,data/datasets/mvtec/screw/train/good/123.png
mvtec,screw,train,normal,,train/good/124.png,,data/datasets/mvtec/screw/train/good/124.png
mvtec,screw,train,normal,,train/good/125.png,,data/datasets/mvtec/screw/train/good/125.png
mvtec,screw,train,normal,,train/good/126.png,,data/datasets/mvtec/screw/train/good/126.png
mvtec,screw,train,normal,,train/good/127.png,,data/datasets/mvtec/screw/train/good/127.png
mvtec,screw,train,normal,,train/good/128.png,,data/datasets/mvtec/screw/train/good/128.png
mvtec,screw,train,normal,,train/good/129.png,,data/datasets/mvtec/screw/train/good/129.png
mvtec,screw,train,normal,,train/good/130.png,,data/datasets/mvtec/screw/train/good/130.png
mvtec,screw,train,normal,,train/good/131.png,,data/datasets/mvtec/screw/train/good/131.png
mvtec,screw,train,normal,,train/good/132.png,,data/datasets/mvtec/screw/train/good/132.png
mvtec,screw,train,normal,,train/good/133.png,,data/datasets/mvtec/screw/train/good/133.png
mvtec,screw,train,normal,,train/good/134.png,,data/datasets/mvtec/screw/train/good/134.png
mvtec,screw,train,normal,,train/good/135.png,,data/datasets/mvtec/screw/train/good/135.png
mvtec,screw,train,normal,,train/good/136.png,,data/datasets/mvtec/screw/train/good/136.png
mvtec,screw,train,normal,,train/good/137.png,,data/datasets/mvtec/screw/train/good/137.png
mvtec,screw,train,normal,,train/good/138.png,,data/datasets/mvtec/screw/train/good/138.png
mvtec,screw,train,normal,,train/good/139.png,,data/datasets/mvtec/screw/train/good/139.png
mvtec,screw,train,normal,,train/good/140.png,,data/datasets/mvtec/screw/train/good/140.png
mvtec,screw,train,normal,,train/good/141.png,,data/datasets/mvtec/screw/train/good/141.png
mvtec,screw,train,normal,,train/good/142.png,,data/datasets/mvtec/screw/train/good/142.png
mvtec,screw,train,normal,,train/good/143.png,,data/datasets/mvtec/screw/train/good/143.png
mvtec,screw,train,normal,,train/good/144.png,,data/datasets/mvtec/screw/train/good/144.png
mvtec,screw,train,normal,,train/good/145.png,,data/datasets/mvtec/screw/train/good/145.png
mvtec,screw,train,normal,,train/good/146.png,,data/datasets/mvtec/screw/train/good/146.png
mvtec,screw,train,normal,,train/good/147.png,,data/datasets/mvtec/screw/train/good/147.png
mvtec,screw,train,normal,,train/good/148.png,,data/datasets/mvtec/screw/train/good/148.png
mvtec,screw,train,normal,,train/good/149.png,,data/datasets/mvtec/screw/train/good/149.png
mvtec,screw,train,normal,,train/good/150.png,,data/datasets/mvtec/screw/train/good/150.png
mvtec,screw,train,normal,,train/good/151.png,,data/datasets/mvtec/screw/train/good/151.png
mvtec,screw,train,normal,,train/good/152.png,,data/datasets/mvtec/screw/train/good/152.png
mvtec,screw,train,normal,,train/good/153.png,,data/datasets/mvtec/screw/train/good/153.png
mvtec,screw,train,normal,,train/good/154.png,,data/datasets/mvtec/screw/train/good/154.png
mvtec,screw,train,normal,,train/good/155.png,,data/datasets/mvtec/screw/train/good/155.png
mvtec,screw,train,normal,,train/good/156.png,,data/datasets/mvtec/screw/train/good/156.png
mvtec,screw,train,normal,,train/good/157.png,,data/datasets/mvtec/screw/train/good/157.png
mvtec,screw,train,normal,,train/good/158.png,,data/datasets/mvtec/screw/train/good/158.png
mvtec,screw,train,normal,,train/good/159.png,,data/datasets/mvtec/screw/train/good/159.png
mvtec,screw,train,normal,,train/good/160.png,,data/datasets/mvtec/screw/train/good/160.png
mvtec,screw,train,normal,,train/good/161.png,,data/datasets/mvtec/screw/train/good/161.png
mvtec,screw,train,normal,,train/good/162.png,,data/datasets/mvtec/screw/train/good/162.png
mvtec,screw,train,normal,,train/good/163.png,,data/datasets/mvtec/screw/train/good/163.png
mvtec,screw,train,normal,,train/good/164.png,,data/datasets/mvtec/screw/train/good/164.png
mvtec,screw,train,normal,,train/good/165.png,,data/datasets/mvtec/screw/train/good/165.png
mvtec,screw,train,normal,,train/good/166.png,,data/datasets/mvtec/screw/train/good/166.png
mvtec,screw,train,normal,,train/good/167.png,,data/datasets/mvtec/screw/train/good/167.png
mvtec,screw,train,normal,,train/good/168.png,,data/datasets/mvtec/screw/train/good/168.png
mvtec,screw,train,normal,,train/good/169.png,,data/datasets/mvtec/screw/train/good/169.png
mvtec,screw,train,normal,,train/good/170.png,,data/datasets/mvtec/screw/train/good/170.png
mvtec,screw,train,normal,,train/good/171.png,,data/datasets/mvtec/screw/train/good/171.png
mvtec,screw,train,normal,,train/good/172.png,,data/datasets/mvtec/screw/train/good/172.png
mvtec,screw,train,normal,,train/good/173.png,,data/datasets/mvtec/screw/train/good/173.png
mvtec,screw,train,normal,,train/good/174.png,,data/datasets/mvtec/screw/train/good/174.png
mvtec,screw,train,normal,,train/good/175.png,,data/datasets/mvtec/screw/train/good/175.png
mvtec,screw,train,normal,,train/good/176.png,,data/datasets/mvtec/screw/train/good/176.png
mvtec,screw,train,normal,,train/good/177.png,,data/datasets/mvtec/screw/train/good/177.png
mvtec,screw,train,normal,,train/good/178.png,,data/datasets/mvtec/screw/train/good/178.png
mvtec,screw,train,normal,,train/good/179.png,,data/datasets/mvtec/screw/train/good/179.png
mvtec,screw,train,normal,,train/good/180.png,,data/datasets/mvtec/screw/train/good/180.png
mvtec,screw,train,normal,,train/good/181.png,,data/datasets/mvtec/screw/train/good/181.png
mvtec,screw,train,normal,,train/good/182.png,,data/datasets/mvtec/screw/train/good/182.png
mvtec,screw,train,normal,,train/good/183.png,,data/datasets/mvtec/screw/train/good/183.png
mvtec,screw,train,normal,,train/good/184.png,,data/datasets/mvtec/screw/train/good/184.png
mvtec,screw,train,normal,,train/good/185.png,,data/datasets/mvtec/screw/train/good/185.png
mvtec,screw,train,normal,,train/good/186.png,,data/datasets/mvtec/screw/train/good/186.png
mvtec,screw,train,normal,,train/good/187.png,,data/datasets/mvtec/screw/train/good/187.png
mvtec,screw,train,normal,,train/good/188.png,,data/datasets/mvtec/screw/train/good/188.png
mvtec,screw,train,normal,,train/good/189.png,,data/datasets/mvtec/screw/train/good/189.png
mvtec,screw,train,normal,,train/good/190.png,,data/datasets/mvtec/screw/train/good/190.png
mvtec,screw,train,normal,,train/good/191.png,,data/datasets/mvtec/screw/train/good/191.png
mvtec,screw,train,normal,,train/good/192.png,,data/datasets/mvtec/screw/train/good/192.png
mvtec,screw,train,normal,,train/good/193.png,,data/datasets/mvtec/screw/train/good/193.png
mvtec,screw,train,normal,,train/good/194.png,,data/datasets/mvtec/screw/train/good/194.png
mvtec,screw,train,normal,,train/good/195.png,,data/datasets/mvtec/screw/train/good/195.png
mvtec,screw,train,normal,,train/good/196.png,,data/datasets/mvtec/screw/train/good/196.png
mvtec,screw,train,normal,,train/good/197.png,,data/datasets/mvtec/screw/train/good/197.png
mvtec,screw,train,normal,,train/good/198.png,,data/datasets/mvtec/screw/train/good/198.png
mvtec,screw,train,normal,,train/good/199.png,,data/datasets/mvtec/screw/train/good/199.png
mvtec,screw,train,normal,,train/good/200.png,,data/datasets/mvtec/screw/train/good/200.png
mvtec,screw,train,normal,,train/good/201.png,,data/datasets/mvtec/screw/train/good/201.png
mvtec,screw,train,normal,,train/good/202.png,,data/datasets/mvtec/screw/train/good/202.png
mvtec,screw,train,normal,,train/good/203.png,,data/datasets/mvtec/screw/train/good/203.png
mvtec,screw,train,normal,,train/good/204.png,,data/datasets/mvtec/screw/train/good/204.png
mvtec,screw,train,normal,,train/good/205.png,,data/datasets/mvtec/screw/train/good/205.png
mvtec,screw,train,normal,,train/good/206.png,,data/datasets/mvtec/screw/train/good/206.png
mvtec,screw,train,normal,,train/good/207.png,,data/datasets/mvtec/screw/train/good/207.png
mvtec,screw,train,normal,,train/good/208.png,,data/datasets/mvtec/screw/train/good/208.png
mvtec,screw,train,normal,,train/good/209.png,,data/datasets/mvtec/screw/train/good/209.png
mvtec,screw,train,normal,,train/good/210.png,,data/datasets/mvtec/screw/train/good/210.png
mvtec,screw,train,normal,,train/good/211.png,,data/datasets/mvtec/screw/train/good/211.png
mvtec,screw,train,normal,,train/good/212.png,,data/datasets/mvtec/screw/train/good/212.png
mvtec,screw,train,normal,,train/good/213.png,,data/datasets/mvtec/screw/train/good/213.png
mvtec,screw,train,normal,,train/good/214.png,,data/datasets/mvtec/screw/train/good/214.png
mvtec,screw,train,normal,,train/good/215.png,,data/datasets/mvtec/screw/train/good/215.png
mvtec,screw,train,normal,,train/good/216.png,,data/datasets/mvtec/screw/train/good/216.png
mvtec,screw,train,normal,,train/good/217.png,,data/datasets/mvtec/screw/train/good/217.png
mvtec,screw,train,normal,,train/good/218.png,,data/datasets/mvtec/screw/train/good/218.png
mvtec,screw,train,normal,,train/good/219.png,,data/datasets/mvtec/screw/train/good/219.png
mvtec,screw,train,normal,,train/good/220.png,,data/datasets/mvtec/screw/train/good/220.png
mvtec,screw,train,normal,,train/good/221.png,,data/datasets/mvtec/screw/train/good/221.png
mvtec,screw,train,normal,,train/good/222.png,,data/datasets/mvtec/screw/train/good/222.png
mvtec,screw,train,normal,,train/good/223.png,,data/datasets/mvtec/screw/train/good/223.png
mvtec,screw,train,normal,,train/good/224.png,,data/datasets/mvtec/screw/train/good/224.png
mvtec,screw,train,normal,,train/good/225.png,,data/datasets/mvtec/screw/train/good/225.png
mvtec,screw,train,normal,,train/good/226.png,,data/datasets/mvtec/screw/train/good/226.png
mvtec,screw,train,normal,,train/good/227.png,,data/datasets/mvtec/screw/train/good/227.png
mvtec,screw,train,normal,,train/good/228.png,,data/datasets/mvtec/screw/train/good/228.png
mvtec,screw,train,normal,,train/good/229.png,,data/datasets/mvtec/screw/train/good/229.png
mvtec,screw,train,normal,,train/good/230.png,,data/datasets/mvtec/screw/train/good/230.png
mvtec,screw,train,normal,,train/good/231.png,,data/datasets/mvtec/screw/train/good/231.png
mvtec,screw,train,normal,,train/good/232.png,,data/datasets/mvtec/screw/train/good/232.png
mvtec,screw,train,normal,,train/good/233.png,,data/datasets/mvtec/screw/train/good/233.png
mvtec,screw,train,normal,,train/good/234.png,,data/datasets/mvtec/screw/train/good/234.png
mvtec,screw,train,normal,,train/good/235.png,,data/datasets/mvtec/screw/train/good/235.png
mvtec,screw,train,normal,,train/good/236.png,,data/datasets/mvtec/screw/train/good/236.png
mvtec,screw,train,normal,,train/good/237.png,,data/datasets/mvtec/screw/train/good/237.png
mvtec,screw,train,normal,,train/good/238.png,,data/datasets/mvtec/screw/train/good/238.png
mvtec,screw,train,normal,,train/good/239.png,,data/datasets/mvtec/screw/train/good/239.png
mvtec,screw,train,normal,,train/good/240.png,,data/datasets/mvtec/screw/train/good/240.png
mvtec,screw,train,normal,,train/good/241.png,,data/datasets/mvtec/screw/train/good/241.png
mvtec,screw,train,normal,,train/good/242.png,,data/datasets/mvtec/screw/train/good/242.png
mvtec,screw,train,normal,,train/good/243.png,,data/datasets/mvtec/screw/train/good/243.png
mvtec,screw,train,normal,,train/good/244.png,,data/datasets/mvtec/screw/train/good/244.png
mvtec,screw,train,normal,,train/good/245.png,,data/datasets/mvtec/screw/train/good/245.png
mvtec,screw,train,normal,,train/good/246.png,,data/datasets/mvtec/screw/train/good/246.png
mvtec,screw,train,normal,,train/good/247.png,,data/datasets/mvtec/screw/train/good/247.png
mvtec,screw,train,normal,,train/good/248.png,,data/datasets/mvtec/screw/train/good/248.png
mvtec,screw,train,normal,,train/good/249.png,,data/datasets/mvtec/screw/train/good/249.png
mvtec,screw,train,normal,,train/good/250.png,,data/datasets/mvtec/screw/train/good/250.png
mvtec,screw,train,normal,,train/good/251.png,,data/datasets/mvtec/screw/train/good/251.png
mvtec,screw,train,normal,,train/good/252.png,,data/datasets/mvtec/screw/train/good/252.png
mvtec,screw,train,normal,,train/good/253.png,,data/datasets/mvtec/screw/train/good/253.png
mvtec,screw,train,normal,,train/good/254.png,,data/datasets/mvtec/screw/train/good/254.png
mvtec,screw,train,normal,,train/good/255.png,,data/datasets/mvtec/screw/train/good/255.png
mvtec,screw,train,normal,,train/good/256.png,,data/datasets/mvtec/screw/train/good/256.png
mvtec,screw,train,normal,,train/good/257.png,,data/datasets/mvtec/screw/train/good/257.png
mvtec,screw,train,normal,,train/good/258.png,,data/datasets/mvtec/screw/train/good/258.png
mvtec,screw,train,normal,,train/good/259.png,,data/datasets/mvtec/screw/train/good/259.png
mvtec,screw,train,normal,,train/good/260.png,,data/datasets/mvtec/screw/train/good/260.png
mvtec,screw,train,normal,,train/good/261.png,,data/datasets/mvtec/screw/train/good/261.png
mvtec,screw,train,normal,,train/good/262.png,,data/datasets/mvtec/screw/train/good/262.png
mvtec,screw,train,normal,,train/good/263.png,,data/datasets/mvtec/screw/train/good/263.png
mvtec,screw,train,normal,,train/good/264.png,,data/datasets/mvtec/screw/train/good/264.png
mvtec,screw,train,normal,,train/good/265.png,,data/datasets/mvtec/screw/train/good/265.png
mvtec,screw,train,normal,,train/good/266.png,,data/datasets/mvtec/screw/train/good/266.png
mvtec,screw,train,normal,,train/good/267.png,,data/datasets/mvtec/screw/train/good/267.png
mvtec,screw,train,normal,,train/good/268.png,,data/datasets/mvtec/screw/train/good/268.png
mvtec,screw,train,normal,,train/good/269.png,,data/datasets/mvtec/screw/train/good/269.png
mvtec,screw,train,normal,,train/good/270.png,,data/datasets/mvtec/screw/train/good/270.png
mvtec,screw,train,normal,,train/good/271.png,,data/datasets/mvtec/screw/train/good/271.png
mvtec,screw,train,normal,,train/good/272.png,,data/datasets/mvtec/screw/train/good/272.png
mvtec,screw,train,normal,,train/good/273.png,,data/datasets/mvtec/screw/train/good/273.png
mvtec,screw,train,normal,,train/good/274.png,,data/datasets/mvtec/screw/train/good/274.png
mvtec,screw,train,normal,,train/good/275.png,,data/datasets/mvtec/screw/train/good/275.png
mvtec,screw,train,normal,,train/good/276.png,,data/datasets/mvtec/screw/train/good/276.png
mvtec,screw,train,normal,,train/good/277.png,,data/datasets/mvtec/screw/train/good/277.png
mvtec,screw,train,normal,,train/good/278.png,,data/datasets/mvtec/screw/train/good/278.png
mvtec,screw,train,normal,,train/good/279.png,,data/datasets/mvtec/screw/train/good/279.png
mvtec,screw,train,normal,,train/good/280.png,,data/datasets/mvtec/screw/train/good/280.png
mvtec,screw,train,normal,,train/good/281.png,,data/datasets/mvtec/screw/train/good/281.png
mvtec,screw,train,normal,,train/good/282.png,,data/datasets/mvtec/screw/train/good/282.png
mvtec,screw,train,normal,,train/good/283.png,,data/datasets/mvtec/screw/train/good/283.png
mvtec,screw,train,normal,,train/good/284.png,,data/datasets/mvtec/screw/train/good/284.png
mvtec,screw,train,normal,,train/good/285.png,,data/datasets/mvtec/screw/train/good/285.png
mvtec,screw,train,normal,,train/good/286.png,,data/datasets/mvtec/screw/train/good/286.png
mvtec,screw,train,normal,,train/good/287.png,,data/datasets/mvtec/screw/train/good/287.png
mvtec,screw,train,normal,,train/good/288.png,,data/datasets/mvtec/screw/train/good/288.png
mvtec,screw,train,normal,,train/good/289.png,,data/datasets/mvtec/screw/train/good/289.png
mvtec,screw,train,normal,,train/good/290.png,,data/datasets/mvtec/screw/train/good/290.png
mvtec,screw,train,normal,,train/good/291.png,,data/datasets/mvtec/screw/train/good/291.png
mvtec,screw,train,normal,,train/good/292.png,,data/datasets/mvtec/screw/train/good/292.png
mvtec,screw,train,normal,,train/good/293.png,,data/datasets/mvtec/screw/train/good/293.png
mvtec,screw,train,normal,,train/good/294.png,,data/datasets/mvtec/screw/train/good/294.png
mvtec,screw,train,normal,,train/good/295.png,,data/datasets/mvtec/screw/train/good/295.png
mvtec,screw,train,normal,,train/good/296.png,,data/datasets/mvtec/screw/train/good/296.png
mvtec,screw,train,normal,,train/good/297.png,,data/datasets/mvtec/screw/train/good/297.png
mvtec,screw,train,normal,,train/good/298.png,,data/datasets/mvtec/screw/train/good/298.png
mvtec,screw,train,normal,,train/good/299.png,,data/datasets/mvtec/screw/train/good/299.png
mvtec,screw,train,normal,,train/good/300.png,,data/datasets/mvtec/screw/train/good/300.png
mvtec,screw,train,normal,,train/good/301.png,,data/datasets/mvtec/screw/train/good/301.png
mvtec,screw,train,normal,,train/good/302.png,,data/datasets/mvtec/screw/train/good/302.png
mvtec,screw,train,normal,,train/good/303.png,,data/datasets/mvtec/screw/train/good/303.png
mvtec,screw,train,normal,,train/good/304.png,,data/datasets/mvtec/screw/train/good/304.png
mvtec,screw,train,normal,,train/good/305.png,,data/datasets/mvtec/screw/train/good/305.png
mvtec,screw,train,normal,,train/good/306.png,,data/datasets/mvtec/screw/train/good/306.png
mvtec,screw,train,normal,,train/good/307.png,,data/datasets/mvtec/screw/train/good/307.png
mvtec,screw,train,normal,,train/good/308.png,,data/datasets/mvtec/screw/train/good/308.png
mvtec,screw,train,normal,,train/good/309.png,,data/datasets/mvtec/screw/train/good/309.png
mvtec,screw,train,normal,,train/good/310.png,,data/datasets/mvtec/screw/train/good/310.png
mvtec,screw,train,normal,,train/good/311.png,,data/datasets/mvtec/screw/train/good/311.png
mvtec,screw,train,normal,,train/good/312.png,,data/datasets/mvtec/screw/train/good/312.png
mvtec,screw,train,normal,,train/good/313.png,,data/datasets/mvtec/screw/train/good/313.png
mvtec,screw,train,normal,,train/good/314.png,,data/datasets/mvtec/screw/train/good/314.png
mvtec,screw,train,normal,,train/good/315.png,,data/datasets/mvtec/screw/train/good/315.png
mvtec,screw,train,normal,,train/good/316.png,,data/datasets/mvtec/screw/train/good/316.png
mvtec,screw,train,normal,,train/good/317.png,,data/datasets/mvtec/screw/train/good/317.png
mvtec,screw,train,normal,,train/good/318.png,,data/datasets/mvtec/screw/train/good/318.png
mvtec,screw,train,normal,,train/good/319.png,,data/datasets/mvtec/screw/train/good/319.png
mvtec,screw,train,anomaly,manipulated_front,train/anomaly/manipulated_front_000.png,train/masks/manipulated_front_000.png,data/datasets/mvtec/screw/test/manipulated_front/000.png
mvtec,screw,train,anomaly,manipulated_front,train/anomaly/manipulated_front_002.png,train/masks/manipulated_front_002.png,data/datasets/mvtec/screw/test/manipulated_front/002.png
mvtec,screw,train,anomaly,manipulated_front,train/anomaly/manipulated_front_006.png,train/masks/manipulated_front_006.png,data/datasets/mvtec/screw/test/manipulated_front/006.png
mvtec,screw,train,anomaly,manipulated_front,train/anomaly/manipulated_front_009.png,train/masks/manipulated_front_009.png,data/datasets/mvtec/screw/test/manipulated_front/009.png
mvtec,screw,train,anomaly,manipulated_front,train/anomaly/manipulated_front_012.png,train/masks/manipulated_front_012.png,data/datasets/mvtec/screw/test/manipulated_front/012.png
mvtec,screw,train,anomaly,manipulated_front,train/anomaly/manipulated_front_015.png,train/masks/manipulated_front_015.png,data/datasets/mvtec/screw/test/manipulated_front/015.png
mvtec,screw,train,anomaly,manipulated_front,train/anomaly/manipulated_front_018.png,train/masks/manipulated_front_018.png,data/datasets/mvtec/screw/test/manipulated_front/018.png
mvtec,screw,train,anomaly,manipulated_front,train/anomaly/manipulated_front_021.png,train/masks/manipulated_front_021.png,data/datasets/mvtec/screw/test/manipulated_front/021.png
mvtec,screw,train,anomaly,scratch_head,train/anomaly/scratch_head_006.png,train/masks/scratch_head_006.png,data/datasets/mvtec/screw/test/scratch_head/006.png
mvtec,screw,train,anomaly,scratch_head,train/anomaly/scratch_head_010.png,train/masks/scratch_head_010.png,data/datasets/mvtec/screw/test/scratch_head/010.png
mvtec,screw,train,anomaly,scratch_head,train/anomaly/scratch_head_013.png,train/masks/scratch_head_013.png,data/datasets/mvtec/screw/test/scratch_head/013.png
mvtec,screw,train,anomaly,scratch_head,train/anomaly/scratch_head_014.png,train/masks/scratch_head_014.png,data/datasets/mvtec/screw/test/scratch_head/014.png
mvtec,screw,train,anomaly,scratch_head,train/anomaly/scratch_head_016.png,train/masks/scratch_head_016.png,data/datasets/mvtec/screw/test/scratch_head/016.png
mvtec,screw,train,anomaly,scratch_head,train/anomaly/scratch_head_017.png,train/masks/scratch_head_017.png,data/datasets/mvtec/screw/test/scratch_head/017.png
mvtec,screw,train,anomaly,scratch_head,train/anomaly/scratch_head_020.png,train/masks/scratch_head_020.png,data/datasets/mvtec/screw/test/scratch_head/020.png
mvtec,screw,train,anomaly,scratch_head,train/anomaly/scratch_head_022.png,train/masks/scratch_head_022.png,data/datasets/mvtec/screw/test/scratch_head/022.png
mvtec,screw,train,anomaly,scratch_neck,train/anomaly/scratch_neck_006.png,train/masks/scratch_neck_006.png,data/datasets/mvtec/screw/test/scratch_neck/006.png
mvtec,screw,train,anomaly,scratch_neck,train/anomaly/scratch_neck_007.png,train/masks/scratch_neck_007.png,data/datasets/mvtec/screw/test/scratch_neck/007.png
mvtec,screw,train,anomaly,scratch_neck,train/anomaly/scratch_neck_009.png,train/masks/scratch_neck_009.png,data/datasets/mvtec/screw/test/scratch_neck/009.png
mvtec,screw,train,anomaly,scratch_neck,train/anomaly/scratch_neck_010.png,train/masks/scratch_neck_010.png,data/datasets/mvtec/screw/test/scratch_neck/010.png
mvtec,screw,train,anomaly,scratch_neck,train/anomaly/scratch_neck_012.png,train/masks/scratch_neck_012.png,data/datasets/mvtec/screw/test/scratch_neck/012.png
mvtec,screw,train,anomaly,scratch_neck,train/anomaly/scratch_neck_016.png,train/masks/scratch_neck_016.png,data/datasets/mvtec/screw/test/scratch_neck/016.png
mvtec,screw,train,anomaly,scratch_neck,train/anomaly/scratch_neck_022.png,train/masks/scratch_neck_022.png,data/datasets/mvtec/screw/test/scratch_neck/022.png
mvtec,screw,train,anomaly,scratch_neck,train/anomaly/scratch_neck_024.png,train/masks/scratch_neck_024.png,data/datasets/mvtec/screw/test/scratch_neck/024.png
mvtec,screw,train,anomaly,thread_side,train/anomaly/thread_side_007.png,train/masks/thread_side_007.png,data/datasets/mvtec/screw/test/thread_side/007.png
mvtec,screw,train,anomaly,thread_side,train/anomaly/thread_side_010.png,train/masks/thread_side_010.png,data/datasets/mvtec/screw/test/thread_side/010.png
mvtec,screw,train,anomaly,thread_side,train/anomaly/thread_side_011.png,train/masks/thread_side_011.png,data/datasets/mvtec/screw/test/thread_side/011.png
mvtec,screw,train,anomaly,thread_side,train/anomaly/thread_side_013.png,train/masks/thread_side_013.png,data/datasets/mvtec/screw/test/thread_side/013.png
mvtec,screw,train,anomaly,thread_side,train/anomaly/thread_side_014.png,train/masks/thread_side_014.png,data/datasets/mvtec/screw/test/thread_side/014.png
mvtec,screw,train,anomaly,thread_side,train/anomaly/thread_side_016.png,train/masks/thread_side_016.png,data/datasets/mvtec/screw/test/thread_side/016.png
mvtec,screw,train,anomaly,thread_side,train/anomaly/thread_side_017.png,train/masks/thread_side_017.png,data/datasets/mvtec/screw/test/thread_side/017.png
mvtec,screw,train,anomaly,thread_side,train/anomaly/thread_side_021.png,train/masks/thread_side_021.png,data/datasets/mvtec/screw/test/thread_side/021.png
mvtec,screw,test,normal,,test/good/000.png,,data/datasets/mvtec/screw/test/good/000.png
mvtec,screw,test,normal,,test/good/001.png,,data/datasets/mvtec/screw/test/good/001.png
mvtec,screw,test,normal,,test/good/002.png,,data/datasets/mvtec/screw/test/good/002.png
mvtec,screw,test,normal,,test/good/003.png,,data/datasets/mvtec/screw/test/good/003.png
mvtec,screw,test,normal,,test/good/004.png,,data/datasets/mvtec/screw/test/good/004.png
mvtec,screw,test,normal,,test/good/005.png,,data/datasets/mvtec/screw/test/good/005.png
mvtec,screw,test,normal,,test/good/006.png,,data/datasets/mvtec/screw/test/good/006.png
mvtec,screw,test,normal,,test/good/007.png,,data/datasets/mvtec/screw/test/good/007.png
mvtec,screw,test,normal,,test/good/008.png,,data/datasets/mvtec/screw/test/good/008.png
mvtec,screw,test,normal,,test/good/009.png,,data/datasets/mvtec/screw/test/good/009.png
mvtec,screw,test,normal,,test/good/010.png,,data/datasets/mvtec/screw/test/good/010.png
mvtec,screw,test,normal,,test/good/011.png,,data/datasets/mvtec/screw/test/good/011.png
mvtec,screw,test,normal,,test/good/012.png,,data/datasets/mvtec/screw/test/good/012.png
mvtec,screw,test,normal,,test/good/013.png,,data/datasets/mvtec/screw/test/good/013.png
mvtec,screw,test,normal,,test/good/014.png,,data/datasets/mvtec/screw/test/good/014.png
mvtec,screw,test,normal,,test/good/015.png,,data/datasets/mvtec/screw/test/good/015.png
mvtec,screw,test,normal,,test/good/016.png,,data/datasets/mvtec/screw/test/good/016.png
mvtec,screw,test,normal,,test/good/017.png,,data/datasets/mvtec/screw/test/good/017.png
mvtec,screw,test,normal,,test/good/018.png,,data/datasets/mvtec/screw/test/good/018.png
mvtec,screw,test,normal,,test/good/019.png,,data/datasets/mvtec/screw/test/good/019.png
mvtec,screw,test,normal,,test/good/020.png,,data/datasets/mvtec/screw/test/good/020.png
mvtec,screw,test,normal,,test/good/021.png,,data/datasets/mvtec/screw/test/good/021.png
mvtec,screw,test,normal,,test/good/022.png,,data/datasets/mvtec/screw/test/good/022.png
mvtec,screw,test,normal,,test/good/023.png,,data/datasets/mvtec/screw/test/good/023.png
mvtec,screw,test,normal,,test/good/024.png,,data/datasets/mvtec/screw/test/good/024.png
mvtec,screw,test,normal,,test/good/025.png,,data/datasets/mvtec/screw/test/good/025.png
mvtec,screw,test,normal,,test/good/026.png,,data/datasets/mvtec/screw/test/good/026.png
mvtec,screw,test,normal,,test/good/027.png,,data/datasets/mvtec/screw/test/good/027.png
mvtec,screw,test,normal,,test/good/028.png,,data/datasets/mvtec/screw/test/good/028.png
mvtec,screw,test,normal,,test/good/029.png,,data/datasets/mvtec/screw/test/good/029.png
mvtec,screw,test,normal,,test/good/030.png,,data/datasets/mvtec/screw/test/good/030.png
mvtec,screw,test,normal,,test/good/031.png,,data/datasets/mvtec/screw/test/good/031.png
mvtec,screw,test,normal,,test/good/032.png,,data/datasets/mvtec/screw/test/good/032.png
mvtec,screw,test,normal,,test/good/033.png,,data/datasets/mvtec/screw/test/good/033.png
mvtec,screw,test,normal,,test/good/034.png,,data/datasets/mvtec/screw/test/good/034.png
mvtec,screw,test,normal,,test/good/035.png,,data/datasets/mvtec/screw/test/good/035.png
mvtec,screw,test,normal,,test/good/036.png,,data/datasets/mvtec/screw/test/good/036.png
mvtec,screw,test,normal,,test/good/037.png,,data/datasets/mvtec/screw/test/good/037.png
mvtec,screw,test,normal,,test/good/038.png,,data/datasets/mvtec/screw/test/good/038.png
mvtec,screw,test,normal,,test/good/039.png,,data/datasets/mvtec/screw/test/good/039.png
mvtec,screw,test,normal,,test/good/040.png,,data/datasets/mvtec/screw/test/good/040.png
mvtec,screw,test,anomaly,manipulated_front,test/anomaly/manipulated_front_001.png,test/masks/manipulated_front_001.png,data/datasets/mvtec/screw/test/manipulated_front/001.png
mvtec,screw,test,anomaly,manipulated_front,test/anomaly/manipulated_front_003.png,test/masks/manipulated_front_003.png,data/datasets/mvtec/screw/test/manipulated_front/003.png
mvtec,screw,test,anomaly,manipulated_front,test/anomaly/manipulated_front_004.png,test/masks/manipulated_front_004.png,data/datasets/mvtec/screw/test/manipulated_front/004.png
mvtec,screw,test,anomaly,manipulated_front,test/anomaly/manipulated_front_005.png,test/masks/manipulated_front_005.png,data/datasets/mvtec/screw/test/manipulated_front/005.png
mvtec,screw,test,anomaly,manipulated_front,test/anomaly/manipulated_front_007.png,test/masks/manipulated_front_007.png,data/datasets/mvtec/screw/test/manipulated_front/007.png
mvtec,screw,test,anomaly,manipulated_front,test/anomaly/manipulated_front_008.png,test/masks/manipulated_front_008.png,data/datasets/mvtec/screw/test/manipulated_front/008.png
mvtec,screw,test,anomaly,manipulated_front,test/anomaly/manipulated_front_010.png,test/masks/manipulated_front_010.png,data/datasets/mvtec/screw/test/manipulated_front/010.png
mvtec,screw,test,anomaly,manipulated_front,test/anomaly/manipulated_front_011.png,test/masks/manipulated_front_011.png,data/datasets/mvtec/screw/test/manipulated_front/011.png
mvtec,screw,test,anomaly,manipulated_front,test/anomaly/manipulated_front_013.png,test/masks/manipulated_front_013.png,data/datasets/mvtec/screw/test/manipulated_front/013.png
mvtec,screw,test,anomaly,manipulated_front,test/anomaly/manipulated_front_014.png,test/masks/manipulated_front_014.png,data/datasets/mvtec/screw/test/manipulated_front/014.png
mvtec,screw,test,anomaly,manipulated_front,test/anomaly/manipulated_front_016.png,test/masks/manipulated_front_016.png,data/datasets/mvtec/screw/test/manipulated_front/016.png
mvtec,screw,test,anomaly,manipulated_front,test/anomaly/manipulated_front_017.png,test/masks/manipulated_front_017.png,data/datasets/mvtec/screw/test/manipulated_front/017.png
mvtec,screw,test,anomaly,manipulated_front,test/anomaly/manipulated_front_019.png,test/masks/manipulated_front_019.png,data/datasets/mvtec/screw/test/manipulated_front/019.png
mvtec,screw,test,anomaly,manipulated_front,test/anomaly/manipulated_front_020.png,test/masks/manipulated_front_020.png,data/datasets/mvtec/screw/test/manipulated_front/020.png
mvtec,screw,test,anomaly,manipulated_front,test/anomaly/manipulated_front_022.png,test/masks/manipulated_front_022.png,data/datasets/mvtec/screw/test/manipulated_front/022.png
mvtec,screw,test,anomaly,manipulated_front,test/anomaly/manipulated_front_023.png,test/masks/manipulated_front_023.png,data/datasets/mvtec/screw/test/manipulated_front/023.png
mvtec,screw,test,anomaly,scratch_head,test/anomaly/scratch_head_000.png,test/masks/scratch_head_000.png,data/datasets/mvtec/screw/test/scratch_head/000.png
mvtec,screw,test,anomaly,scratch_head,test/anomaly/scratch_head_001.png,test/masks/scratch_head_001.png,data/datasets/mvtec/screw/test/scratch_head/001.png
mvtec,screw,test,anomaly,scratch_head,test/anomaly/scratch_head_002.png,test/masks/scratch_head_002.png,data/datasets/mvtec/screw/test/scratch_head/002.png
mvtec,screw,test,anomaly,scratch_head,test/anomaly/scratch_head_003.png,test/masks/scratch_head_003.png,data/datasets/mvtec/screw/test/scratch_head/003.png
mvtec,screw,test,anomaly,scratch_head,test/anomaly/scratch_head_004.png,test/masks/scratch_head_004.png,data/datasets/mvtec/screw/test/scratch_head/004.png
mvtec,screw,test,anomaly,scratch_head,test/anomaly/scratch_head_005.png,test/masks/scratch_head_005.png,data/datasets/mvtec/screw/test/scratch_head/005.png
mvtec,screw,test,anomaly,scratch_head,test/anomaly/scratch_head_007.png,test/masks/scratch_head_007.png,data/datasets/mvtec/screw/test/scratch_head/007.png
mvtec,screw,test,anomaly,scratch_head,test/anomaly/scratch_head_008.png,test/masks/scratch_head_008.png,data/datasets/mvtec/screw/test/scratch_head/008.png
mvtec,screw,test,anomaly,scratch_head,test/anomaly/scratch_head_009.png,test/masks/scratch_head_009.png,data/datasets/mvtec/screw/test/scratch_head/009.png
mvtec,screw,test,anomaly,scratch_head,test/anomaly/scratch_head_011.png,test/masks/scratch_head_011.png,data/datasets/mvtec/screw/test/scratch_head/011.png
mvtec,screw,test,anomaly,scratch_head,test/anomaly/scratch_head_012.png,test/masks/scratch_head_012.png,data/datasets/mvtec/screw/test/scratch_head/012.png
mvtec,screw,test,anomaly,scratch_head,test/anomaly/scratch_head_015.png,test/masks/scratch_head_015.png,data/datasets/mvtec/screw/test/scratch_head/015.png
mvtec,screw,test,anomaly,scratch_head,test/anomaly/scratch_head_018.png,test/masks/scratch_head_018.png,data/datasets/mvtec/screw/test/scratch_head/018.png
mvtec,screw,test,anomaly,scratch_head,test/anomaly/scratch_head_019.png,test/masks/scratch_head_019.png,data/datasets/mvtec/screw/test/scratch_head/019.png
mvtec,screw,test,anomaly,scratch_head,test/anomaly/scratch_head_021.png,test/masks/scratch_head_021.png,data/datasets/mvtec/screw/test/scratch_head/021.png
mvtec,screw,test,anomaly,scratch_head,test/anomaly/scratch_head_023.png,test/masks/scratch_head_023.png,data/datasets/mvtec/screw/test/scratch_head/023.png
mvtec,screw,test,anomaly,scratch_neck,test/anomaly/scratch_neck_000.png,test/masks/scratch_neck_000.png,data/datasets/mvtec/screw/test/scratch_neck/000.png
mvtec,screw,test,anomaly,scratch_neck,test/anomaly/scratch_neck_001.png,test/masks/scratch_neck_001.png,data/datasets/mvtec/screw/test/scratch_neck/001.png
mvtec,screw,test,anomaly,scratch_neck,test/anomaly/scratch_neck_002.png,test/masks/scratch_neck_002.png,data/datasets/mvtec/screw/test/scratch_neck/002.png
mvtec,screw,test,anomaly,scratch_neck,test/anomaly/scratch_neck_003.png,test/masks/scratch_neck_003.png,data/datasets/mvtec/screw/test/scratch_neck/003.png
mvtec,screw,test,anomaly,scratch_neck,test/anomaly/scratch_neck_004.png,test/masks/scratch_neck_004.png,data/datasets/mvtec/screw/test/scratch_neck/004.png
mvtec,screw,test,anomaly,scratch_neck,test/anomaly/scratch_neck_005.png,test/masks/scratch_neck_005.png,data/datasets/mvtec/screw/test/scratch_neck/005.png
mvtec,screw,test,anomaly,scratch_neck,test/anomaly/scratch_neck_008.png,test/masks/scratch_neck_008.png,data/datasets/mvtec/screw/test/scratch_neck/008.png
mvtec,screw,test,anomaly,scratch_neck,test/anomaly/scratch_neck_011.png,test/masks/scratch_neck_011.png,data/datasets/mvtec/screw/test/scratch_neck/011.png
mvtec,screw,test,anomaly,scratch_neck,test/anomaly/scratch_neck_013.png,test/masks/scratch_neck_013.png,data/datasets/mvtec/screw/test/scratch_neck/013.png
mvtec,screw,test,anomaly,scratch_neck,test/anomaly/scratch_neck_014.png,test/masks/scratch_neck_014.png,data/datasets/mvtec/screw/test/scratch_neck/014.png
mvtec,screw,test,anomaly,scratch_neck,test/anomaly/scratch_neck_015.png,test/masks/scratch_neck_015.png,data/datasets/mvtec/screw/test/scratch_neck/015.png
mvtec,screw,test,anomaly,scratch_neck,test/anomaly/scratch_neck_017.png,test/masks/scratch_neck_017.png,data/datasets/mvtec/screw/test/scratch_neck/017.png
mvtec,screw,test,anomaly,scratch_neck,test/anomaly/scratch_neck_018.png,test/masks/scratch_neck_018.png,data/datasets/mvtec/screw/test/scratch_neck/018.png
mvtec,screw,test,anomaly,scratch_neck,test/anomaly/scratch_neck_019.png,test/masks/scratch_neck_019.png,data/datasets/mvtec/screw/test/scratch_neck/019.png
mvtec,screw,test,anomaly,scratch_neck,test/anomaly/scratch_neck_020.png,test/masks/scratch_neck_020.png,data/datasets/mvtec/screw/test/scratch_neck/020.png
mvtec,screw,test,anomaly,scratch_neck,test/anomaly/scratch_neck_021.png,test/masks/scratch_neck_021.png,data/datasets/mvtec/screw/test/scratch_neck/021.png
mvtec,screw,test,anomaly,scratch_neck,test/anomaly/scratch_neck_023.png,test/masks/scratch_neck_023.png,data/datasets/mvtec/screw/test/scratch_neck/023.png
mvtec,screw,test,anomaly,thread_side,test/anomaly/thread_side_000.png,test/masks/thread_side_000.png,data/datasets/mvtec/screw/test/thread_side/000.png
mvtec,screw,test,anomaly,thread_side,test/anomaly/thread_side_001.png,test/masks/thread_side_001.png,data/datasets/mvtec/screw/test/thread_side/001.png
mvtec,screw,test,anomaly,thread_side,test/anomaly/thread_side_002.png,test/masks/thread_side_002.png,data/datasets/mvtec/screw/test/thread_side/002.png
mvtec,screw,test,anomaly,thread_side,test/anomaly/thread_side_003.png,test/masks/thread_side_003.png,data/datasets/mvtec/screw/test/thread_side/003.png
mvtec,screw,test,anomaly,thread_side,test/anomaly/thread_side_004.png,test/masks/thread_side_004.png,data/datasets/mvtec/screw/test/thread_side/004.png
mvtec,screw,test,anomaly,thread_side,test/anomaly/thread_side_005.png,test/masks/thread_side_005.png,data/datasets/mvtec/screw/test/thread_side/005.png
mvtec,screw,test,anomaly,thread_side,test/anomaly/thread_side_006.png,test/masks/thread_side_006.png,data/datasets/mvtec/screw/test/thread_side/006.png
mvtec,screw,test,anomaly,thread_side,test/anomaly/thread_side_008.png,test/masks/thread_side_008.png,data/datasets/mvtec/screw/test/thread_side/008.png
mvtec,screw,test,anomaly,thread_side,test/anomaly/thread_side_009.png,test/masks/thread_side_009.png,data/datasets/mvtec/screw/test/thread_side/009.png
mvtec,screw,test,anomaly,thread_side,test/anomaly/thread_side_012.png,test/masks/thread_side_012.png,data/datasets/mvtec/screw/test/thread_side/012.png
mvtec,screw,test,anomaly,thread_side,test/anomaly/thread_side_015.png,test/masks/thread_side_015.png,data/datasets/mvtec/screw/test/thread_side/015.png
mvtec,screw,test,anomaly,thread_side,test/anomaly/thread_side_018.png,test/masks/thread_side_018.png,data/datasets/mvtec/screw/test/thread_side/018.png
mvtec,screw,test,anomaly,thread_side,test/anomaly/thread_side_019.png,test/masks/thread_side_019.png,data/datasets/mvtec/screw/test/thread_side/019.png
mvtec,screw,test,anomaly,thread_side,test/anomaly/thread_side_020.png,test/masks/thread_side_020.png,data/datasets/mvtec/screw/test/thread_side/020.png
mvtec,screw,test,anomaly,thread_side,test/anomaly/thread_side_022.png,test/masks/thread_side_022.png,data/datasets/mvtec/screw/test/thread_side/022.png
mvtec,screw,test,anomaly,thread_top,test/anomaly/thread_top_000.png,test/masks/thread_top_000.png,data/datasets/mvtec/screw/test/thread_top/000.png
mvtec,screw,test,anomaly,thread_top,test/anomaly/thread_top_001.png,test/masks/thread_top_001.png,data/datasets/mvtec/screw/test/thread_top/001.png
mvtec,screw,test,anomaly,thread_top,test/anomaly/thread_top_002.png,test/masks/thread_top_002.png,data/datasets/mvtec/screw/test/thread_top/002.png
mvtec,screw,test,anomaly,thread_top,test/anomaly/thread_top_003.png,test/masks/thread_top_003.png,data/datasets/mvtec/screw/test/thread_top/003.png
mvtec,screw,test,anomaly,thread_top,test/anomaly/thread_top_004.png,test/masks/thread_top_004.png,data/datasets/mvtec/screw/test/thread_top/004.png
mvtec,screw,test,anomaly,thread_top,test/anomaly/thread_top_005.png,test/masks/thread_top_005.png,data/datasets/mvtec/screw/test/thread_top/005.png
mvtec,screw,test,anomaly,thread_top,test/anomaly/thread_top_006.png,test/masks/thread_top_006.png,data/datasets/mvtec/screw/test/thread_top/006.png
mvtec,screw,test,anomaly,thread_top,test/anomaly/thread_top_007.png,test/masks/thread_top_007.png,data/datasets/mvtec/screw/test/thread_top/007.png
mvtec,screw,test,anomaly,thread_top,test/anomaly/thread_top_008.png,test/masks/thread_top_008.png,data/datasets/mvtec/screw/test/thread_top/008.png
mvtec,screw,test,anomaly,thread_top,test/anomaly/thread_top_009.png,test/masks/thread_top_009.png,data/datasets/mvtec/screw/test/thread_top/009.png
mvtec,screw,test,anomaly,thread_top,test/anomaly/thread_top_010.png,test/masks/thread_top_010.png,data/datasets/mvtec/screw/test/thread_top/010.png
mvtec,screw,test,anomaly,thread_top,test/anomaly/thread_top_011.png,test/masks/thread_top_011.png,data/datasets/mvtec/screw/test/thread_top/011.png
mvtec,screw,test,anomaly,thread_top,test/anomaly/thread_top_012.png,test/masks/thread_top_012.png,data/datasets/mvtec/screw/test/thread_top/012.png
mvtec,screw,test,anomaly,thread_top,test/anomaly/thread_top_013.png,test/masks/thread_top_013.png,data/datasets/mvtec/screw/test/thread_top/013.png
mvtec,screw,test,anomaly,thread_top,test/anomaly/thread_top_014.png,test/masks/thread_top_014.png,data/datasets/mvtec/screw/test/thread_top/014.png
mvtec,screw,test,anomaly,thread_top,test/anomaly/thread_top_015.png,test/masks/thread_top_015.png,data/datasets/mvtec/screw/test/thread_top/015.png
mvtec,screw,test,anomaly,thread_top,test/anomaly/thread_top_016.png,test/masks/thread_top_016.png,data/datasets/mvtec/screw/test/thread_top/016.png
mvtec,screw,test,anomaly,thread_top,test/anomaly/thread_top_017.png,test/masks/thread_top_017.png,data/datasets/mvtec/screw/test/thread_top/017.png
mvtec,screw,test,anomaly,thread_top,test/anomaly/thread_top_018.png,test/masks/thread_top_018.png,data/datasets/mvtec/screw/test/thread_top/018.png
mvtec,screw,test,anomaly,thread_top,test/anomaly/thread_top_019.png,test/masks/thread_top_019.png,data/datasets/mvtec/screw/test/thread_top/019.png
mvtec,screw,test,anomaly,thread_top,test/anomaly/thread_top_020.png,test/masks/thread_top_020.png,data/datasets/mvtec/screw/test/thread_top/020.png
mvtec,screw,test,anomaly,thread_top,test/anomaly/thread_top_021.png,test/masks/thread_top_021.png,data/datasets/mvtec/screw/test/thread_top/021.png
mvtec,screw,test,anomaly,thread_top,test/anomaly/thread_top_022.png,test/masks/thread_top_022.png,data/datasets/mvtec/screw/test/thread_top/022.png
mvtec,tile,train,normal,,train/good/000.png,,data/datasets/mvtec/tile/train/good/000.png
mvtec,tile,train,normal,,train/good/001.png,,data/datasets/mvtec/tile/train/good/001.png
mvtec,tile,train,normal,,train/good/002.png,,data/datasets/mvtec/tile/train/good/002.png
mvtec,tile,train,normal,,train/good/003.png,,data/datasets/mvtec/tile/train/good/003.png
mvtec,tile,train,normal,,train/good/004.png,,data/datasets/mvtec/tile/train/good/004.png
mvtec,tile,train,normal,,train/good/005.png,,data/datasets/mvtec/tile/train/good/005.png
mvtec,tile,train,normal,,train/good/006.png,,data/datasets/mvtec/tile/train/good/006.png
mvtec,tile,train,normal,,train/good/007.png,,data/datasets/mvtec/tile/train/good/007.png
mvtec,tile,train,normal,,train/good/008.png,,data/datasets/mvtec/tile/train/good/008.png
mvtec,tile,train,normal,,train/good/009.png,,data/datasets/mvtec/tile/train/good/009.png
mvtec,tile,train,normal,,train/good/010.png,,data/datasets/mvtec/tile/train/good/010.png
mvtec,tile,train,normal,,train/good/011.png,,data/datasets/mvtec/tile/train/good/011.png
mvtec,tile,train,normal,,train/good/012.png,,data/datasets/mvtec/tile/train/good/012.png
mvtec,tile,train,normal,,train/good/013.png,,data/datasets/mvtec/tile/train/good/013.png
mvtec,tile,train,normal,,train/good/014.png,,data/datasets/mvtec/tile/train/good/014.png
mvtec,tile,train,normal,,train/good/015.png,,data/datasets/mvtec/tile/train/good/015.png
mvtec,tile,train,normal,,train/good/016.png,,data/datasets/mvtec/tile/train/good/016.png
mvtec,tile,train,normal,,train/good/017.png,,data/datasets/mvtec/tile/train/good/017.png
mvtec,tile,train,normal,,train/good/018.png,,data/datasets/mvtec/tile/train/good/018.png
mvtec,tile,train,normal,,train/good/019.png,,data/datasets/mvtec/tile/train/good/019.png
mvtec,tile,train,normal,,train/good/020.png,,data/datasets/mvtec/tile/train/good/020.png
mvtec,tile,train,normal,,train/good/021.png,,data/datasets/mvtec/tile/train/good/021.png
mvtec,tile,train,normal,,train/good/022.png,,data/datasets/mvtec/tile/train/good/022.png
mvtec,tile,train,normal,,train/good/023.png,,data/datasets/mvtec/tile/train/good/023.png
mvtec,tile,train,normal,,train/good/024.png,,data/datasets/mvtec/tile/train/good/024.png
mvtec,tile,train,normal,,train/good/025.png,,data/datasets/mvtec/tile/train/good/025.png
mvtec,tile,train,normal,,train/good/026.png,,data/datasets/mvtec/tile/train/good/026.png
mvtec,tile,train,normal,,train/good/027.png,,data/datasets/mvtec/tile/train/good/027.png
mvtec,tile,train,normal,,train/good/028.png,,data/datasets/mvtec/tile/train/good/028.png
mvtec,tile,train,normal,,train/good/029.png,,data/datasets/mvtec/tile/train/good/029.png
mvtec,tile,train,normal,,train/good/030.png,,data/datasets/mvtec/tile/train/good/030.png
mvtec,tile,train,normal,,train/good/031.png,,data/datasets/mvtec/tile/train/good/031.png
mvtec,tile,train,normal,,train/good/032.png,,data/datasets/mvtec/tile/train/good/032.png
mvtec,tile,train,normal,,train/good/033.png,,data/datasets/mvtec/tile/train/good/033.png
mvtec,tile,train,normal,,train/good/034.png,,data/datasets/mvtec/tile/train/good/034.png
mvtec,tile,train,normal,,train/good/035.png,,data/datasets/mvtec/tile/train/good/035.png
mvtec,tile,train,normal,,train/good/036.png,,data/datasets/mvtec/tile/train/good/036.png
mvtec,tile,train,normal,,train/good/037.png,,data/datasets/mvtec/tile/train/good/037.png
mvtec,tile,train,normal,,train/good/038.png,,data/datasets/mvtec/tile/train/good/038.png
mvtec,tile,train,normal,,train/good/039.png,,data/datasets/mvtec/tile/train/good/039.png
mvtec,tile,train,normal,,train/good/040.png,,data/datasets/mvtec/tile/train/good/040.png
mvtec,tile,train,normal,,train/good/041.png,,data/datasets/mvtec/tile/train/good/041.png
mvtec,tile,train,normal,,train/good/042.png,,data/datasets/mvtec/tile/train/good/042.png
mvtec,tile,train,normal,,train/good/043.png,,data/datasets/mvtec/tile/train/good/043.png
mvtec,tile,train,normal,,train/good/044.png,,data/datasets/mvtec/tile/train/good/044.png
mvtec,tile,train,normal,,train/good/045.png,,data/datasets/mvtec/tile/train/good/045.png
mvtec,tile,train,normal,,train/good/046.png,,data/datasets/mvtec/tile/train/good/046.png
mvtec,tile,train,normal,,train/good/047.png,,data/datasets/mvtec/tile/train/good/047.png
mvtec,tile,train,normal,,train/good/048.png,,data/datasets/mvtec/tile/train/good/048.png
mvtec,tile,train,normal,,train/good/049.png,,data/datasets/mvtec/tile/train/good/049.png
mvtec,tile,train,normal,,train/good/050.png,,data/datasets/mvtec/tile/train/good/050.png
mvtec,tile,train,normal,,train/good/051.png,,data/datasets/mvtec/tile/train/good/051.png
mvtec,tile,train,normal,,train/good/052.png,,data/datasets/mvtec/tile/train/good/052.png
mvtec,tile,train,normal,,train/good/053.png,,data/datasets/mvtec/tile/train/good/053.png
mvtec,tile,train,normal,,train/good/054.png,,data/datasets/mvtec/tile/train/good/054.png
mvtec,tile,train,normal,,train/good/055.png,,data/datasets/mvtec/tile/train/good/055.png
mvtec,tile,train,normal,,train/good/056.png,,data/datasets/mvtec/tile/train/good/056.png
mvtec,tile,train,normal,,train/good/057.png,,data/datasets/mvtec/tile/train/good/057.png
mvtec,tile,train,normal,,train/good/058.png,,data/datasets/mvtec/tile/train/good/058.png
mvtec,tile,train,normal,,train/good/059.png,,data/datasets/mvtec/tile/train/good/059.png
mvtec,tile,train,normal,,train/good/060.png,,data/datasets/mvtec/tile/train/good/060.png
mvtec,tile,train,normal,,train/good/061.png,,data/datasets/mvtec/tile/train/good/061.png
mvtec,tile,train,normal,,train/good/062.png,,data/datasets/mvtec/tile/train/good/062.png
mvtec,tile,train,normal,,train/good/063.png,,data/datasets/mvtec/tile/train/good/063.png
mvtec,tile,train,normal,,train/good/064.png,,data/datasets/mvtec/tile/train/good/064.png
mvtec,tile,train,normal,,train/good/065.png,,data/datasets/mvtec/tile/train/good/065.png
mvtec,tile,train,normal,,train/good/066.png,,data/datasets/mvtec/tile/train/good/066.png
mvtec,tile,train,normal,,train/good/067.png,,data/datasets/mvtec/tile/train/good/067.png
mvtec,tile,train,normal,,train/good/068.png,,data/datasets/mvtec/tile/train/good/068.png
mvtec,tile,train,normal,,train/good/069.png,,data/datasets/mvtec/tile/train/good/069.png
mvtec,tile,train,normal,,train/good/070.png,,data/datasets/mvtec/tile/train/good/070.png
mvtec,tile,train,normal,,train/good/071.png,,data/datasets/mvtec/tile/train/good/071.png
mvtec,tile,train,normal,,train/good/072.png,,data/datasets/mvtec/tile/train/good/072.png
mvtec,tile,train,normal,,train/good/073.png,,data/datasets/mvtec/tile/train/good/073.png
mvtec,tile,train,normal,,train/good/074.png,,data/datasets/mvtec/tile/train/good/074.png
mvtec,tile,train,normal,,train/good/075.png,,data/datasets/mvtec/tile/train/good/075.png
mvtec,tile,train,normal,,train/good/076.png,,data/datasets/mvtec/tile/train/good/076.png
mvtec,tile,train,normal,,train/good/077.png,,data/datasets/mvtec/tile/train/good/077.png
mvtec,tile,train,normal,,train/good/078.png,,data/datasets/mvtec/tile/train/good/078.png
mvtec,tile,train,normal,,train/good/079.png,,data/datasets/mvtec/tile/train/good/079.png
mvtec,tile,train,normal,,train/good/080.png,,data/datasets/mvtec/tile/train/good/080.png
mvtec,tile,train,normal,,train/good/081.png,,data/datasets/mvtec/tile/train/good/081.png
mvtec,tile,train,normal,,train/good/082.png,,data/datasets/mvtec/tile/train/good/082.png
mvtec,tile,train,normal,,train/good/083.png,,data/datasets/mvtec/tile/train/good/083.png
mvtec,tile,train,normal,,train/good/084.png,,data/datasets/mvtec/tile/train/good/084.png
mvtec,tile,train,normal,,train/good/085.png,,data/datasets/mvtec/tile/train/good/085.png
mvtec,tile,train,normal,,train/good/086.png,,data/datasets/mvtec/tile/train/good/086.png
mvtec,tile,train,normal,,train/good/087.png,,data/datasets/mvtec/tile/train/good/087.png
mvtec,tile,train,normal,,train/good/088.png,,data/datasets/mvtec/tile/train/good/088.png
mvtec,tile,train,normal,,train/good/089.png,,data/datasets/mvtec/tile/train/good/089.png
mvtec,tile,train,normal,,train/good/090.png,,data/datasets/mvtec/tile/train/good/090.png
mvtec,tile,train,normal,,train/good/091.png,,data/datasets/mvtec/tile/train/good/091.png
mvtec,tile,train,normal,,train/good/092.png,,data/datasets/mvtec/tile/train/good/092.png
mvtec,tile,train,normal,,train/good/093.png,,data/datasets/mvtec/tile/train/good/093.png
mvtec,tile,train,normal,,train/good/094.png,,data/datasets/mvtec/tile/train/good/094.png
mvtec,tile,train,normal,,train/good/095.png,,data/datasets/mvtec/tile/train/good/095.png
mvtec,tile,train,normal,,train/good/096.png,,data/datasets/mvtec/tile/train/good/096.png
mvtec,tile,train,normal,,train/good/097.png,,data/datasets/mvtec/tile/train/good/097.png
mvtec,tile,train,normal,,train/good/098.png,,data/datasets/mvtec/tile/train/good/098.png
mvtec,tile,train,normal,,train/good/099.png,,data/datasets/mvtec/tile/train/good/099.png
mvtec,tile,train,normal,,train/good/100.png,,data/datasets/mvtec/tile/train/good/100.png
mvtec,tile,train,normal,,train/good/101.png,,data/datasets/mvtec/tile/train/good/101.png
mvtec,tile,train,normal,,train/good/102.png,,data/datasets/mvtec/tile/train/good/102.png
mvtec,tile,train,normal,,train/good/103.png,,data/datasets/mvtec/tile/train/good/103.png
mvtec,tile,train,normal,,train/good/104.png,,data/datasets/mvtec/tile/train/good/104.png
mvtec,tile,train,normal,,train/good/105.png,,data/datasets/mvtec/tile/train/good/105.png
mvtec,tile,train,normal,,train/good/106.png,,data/datasets/mvtec/tile/train/good/106.png
mvtec,tile,train,normal,,train/good/107.png,,data/datasets/mvtec/tile/train/good/107.png
mvtec,tile,train,normal,,train/good/108.png,,data/datasets/mvtec/tile/train/good/108.png
mvtec,tile,train,normal,,train/good/109.png,,data/datasets/mvtec/tile/train/good/109.png
mvtec,tile,train,normal,,train/good/110.png,,data/datasets/mvtec/tile/train/good/110.png
mvtec,tile,train,normal,,train/good/111.png,,data/datasets/mvtec/tile/train/good/111.png
mvtec,tile,train,normal,,train/good/112.png,,data/datasets/mvtec/tile/train/good/112.png
mvtec,tile,train,normal,,train/good/113.png,,data/datasets/mvtec/tile/train/good/113.png
mvtec,tile,train,normal,,train/good/114.png,,data/datasets/mvtec/tile/train/good/114.png
mvtec,tile,train,normal,,train/good/115.png,,data/datasets/mvtec/tile/train/good/115.png
mvtec,tile,train,normal,,train/good/116.png,,data/datasets/mvtec/tile/train/good/116.png
mvtec,tile,train,normal,,train/good/117.png,,data/datasets/mvtec/tile/train/good/117.png
mvtec,tile,train,normal,,train/good/118.png,,data/datasets/mvtec/tile/train/good/118.png
mvtec,tile,train,normal,,train/good/119.png,,data/datasets/mvtec/tile/train/good/119.png
mvtec,tile,train,normal,,train/good/120.png,,data/datasets/mvtec/tile/train/good/120.png
mvtec,tile,train,normal,,train/good/121.png,,data/datasets/mvtec/tile/train/good/121.png
mvtec,tile,train,normal,,train/good/122.png,,data/datasets/mvtec/tile/train/good/122.png
mvtec,tile,train,normal,,train/good/123.png,,data/datasets/mvtec/tile/train/good/123.png
mvtec,tile,train,normal,,train/good/124.png,,data/datasets/mvtec/tile/train/good/124.png
mvtec,tile,train,normal,,train/good/125.png,,data/datasets/mvtec/tile/train/good/125.png
mvtec,tile,train,normal,,train/good/126.png,,data/datasets/mvtec/tile/train/good/126.png
mvtec,tile,train,normal,,train/good/127.png,,data/datasets/mvtec/tile/train/good/127.png
mvtec,tile,train,normal,,train/good/128.png,,data/datasets/mvtec/tile/train/good/128.png
mvtec,tile,train,normal,,train/good/129.png,,data/datasets/mvtec/tile/train/good/129.png
mvtec,tile,train,normal,,train/good/130.png,,data/datasets/mvtec/tile/train/good/130.png
mvtec,tile,train,normal,,train/good/131.png,,data/datasets/mvtec/tile/train/good/131.png
mvtec,tile,train,normal,,train/good/132.png,,data/datasets/mvtec/tile/train/good/132.png
mvtec,tile,train,normal,,train/good/133.png,,data/datasets/mvtec/tile/train/good/133.png
mvtec,tile,train,normal,,train/good/134.png,,data/datasets/mvtec/tile/train/good/134.png
mvtec,tile,train,normal,,train/good/135.png,,data/datasets/mvtec/tile/train/good/135.png
mvtec,tile,train,normal,,train/good/136.png,,data/datasets/mvtec/tile/train/good/136.png
mvtec,tile,train,normal,,train/good/137.png,,data/datasets/mvtec/tile/train/good/137.png
mvtec,tile,train,normal,,train/good/138.png,,data/datasets/mvtec/tile/train/good/138.png
mvtec,tile,train,normal,,train/good/139.png,,data/datasets/mvtec/tile/train/good/139.png
mvtec,tile,train,normal,,train/good/140.png,,data/datasets/mvtec/tile/train/good/140.png
mvtec,tile,train,normal,,train/good/141.png,,data/datasets/mvtec/tile/train/good/141.png
mvtec,tile,train,normal,,train/good/142.png,,data/datasets/mvtec/tile/train/good/142.png
mvtec,tile,train,normal,,train/good/143.png,,data/datasets/mvtec/tile/train/good/143.png
mvtec,tile,train,normal,,train/good/144.png,,data/datasets/mvtec/tile/train/good/144.png
mvtec,tile,train,normal,,train/good/145.png,,data/datasets/mvtec/tile/train/good/145.png
mvtec,tile,train,normal,,train/good/146.png,,data/datasets/mvtec/tile/train/good/146.png
mvtec,tile,train,normal,,train/good/147.png,,data/datasets/mvtec/tile/train/good/147.png
mvtec,tile,train,normal,,train/good/148.png,,data/datasets/mvtec/tile/train/good/148.png
mvtec,tile,train,normal,,train/good/149.png,,data/datasets/mvtec/tile/train/good/149.png
mvtec,tile,train,normal,,train/good/150.png,,data/datasets/mvtec/tile/train/good/150.png
mvtec,tile,train,normal,,train/good/151.png,,data/datasets/mvtec/tile/train/good/151.png
mvtec,tile,train,normal,,train/good/152.png,,data/datasets/mvtec/tile/train/good/152.png
mvtec,tile,train,normal,,train/good/153.png,,data/datasets/mvtec/tile/train/good/153.png
mvtec,tile,train,normal,,train/good/154.png,,data/datasets/mvtec/tile/train/good/154.png
mvtec,tile,train,normal,,train/good/155.png,,data/datasets/mvtec/tile/train/good/155.png
mvtec,tile,train,normal,,train/good/156.png,,data/datasets/mvtec/tile/train/good/156.png
mvtec,tile,train,normal,,train/good/157.png,,data/datasets/mvtec/tile/train/good/157.png
mvtec,tile,train,normal,,train/good/158.png,,data/datasets/mvtec/tile/train/good/158.png
mvtec,tile,train,normal,,train/good/159.png,,data/datasets/mvtec/tile/train/good/159.png
mvtec,tile,train,normal,,train/good/160.png,,data/datasets/mvtec/tile/train/good/160.png
mvtec,tile,train,normal,,train/good/161.png,,data/datasets/mvtec/tile/train/good/161.png
mvtec,tile,train,normal,,train/good/162.png,,data/datasets/mvtec/tile/train/good/162.png
mvtec,tile,train,normal,,train/good/163.png,,data/datasets/mvtec/tile/train/good/163.png
mvtec,tile,train,normal,,train/good/164.png,,data/datasets/mvtec/tile/train/good/164.png
mvtec,tile,train,normal,,train/good/165.png,,data/datasets/mvtec/tile/train/good/165.png
mvtec,tile,train,normal,,train/good/166.png,,data/datasets/mvtec/tile/train/good/166.png
mvtec,tile,train,normal,,train/good/167.png,,data/datasets/mvtec/tile/train/good/167.png
mvtec,tile,train,normal,,train/good/168.png,,data/datasets/mvtec/tile/train/good/168.png
mvtec,tile,train,normal,,train/good/169.png,,data/datasets/mvtec/tile/train/good/169.png
mvtec,tile,train,normal,,train/good/170.png,,data/datasets/mvtec/tile/train/good/170.png
mvtec,tile,train,normal,,train/good/171.png,,data/datasets/mvtec/tile/train/good/171.png
mvtec,tile,train,normal,,train/good/172.png,,data/datasets/mvtec/tile/train/good/172.png
mvtec,tile,train,normal,,train/good/173.png,,data/datasets/mvtec/tile/train/good/173.png
mvtec,tile,train,normal,,train/good/174.png,,data/datasets/mvtec/tile/train/good/174.png
mvtec,tile,train,normal,,train/good/175.png,,data/datasets/mvtec/tile/train/good/175.png
mvtec,tile,train,normal,,train/good/176.png,,data/datasets/mvtec/tile/train/good/176.png
mvtec,tile,train,normal,,train/good/177.png,,data/datasets/mvtec/tile/train/good/177.png
mvtec,tile,train,normal,,train/good/178.png,,data/datasets/mvtec/tile/train/good/178.png
mvtec,tile,train,normal,,train/good/179.png,,data/datasets/mvtec/tile/train/good/179.png
mvtec,tile,train,normal,,train/good/180.png,,data/datasets/mvtec/tile/train/good/180.png
mvtec,tile,train,normal,,train/good/181.png,,data/datasets/mvtec/tile/train/good/181.png
mvtec,tile,train,normal,,train/good/182.png,,data/datasets/mvtec/tile/train/good/182.png
mvtec,tile,train,normal,,train/good/183.png,,data/datasets/mvtec/tile/train/good/183.png
mvtec,tile,train,normal,,train/good/184.png,,data/datasets/mvtec/tile/train/good/184.png
mvtec,tile,train,normal,,train/good/185.png,,data/datasets/mvtec/tile/train/good/185.png
mvtec,tile,train,normal,,train/good/186.png,,data/datasets/mvtec/tile/train/good/186.png
mvtec,tile,train,normal,,train/good/187.png,,data/datasets/mvtec/tile/train/good/187.png
mvtec,tile,train,normal,,train/good/188.png,,data/datasets/mvtec/tile/train/good/188.png
mvtec,tile,train,normal,,train/good/189.png,,data/datasets/mvtec/tile/train/good/189.png
mvtec,tile,train,normal,,train/good/190.png,,data/datasets/mvtec/tile/train/good/190.png
mvtec,tile,train,normal,,train/good/191.png,,data/datasets/mvtec/tile/train/good/191.png
mvtec,tile,train,normal,,train/good/192.png,,data/datasets/mvtec/tile/train/good/192.png
mvtec,tile,train,normal,,train/good/193.png,,data/datasets/mvtec/tile/train/good/193.png
mvtec,tile,train,normal,,train/good/194.png,,data/datasets/mvtec/tile/train/good/194.png
mvtec,tile,train,normal,,train/good/195.png,,data/datasets/mvtec/tile/train/good/195.png
mvtec,tile,train,normal,,train/good/196.png,,data/datasets/mvtec/tile/train/good/196.png
mvtec,tile,train,normal,,train/good/197.png,,data/datasets/mvtec/tile/train/good/197.png
mvtec,tile,train,normal,,train/good/198.png,,data/datasets/mvtec/tile/train/good/198.png
mvtec,tile,train,normal,,train/good/199.png,,data/datasets/mvtec/tile/train/good/199.png
mvtec,tile,train,normal,,train/good/200.png,,data/datasets/mvtec/tile/train/good/200.png
mvtec,tile,train,normal,,train/good/201.png,,data/datasets/mvtec/tile/train/good/201.png
mvtec,tile,train,normal,,train/good/202.png,,data/datasets/mvtec/tile/train/good/202.png
mvtec,tile,train,normal,,train/good/203.png,,data/datasets/mvtec/tile/train/good/203.png
mvtec,tile,train,normal,,train/good/204.png,,data/datasets/mvtec/tile/train/good/204.png
mvtec,tile,train,normal,,train/good/205.png,,data/datasets/mvtec/tile/train/good/205.png
mvtec,tile,train,normal,,train/good/206.png,,data/datasets/mvtec/tile/train/good/206.png
mvtec,tile,train,normal,,train/good/207.png,,data/datasets/mvtec/tile/train/good/207.png
mvtec,tile,train,normal,,train/good/208.png,,data/datasets/mvtec/tile/train/good/208.png
mvtec,tile,train,normal,,train/good/209.png,,data/datasets/mvtec/tile/train/good/209.png
mvtec,tile,train,normal,,train/good/210.png,,data/datasets/mvtec/tile/train/good/210.png
mvtec,tile,train,normal,,train/good/211.png,,data/datasets/mvtec/tile/train/good/211.png
mvtec,tile,train,normal,,train/good/212.png,,data/datasets/mvtec/tile/train/good/212.png
mvtec,tile,train,normal,,train/good/213.png,,data/datasets/mvtec/tile/train/good/213.png
mvtec,tile,train,normal,,train/good/214.png,,data/datasets/mvtec/tile/train/good/214.png
mvtec,tile,train,normal,,train/good/215.png,,data/datasets/mvtec/tile/train/good/215.png
mvtec,tile,train,normal,,train/good/216.png,,data/datasets/mvtec/tile/train/good/216.png
mvtec,tile,train,normal,,train/good/217.png,,data/datasets/mvtec/tile/train/good/217.png
mvtec,tile,train,normal,,train/good/218.png,,data/datasets/mvtec/tile/train/good/218.png
mvtec,tile,train,normal,,train/good/219.png,,data/datasets/mvtec/tile/train/good/219.png
mvtec,tile,train,normal,,train/good/220.png,,data/datasets/mvtec/tile/train/good/220.png
mvtec,tile,train,normal,,train/good/221.png,,data/datasets/mvtec/tile/train/good/221.png
mvtec,tile,train,normal,,train/good/222.png,,data/datasets/mvtec/tile/train/good/222.png
mvtec,tile,train,normal,,train/good/223.png,,data/datasets/mvtec/tile/train/good/223.png
mvtec,tile,train,normal,,train/good/224.png,,data/datasets/mvtec/tile/train/good/224.png
mvtec,tile,train,normal,,train/good/225.png,,data/datasets/mvtec/tile/train/good/225.png
mvtec,tile,train,normal,,train/good/226.png,,data/datasets/mvtec/tile/train/good/226.png
mvtec,tile,train,normal,,train/good/227.png,,data/datasets/mvtec/tile/train/good/227.png
mvtec,tile,train,normal,,train/good/228.png,,data/datasets/mvtec/tile/train/good/228.png
mvtec,tile,train,normal,,train/good/229.png,,data/datasets/mvtec/tile/train/good/229.png
mvtec,tile,train,anomaly,crack,train/anomaly/crack_003.png,train/masks/crack_003.png,data/datasets/mvtec/tile/test/crack/003.png
mvtec,tile,train,anomaly,crack,train/anomaly/crack_006.png,train/masks/crack_006.png,data/datasets/mvtec/tile/test/crack/006.png
mvtec,tile,train,anomaly,crack,train/anomaly/crack_008.png,train/masks/crack_008.png,data/datasets/mvtec/tile/test/crack/008.png
mvtec,tile,train,anomaly,crack,train/anomaly/crack_010.png,train/masks/crack_010.png,data/datasets/mvtec/tile/test/crack/010.png
mvtec,tile,train,anomaly,crack,train/anomaly/crack_012.png,train/masks/crack_012.png,data/datasets/mvtec/tile/test/crack/012.png
mvtec,tile,train,anomaly,glue_strip,train/anomaly/glue_strip_002.png,train/masks/glue_strip_002.png,data/datasets/mvtec/tile/test/glue_strip/002.png
mvtec,tile,train,anomaly,glue_strip,train/anomaly/glue_strip_003.png,train/masks/glue_strip_003.png,data/datasets/mvtec/tile/test/glue_strip/003.png
mvtec,tile,train,anomaly,glue_strip,train/anomaly/glue_strip_005.png,train/masks/glue_strip_005.png,data/datasets/mvtec/tile/test/glue_strip/005.png
mvtec,tile,train,anomaly,glue_strip,train/anomaly/glue_strip_009.png,train/masks/glue_strip_009.png,data/datasets/mvtec/tile/test/glue_strip/009.png
mvtec,tile,train,anomaly,glue_strip,train/anomaly/glue_strip_011.png,train/masks/glue_strip_011.png,data/datasets/mvtec/tile/test/glue_strip/011.png
mvtec,tile,train,anomaly,glue_strip,train/anomaly/glue_strip_012.png,train/masks/glue_strip_012.png,data/datasets/mvtec/tile/test/glue_strip/012.png
mvtec,tile,train,anomaly,gray_stroke,train/anomaly/gray_stroke_002.png,train/masks/gray_stroke_002.png,data/datasets/mvtec/tile/test/gray_stroke/002.png
mvtec,tile,train,anomaly,gray_stroke,train/anomaly/gray_stroke_004.png,train/masks/gray_stroke_004.png,data/datasets/mvtec/tile/test/gray_stroke/004.png
mvtec,tile,train,anomaly,gray_stroke,train/anomaly/gray_stroke_007.png,train/masks/gray_stroke_007.png,data/datasets/mvtec/tile/test/gray_stroke/007.png
mvtec,tile,train,anomaly,gray_stroke,train/anomaly/gray_stroke_009.png,train/masks/gray_stroke_009.png,data/datasets/mvtec/tile/test/gray_stroke/009.png
mvtec,tile,train,anomaly,gray_stroke,train/anomaly/gray_stroke_012.png,train/masks/gray_stroke_012.png,data/datasets/mvtec/tile/test/gray_stroke/012.png
mvtec,tile,train,anomaly,gray_stroke,train/anomaly/gray_stroke_013.png,train/masks/gray_stroke_013.png,data/datasets/mvtec/tile/test/gray_stroke/013.png
mvtec,tile,train,anomaly,rough,train/anomaly/rough_001.png,train/masks/rough_001.png,data/datasets/mvtec/tile/test/rough/001.png
mvtec,tile,train,anomaly,rough,train/anomaly/rough_002.png,train/masks/rough_002.png,data/datasets/mvtec/tile/test/rough/002.png
mvtec,tile,train,anomaly,rough,train/anomaly/rough_003.png,train/masks/rough_003.png,data/datasets/mvtec/tile/test/rough/003.png
mvtec,tile,train,anomaly,rough,train/anomaly/rough_005.png,train/masks/rough_005.png,data/datasets/mvtec/tile/test/rough/005.png
mvtec,tile,train,anomaly,rough,train/anomaly/rough_006.png,train/masks/rough_006.png,data/datasets/mvtec/tile/test/rough/006.png
mvtec,tile,train,anomaly,rough,train/anomaly/rough_007.png,train/masks/rough_007.png,data/datasets/mvtec/tile/test/rough/007.png
mvtec,tile,test,normal,,test/good/000.png,,data/datasets/mvtec/tile/test/good/000.png
mvtec,tile,test,normal,,test/good/001.png,,data/datasets/mvtec/tile/test/good/001.png
mvtec,tile,test,normal,,test/good/002.png,,data/datasets/mvtec/tile/test/good/002.png
mvtec,tile,test,normal,,test/good/003.png,,data/datasets/mvtec/tile/test/good/003.png
mvtec,tile,test,normal,,test/good/004.png,,data/datasets/mvtec/tile/test/good/004.png
mvtec,tile,test,normal,,test/good/005.png,,data/datasets/mvtec/tile/test/good/005.png
mvtec,tile,test,normal,,test/good/006.png,,data/datasets/mvtec/tile/test/good/006.png
mvtec,tile,test,normal,,test/good/007.png,,data/datasets/mvtec/tile/test/good/007.png
mvtec,tile,test,normal,,test/good/008.png,,data/datasets/mvtec/tile/test/good/008.png
mvtec,tile,test,normal,,test/good/009.png,,data/datasets/mvtec/tile/test/good/009.png
mvtec,tile,test,normal,,test/good/010.png,,data/datasets/mvtec/tile/test/good/010.png
mvtec,tile,test,normal,,test/good/011.png,,data/datasets/mvtec/tile/test/good/011.png
mvtec,tile,test,normal,,test/good/012.png,,data/datasets/mvtec/tile/test/good/012.png
mvtec,tile,test,normal,,test/good/013.png,,data/datasets/mvtec/tile/test/good/013.png
mvtec,tile,test,normal,,test/good/014.png,,data/datasets/mvtec/tile/test/good/014.png
mvtec,tile,test,normal,,test/good/015.png,,data/datasets/mvtec/tile/test/good/015.png
mvtec,tile,test,normal,,test/good/016.png,,data/datasets/mvtec/tile/test/good/016.png
mvtec,tile,test,normal,,test/good/017.png,,data/datasets/mvtec/tile/test/good/017.png
mvtec,tile,test,normal,,test/good/018.png,,data/datasets/mvtec/tile/test/good/018.png
mvtec,tile,test,normal,,test/good/019.png,,data/datasets/mvtec/tile/test/good/019.png
mvtec,tile,test,normal,,test/good/020.png,,data/datasets/mvtec/tile/test/good/020.png
mvtec,tile,test,normal,,test/good/021.png,,data/datasets/mvtec/tile/test/good/021.png
mvtec,tile,test,normal,,test/good/022.png,,data/datasets/mvtec/tile/test/good/022.png
mvtec,tile,test,normal,,test/good/023.png,,data/datasets/mvtec/tile/test/good/023.png
mvtec,tile,test,normal,,test/good/024.png,,data/datasets/mvtec/tile/test/good/024.png
mvtec,tile,test,normal,,test/good/025.png,,data/datasets/mvtec/tile/test/good/025.png
mvtec,tile,test,normal,,test/good/026.png,,data/datasets/mvtec/tile/test/good/026.png
mvtec,tile,test,normal,,test/good/027.png,,data/datasets/mvtec/tile/test/good/027.png
mvtec,tile,test,normal,,test/good/028.png,,data/datasets/mvtec/tile/test/good/028.png
mvtec,tile,test,normal,,test/good/029.png,,data/datasets/mvtec/tile/test/good/029.png
mvtec,tile,test,normal,,test/good/030.png,,data/datasets/mvtec/tile/test/good/030.png
mvtec,tile,test,normal,,test/good/031.png,,data/datasets/mvtec/tile/test/good/031.png
mvtec,tile,test,normal,,test/good/032.png,,data/datasets/mvtec/tile/test/good/032.png
mvtec,tile,test,anomaly,crack,test/anomaly/crack_000.png,test/masks/crack_000.png,data/datasets/mvtec/tile/test/crack/000.png
mvtec,tile,test,anomaly,crack,test/anomaly/crack_001.png,test/masks/crack_001.png,data/datasets/mvtec/tile/test/crack/001.png
mvtec,tile,test,anomaly,crack,test/anomaly/crack_002.png,test/masks/crack_002.png,data/datasets/mvtec/tile/test/crack/002.png
mvtec,tile,test,anomaly,crack,test/anomaly/crack_004.png,test/masks/crack_004.png,data/datasets/mvtec/tile/test/crack/004.png
mvtec,tile,test,anomaly,crack,test/anomaly/crack_005.png,test/masks/crack_005.png,data/datasets/mvtec/tile/test/crack/005.png
mvtec,tile,test,anomaly,crack,test/anomaly/crack_007.png,test/masks/crack_007.png,data/datasets/mvtec/tile/test/crack/007.png
mvtec,tile,test,anomaly,crack,test/anomaly/crack_009.png,test/masks/crack_009.png,data/datasets/mvtec/tile/test/crack/009.png
mvtec,tile,test,anomaly,crack,test/anomaly/crack_011.png,test/masks/crack_011.png,data/datasets/mvtec/tile/test/crack/011.png
mvtec,tile,test,anomaly,crack,test/anomaly/crack_013.png,test/masks/crack_013.png,data/datasets/mvtec/tile/test/crack/013.png
mvtec,tile,test,anomaly,crack,test/anomaly/crack_014.png,test/masks/crack_014.png,data/datasets/mvtec/tile/test/crack/014.png
mvtec,tile,test,anomaly,crack,test/anomaly/crack_015.png,test/masks/crack_015.png,data/datasets/mvtec/tile/test/crack/015.png
mvtec,tile,test,anomaly,crack,test/anomaly/crack_016.png,test/masks/crack_016.png,data/datasets/mvtec/tile/test/crack/016.png
mvtec,tile,test,anomaly,glue_strip,test/anomaly/glue_strip_000.png,test/masks/glue_strip_000.png,data/datasets/mvtec/tile/test/glue_strip/000.png
mvtec,tile,test,anomaly,glue_strip,test/anomaly/glue_strip_001.png,test/masks/glue_strip_001.png,data/datasets/mvtec/tile/test/glue_strip/001.png
mvtec,tile,test,anomaly,glue_strip,test/anomaly/glue_strip_004.png,test/masks/glue_strip_004.png,data/datasets/mvtec/tile/test/glue_strip/004.png
mvtec,tile,test,anomaly,glue_strip,test/anomaly/glue_strip_006.png,test/masks/glue_strip_006.png,data/datasets/mvtec/tile/test/glue_strip/006.png
mvtec,tile,test,anomaly,glue_strip,test/anomaly/glue_strip_007.png,test/masks/glue_strip_007.png,data/datasets/mvtec/tile/test/glue_strip/007.png
mvtec,tile,test,anomaly,glue_strip,test/anomaly/glue_strip_008.png,test/masks/glue_strip_008.png,data/datasets/mvtec/tile/test/glue_strip/008.png
mvtec,tile,test,anomaly,glue_strip,test/anomaly/glue_strip_010.png,test/masks/glue_strip_010.png,data/datasets/mvtec/tile/test/glue_strip/010.png
mvtec,tile,test,anomaly,glue_strip,test/anomaly/glue_strip_013.png,test/masks/glue_strip_013.png,data/datasets/mvtec/tile/test/glue_strip/013.png
mvtec,tile,test,anomaly,glue_strip,test/anomaly/glue_strip_014.png,test/masks/glue_strip_014.png,data/datasets/mvtec/tile/test/glue_strip/014.png
mvtec,tile,test,anomaly,glue_strip,test/anomaly/glue_strip_015.png,test/masks/glue_strip_015.png,data/datasets/mvtec/tile/test/glue_strip/015.png
mvtec,tile,test,anomaly,glue_strip,test/anomaly/glue_strip_016.png,test/masks/glue_strip_016.png,data/datasets/mvtec/tile/test/glue_strip/016.png
mvtec,tile,test,anomaly,glue_strip,test/anomaly/glue_strip_017.png,test/masks/glue_strip_017.png,data/datasets/mvtec/tile/test/glue_strip/017.png
mvtec,tile,test,anomaly,gray_stroke,test/anomaly/gray_stroke_000.png,test/masks/gray_stroke_000.png,data/datasets/mvtec/tile/test/gray_stroke/000.png
mvtec,tile,test,anomaly,gray_stroke,test/anomaly/gray_stroke_001.png,test/masks/gray_stroke_001.png,data/datasets/mvtec/tile/test/gray_stroke/001.png
mvtec,tile,test,anomaly,gray_stroke,test/anomaly/gray_stroke_003.png,test/masks/gray_stroke_003.png,data/datasets/mvtec/tile/test/gray_stroke/003.png
mvtec,tile,test,anomaly,gray_stroke,test/anomaly/gray_stroke_005.png,test/masks/gray_stroke_005.png,data/datasets/mvtec/tile/test/gray_stroke/005.png
mvtec,tile,test,anomaly,gray_stroke,test/anomaly/gray_stroke_006.png,test/masks/gray_stroke_006.png,data/datasets/mvtec/tile/test/gray_stroke/006.png
mvtec,tile,test,anomaly,gray_stroke,test/anomaly/gray_stroke_008.png,test/masks/gray_stroke_008.png,data/datasets/mvtec/tile/test/gray_stroke/008.png
mvtec,tile,test,anomaly,gray_stroke,test/anomaly/gray_stroke_010.png,test/masks/gray_stroke_010.png,data/datasets/mvtec/tile/test/gray_stroke/010.png
mvtec,tile,test,anomaly,gray_stroke,test/anomaly/gray_stroke_011.png,test/masks/gray_stroke_011.png,data/datasets/mvtec/tile/test/gray_stroke/011.png
mvtec,tile,test,anomaly,gray_stroke,test/anomaly/gray_stroke_014.png,test/masks/gray_stroke_014.png,data/datasets/mvtec/tile/test/gray_stroke/014.png
mvtec,tile,test,anomaly,gray_stroke,test/anomaly/gray_stroke_015.png,test/masks/gray_stroke_015.png,data/datasets/mvtec/tile/test/gray_stroke/015.png
mvtec,tile,test,anomaly,oil,test/anomaly/oil_000.png,test/masks/oil_000.png,data/datasets/mvtec/tile/test/oil/000.png
mvtec,tile,test,anomaly,oil,test/anomaly/oil_001.png,test/masks/oil_001.png,data/datasets/mvtec/tile/test/oil/001.png
mvtec,tile,test,anomaly,oil,test/anomaly/oil_002.png,test/masks/oil_002.png,data/datasets/mvtec/tile/test/oil/002.png
mvtec,tile,test,anomaly,oil,test/anomaly/oil_003.png,test/masks/oil_003.png,data/datasets/mvtec/tile/test/oil/003.png
mvtec,tile,test,anomaly,oil,test/anomaly/oil_004.png,test/masks/oil_004.png,data/datasets/mvtec/tile/test/oil/004.png
mvtec,tile,test,anomaly,oil,test/anomaly/oil_005.png,test/masks/oil_005.png,data/datasets/mvtec/tile/test/oil/005.png
mvtec,tile,test,anomaly,oil,test/anomaly/oil_006.png,test/masks/oil_006.png,data/datasets/mvtec/tile/test/oil/006.png
mvtec,tile,test,anomaly,oil,test/anomaly/oil_007.png,test/masks/oil_007.png,data/datasets/mvtec/tile/test/oil/007.png
mvtec,tile,test,anomaly,oil,test/anomaly/oil_008.png,test/masks/oil_008.png,data/datasets/mvtec/tile/test/oil/008.png
mvtec,tile,test,anomaly,oil,test/anomaly/oil_009.png,test/masks/oil_009.png,data/datasets/mvtec/tile/test/oil/009.png
mvtec,tile,test,anomaly,oil,test/anomaly/oil_010.png,test/masks/oil_010.png,data/datasets/mvtec/tile/test/oil/010.png
mvtec,tile,test,anomaly,oil,test/anomaly/oil_011.png,test/masks/oil_011.png,data/datasets/mvtec/tile/test/oil/011.png
mvtec,tile,test,anomaly,oil,test/anomaly/oil_012.png,test/masks/oil_012.png,data/datasets/mvtec/tile/test/oil/012.png
mvtec,tile,test,anomaly,oil,test/anomaly/oil_013.png,test/masks/oil_013.png,data/datasets/mvtec/tile/test/oil/013.png
mvtec,tile,test,anomaly,oil,test/anomaly/oil_014.png,test/masks/oil_014.png,data/datasets/mvtec/tile/test/oil/014.png
mvtec,tile,test,anomaly,oil,test/anomaly/oil_015.png,test/masks/oil_015.png,data/datasets/mvtec/tile/test/oil/015.png
mvtec,tile,test,anomaly,oil,test/anomaly/oil_016.png,test/masks/oil_016.png,data/datasets/mvtec/tile/test/oil/016.png
mvtec,tile,test,anomaly,oil,test/anomaly/oil_017.png,test/masks/oil_017.png,data/datasets/mvtec/tile/test/oil/017.png
mvtec,tile,test,anomaly,rough,test/anomaly/rough_000.png,test/masks/rough_000.png,data/datasets/mvtec/tile/test/rough/000.png
mvtec,tile,test,anomaly,rough,test/anomaly/rough_004.png,test/masks/rough_004.png,data/datasets/mvtec/tile/test/rough/004.png
mvtec,tile,test,anomaly,rough,test/anomaly/rough_008.png,test/masks/rough_008.png,data/datasets/mvtec/tile/test/rough/008.png
mvtec,tile,test,anomaly,rough,test/anomaly/rough_009.png,test/masks/rough_009.png,data/datasets/mvtec/tile/test/rough/009.png
mvtec,tile,test,anomaly,rough,test/anomaly/rough_010.png,test/masks/rough_010.png,data/datasets/mvtec/tile/test/rough/010.png
mvtec,tile,test,anomaly,rough,test/anomaly/rough_011.png,test/masks/rough_011.png,data/datasets/mvtec/tile/test/rough/011.png
mvtec,tile,test,anomaly,rough,test/anomaly/rough_012.png,test/masks/rough_012.png,data/datasets/mvtec/tile/test/rough/012.png
mvtec,tile,test,anomaly,rough,test/anomaly/rough_013.png,test/masks/rough_013.png,data/datasets/mvtec/tile/test/rough/013.png
mvtec,tile,test,anomaly,rough,test/anomaly/rough_014.png,test/masks/rough_014.png,data/datasets/mvtec/tile/test/rough/014.png
mvtec,toothbrush,train,normal,,train/good/000.png,,data/datasets/mvtec/toothbrush/train/good/000.png
mvtec,toothbrush,train,normal,,train/good/001.png,,data/datasets/mvtec/toothbrush/train/good/001.png
mvtec,toothbrush,train,normal,,train/good/002.png,,data/datasets/mvtec/toothbrush/train/good/002.png
mvtec,toothbrush,train,normal,,train/good/003.png,,data/datasets/mvtec/toothbrush/train/good/003.png
mvtec,toothbrush,train,normal,,train/good/004.png,,data/datasets/mvtec/toothbrush/train/good/004.png
mvtec,toothbrush,train,normal,,train/good/005.png,,data/datasets/mvtec/toothbrush/train/good/005.png
mvtec,toothbrush,train,normal,,train/good/006.png,,data/datasets/mvtec/toothbrush/train/good/006.png
mvtec,toothbrush,train,normal,,train/good/007.png,,data/datasets/mvtec/toothbrush/train/good/007.png
mvtec,toothbrush,train,normal,,train/good/008.png,,data/datasets/mvtec/toothbrush/train/good/008.png
mvtec,toothbrush,train,normal,,train/good/009.png,,data/datasets/mvtec/toothbrush/train/good/009.png
mvtec,toothbrush,train,normal,,train/good/010.png,,data/datasets/mvtec/toothbrush/train/good/010.png
mvtec,toothbrush,train,normal,,train/good/011.png,,data/datasets/mvtec/toothbrush/train/good/011.png
mvtec,toothbrush,train,normal,,train/good/012.png,,data/datasets/mvtec/toothbrush/train/good/012.png
mvtec,toothbrush,train,normal,,train/good/013.png,,data/datasets/mvtec/toothbrush/train/good/013.png
mvtec,toothbrush,train,normal,,train/good/014.png,,data/datasets/mvtec/toothbrush/train/good/014.png
mvtec,toothbrush,train,normal,,train/good/015.png,,data/datasets/mvtec/toothbrush/train/good/015.png
mvtec,toothbrush,train,normal,,train/good/016.png,,data/datasets/mvtec/toothbrush/train/good/016.png
mvtec,toothbrush,train,normal,,train/good/017.png,,data/datasets/mvtec/toothbrush/train/good/017.png
mvtec,toothbrush,train,normal,,train/good/018.png,,data/datasets/mvtec/toothbrush/train/good/018.png
mvtec,toothbrush,train,normal,,train/good/019.png,,data/datasets/mvtec/toothbrush/train/good/019.png
mvtec,toothbrush,train,normal,,train/good/020.png,,data/datasets/mvtec/toothbrush/train/good/020.png
mvtec,toothbrush,train,normal,,train/good/021.png,,data/datasets/mvtec/toothbrush/train/good/021.png
mvtec,toothbrush,train,normal,,train/good/022.png,,data/datasets/mvtec/toothbrush/train/good/022.png
mvtec,toothbrush,train,normal,,train/good/023.png,,data/datasets/mvtec/toothbrush/train/good/023.png
mvtec,toothbrush,train,normal,,train/good/024.png,,data/datasets/mvtec/toothbrush/train/good/024.png
mvtec,toothbrush,train,normal,,train/good/025.png,,data/datasets/mvtec/toothbrush/train/good/025.png
mvtec,toothbrush,train,normal,,train/good/026.png,,data/datasets/mvtec/toothbrush/train/good/026.png
mvtec,toothbrush,train,normal,,train/good/027.png,,data/datasets/mvtec/toothbrush/train/good/027.png
mvtec,toothbrush,train,normal,,train/good/028.png,,data/datasets/mvtec/toothbrush/train/good/028.png
mvtec,toothbrush,train,normal,,train/good/029.png,,data/datasets/mvtec/toothbrush/train/good/029.png
mvtec,toothbrush,train,normal,,train/good/030.png,,data/datasets/mvtec/toothbrush/train/good/030.png
mvtec,toothbrush,train,normal,,train/good/031.png,,data/datasets/mvtec/toothbrush/train/good/031.png
mvtec,toothbrush,train,normal,,train/good/032.png,,data/datasets/mvtec/toothbrush/train/good/032.png
mvtec,toothbrush,train,normal,,train/good/033.png,,data/datasets/mvtec/toothbrush/train/good/033.png
mvtec,toothbrush,train,normal,,train/good/034.png,,data/datasets/mvtec/toothbrush/train/good/034.png
mvtec,toothbrush,train,normal,,train/good/035.png,,data/datasets/mvtec/toothbrush/train/good/035.png
mvtec,toothbrush,train,normal,,train/good/036.png,,data/datasets/mvtec/toothbrush/train/good/036.png
mvtec,toothbrush,train,normal,,train/good/037.png,,data/datasets/mvtec/toothbrush/train/good/037.png
mvtec,toothbrush,train,normal,,train/good/038.png,,data/datasets/mvtec/toothbrush/train/good/038.png
mvtec,toothbrush,train,normal,,train/good/039.png,,data/datasets/mvtec/toothbrush/train/good/039.png
mvtec,toothbrush,train,normal,,train/good/040.png,,data/datasets/mvtec/toothbrush/train/good/040.png
mvtec,toothbrush,train,normal,,train/good/041.png,,data/datasets/mvtec/toothbrush/train/good/041.png
mvtec,toothbrush,train,normal,,train/good/042.png,,data/datasets/mvtec/toothbrush/train/good/042.png
mvtec,toothbrush,train,normal,,train/good/043.png,,data/datasets/mvtec/toothbrush/train/good/043.png
mvtec,toothbrush,train,normal,,train/good/044.png,,data/datasets/mvtec/toothbrush/train/good/044.png
mvtec,toothbrush,train,normal,,train/good/045.png,,data/datasets/mvtec/toothbrush/train/good/045.png
mvtec,toothbrush,train,normal,,train/good/046.png,,data/datasets/mvtec/toothbrush/train/good/046.png
mvtec,toothbrush,train,normal,,train/good/047.png,,data/datasets/mvtec/toothbrush/train/good/047.png
mvtec,toothbrush,train,normal,,train/good/048.png,,data/datasets/mvtec/toothbrush/train/good/048.png
mvtec,toothbrush,train,normal,,train/good/049.png,,data/datasets/mvtec/toothbrush/train/good/049.png
mvtec,toothbrush,train,normal,,train/good/050.png,,data/datasets/mvtec/toothbrush/train/good/050.png
mvtec,toothbrush,train,normal,,train/good/051.png,,data/datasets/mvtec/toothbrush/train/good/051.png
mvtec,toothbrush,train,normal,,train/good/052.png,,data/datasets/mvtec/toothbrush/train/good/052.png
mvtec,toothbrush,train,normal,,train/good/053.png,,data/datasets/mvtec/toothbrush/train/good/053.png
mvtec,toothbrush,train,normal,,train/good/054.png,,data/datasets/mvtec/toothbrush/train/good/054.png
mvtec,toothbrush,train,normal,,train/good/055.png,,data/datasets/mvtec/toothbrush/train/good/055.png
mvtec,toothbrush,train,normal,,train/good/056.png,,data/datasets/mvtec/toothbrush/train/good/056.png
mvtec,toothbrush,train,normal,,train/good/057.png,,data/datasets/mvtec/toothbrush/train/good/057.png
mvtec,toothbrush,train,normal,,train/good/058.png,,data/datasets/mvtec/toothbrush/train/good/058.png
mvtec,toothbrush,train,normal,,train/good/059.png,,data/datasets/mvtec/toothbrush/train/good/059.png
mvtec,toothbrush,train,anomaly,defective,train/anomaly/defective_000.png,train/masks/defective_000.png,data/datasets/mvtec/toothbrush/test/defective/000.png
mvtec,toothbrush,train,anomaly,defective,train/anomaly/defective_005.png,train/masks/defective_005.png,data/datasets/mvtec/toothbrush/test/defective/005.png
mvtec,toothbrush,train,anomaly,defective,train/anomaly/defective_006.png,train/masks/defective_006.png,data/datasets/mvtec/toothbrush/test/defective/006.png
mvtec,toothbrush,train,anomaly,defective,train/anomaly/defective_014.png,train/masks/defective_014.png,data/datasets/mvtec/toothbrush/test/defective/014.png
mvtec,toothbrush,train,anomaly,defective,train/anomaly/defective_016.png,train/masks/defective_016.png,data/datasets/mvtec/toothbrush/test/defective/016.png
mvtec,toothbrush,train,anomaly,defective,train/anomaly/defective_017.png,train/masks/defective_017.png,data/datasets/mvtec/toothbrush/test/defective/017.png
mvtec,toothbrush,test,normal,,test/good/000.png,,data/datasets/mvtec/toothbrush/test/good/000.png
mvtec,toothbrush,test,normal,,test/good/001.png,,data/datasets/mvtec/toothbrush/test/good/001.png
mvtec,toothbrush,test,normal,,test/good/002.png,,data/datasets/mvtec/toothbrush/test/good/002.png
mvtec,toothbrush,test,normal,,test/good/003.png,,data/datasets/mvtec/toothbrush/test/good/003.png
mvtec,toothbrush,test,normal,,test/good/004.png,,data/datasets/mvtec/toothbrush/test/good/004.png
mvtec,toothbrush,test,normal,,test/good/005.png,,data/datasets/mvtec/toothbrush/test/good/005.png
mvtec,toothbrush,test,normal,,test/good/006.png,,data/datasets/mvtec/toothbrush/test/good/006.png
mvtec,toothbrush,test,normal,,test/good/007.png,,data/datasets/mvtec/toothbrush/test/good/007.png
mvtec,toothbrush,test,normal,,test/good/008.png,,data/datasets/mvtec/toothbrush/test/good/008.png
mvtec,toothbrush,test,normal,,test/good/009.png,,data/datasets/mvtec/toothbrush/test/good/009.png
mvtec,toothbrush,test,normal,,test/good/010.png,,data/datasets/mvtec/toothbrush/test/good/010.png
mvtec,toothbrush,test,normal,,test/good/011.png,,data/datasets/mvtec/toothbrush/test/good/011.png
mvtec,toothbrush,test,anomaly,defective,test/anomaly/defective_001.png,test/masks/defective_001.png,data/datasets/mvtec/toothbrush/test/defective/001.png
mvtec,toothbrush,test,anomaly,defective,test/anomaly/defective_002.png,test/masks/defective_002.png,data/datasets/mvtec/toothbrush/test/defective/002.png
mvtec,toothbrush,test,anomaly,defective,test/anomaly/defective_003.png,test/masks/defective_003.png,data/datasets/mvtec/toothbrush/test/defective/003.png
mvtec,toothbrush,test,anomaly,defective,test/anomaly/defective_004.png,test/masks/defective_004.png,data/datasets/mvtec/toothbrush/test/defective/004.png
mvtec,toothbrush,test,anomaly,defective,test/anomaly/defective_007.png,test/masks/defective_007.png,data/datasets/mvtec/toothbrush/test/defective/007.png
mvtec,toothbrush,test,anomaly,defective,test/anomaly/defective_008.png,test/masks/defective_008.png,data/datasets/mvtec/toothbrush/test/defective/008.png
mvtec,toothbrush,test,anomaly,defective,test/anomaly/defective_009.png,test/masks/defective_009.png,data/datasets/mvtec/toothbrush/test/defective/009.png
mvtec,toothbrush,test,anomaly,defective,test/anomaly/defective_010.png,test/masks/defective_010.png,data/datasets/mvtec/toothbrush/test/defective/010.png
mvtec,toothbrush,test,anomaly,defective,test/anomaly/defective_011.png,test/masks/defective_011.png,data/datasets/mvtec/toothbrush/test/defective/011.png
mvtec,toothbrush,test,anomaly,defective,test/anomaly/defective_012.png,test/masks/defective_012.png,data/datasets/mvtec/toothbrush/test/defective/012.png
mvtec,toothbrush,test,anomaly,defective,test/anomaly/defective_013.png,test/masks/defective_013.png,data/datasets/mvtec/toothbrush/test/defective/013.png
mvtec,toothbrush,test,anomaly,defective,test/anomaly/defective_015.png,test/masks/defective_015.png,data/datasets/mvtec/toothbrush/test/defective/015.png
mvtec,toothbrush,test,anomaly,defective,test/anomaly/defective_018.png,test/masks/defective_018.png,data/datasets/mvtec/toothbrush/test/defective/018.png
mvtec,toothbrush,test,anomaly,defective,test/anomaly/defective_019.png,test/masks/defective_019.png,data/datasets/mvtec/toothbrush/test/defective/019.png
mvtec,toothbrush,test,anomaly,defective,test/anomaly/defective_020.png,test/masks/defective_020.png,data/datasets/mvtec/toothbrush/test/defective/020.png
mvtec,toothbrush,test,anomaly,defective,test/anomaly/defective_021.png,test/masks/defective_021.png,data/datasets/mvtec/toothbrush/test/defective/021.png
mvtec,toothbrush,test,anomaly,defective,test/anomaly/defective_022.png,test/masks/defective_022.png,data/datasets/mvtec/toothbrush/test/defective/022.png
mvtec,toothbrush,test,anomaly,defective,test/anomaly/defective_023.png,test/masks/defective_023.png,data/datasets/mvtec/toothbrush/test/defective/023.png
mvtec,toothbrush,test,anomaly,defective,test/anomaly/defective_024.png,test/masks/defective_024.png,data/datasets/mvtec/toothbrush/test/defective/024.png
mvtec,toothbrush,test,anomaly,defective,test/anomaly/defective_025.png,test/masks/defective_025.png,data/datasets/mvtec/toothbrush/test/defective/025.png
mvtec,toothbrush,test,anomaly,defective,test/anomaly/defective_026.png,test/masks/defective_026.png,data/datasets/mvtec/toothbrush/test/defective/026.png
mvtec,toothbrush,test,anomaly,defective,test/anomaly/defective_027.png,test/masks/defective_027.png,data/datasets/mvtec/toothbrush/test/defective/027.png
mvtec,toothbrush,test,anomaly,defective,test/anomaly/defective_028.png,test/masks/defective_028.png,data/datasets/mvtec/toothbrush/test/defective/028.png
mvtec,toothbrush,test,anomaly,defective,test/anomaly/defective_029.png,test/masks/defective_029.png,data/datasets/mvtec/toothbrush/test/defective/029.png
mvtec,transistor,train,normal,,train/good/000.png,,data/datasets/mvtec/transistor/train/good/000.png
mvtec,transistor,train,normal,,train/good/001.png,,data/datasets/mvtec/transistor/train/good/001.png
mvtec,transistor,train,normal,,train/good/002.png,,data/datasets/mvtec/transistor/train/good/002.png
mvtec,transistor,train,normal,,train/good/003.png,,data/datasets/mvtec/transistor/train/good/003.png
mvtec,transistor,train,normal,,train/good/004.png,,data/datasets/mvtec/transistor/train/good/004.png
mvtec,transistor,train,normal,,train/good/005.png,,data/datasets/mvtec/transistor/train/good/005.png
mvtec,transistor,train,normal,,train/good/006.png,,data/datasets/mvtec/transistor/train/good/006.png
mvtec,transistor,train,normal,,train/good/007.png,,data/datasets/mvtec/transistor/train/good/007.png
mvtec,transistor,train,normal,,train/good/008.png,,data/datasets/mvtec/transistor/train/good/008.png
mvtec,transistor,train,normal,,train/good/009.png,,data/datasets/mvtec/transistor/train/good/009.png
mvtec,transistor,train,normal,,train/good/010.png,,data/datasets/mvtec/transistor/train/good/010.png
mvtec,transistor,train,normal,,train/good/011.png,,data/datasets/mvtec/transistor/train/good/011.png
mvtec,transistor,train,normal,,train/good/012.png,,data/datasets/mvtec/transistor/train/good/012.png
mvtec,transistor,train,normal,,train/good/013.png,,data/datasets/mvtec/transistor/train/good/013.png
mvtec,transistor,train,normal,,train/good/014.png,,data/datasets/mvtec/transistor/train/good/014.png
mvtec,transistor,train,normal,,train/good/015.png,,data/datasets/mvtec/transistor/train/good/015.png
mvtec,transistor,train,normal,,train/good/016.png,,data/datasets/mvtec/transistor/train/good/016.png
mvtec,transistor,train,normal,,train/good/017.png,,data/datasets/mvtec/transistor/train/good/017.png
mvtec,transistor,train,normal,,train/good/018.png,,data/datasets/mvtec/transistor/train/good/018.png
mvtec,transistor,train,normal,,train/good/019.png,,data/datasets/mvtec/transistor/train/good/019.png
mvtec,transistor,train,normal,,train/good/020.png,,data/datasets/mvtec/transistor/train/good/020.png
mvtec,transistor,train,normal,,train/good/021.png,,data/datasets/mvtec/transistor/train/good/021.png
mvtec,transistor,train,normal,,train/good/022.png,,data/datasets/mvtec/transistor/train/good/022.png
mvtec,transistor,train,normal,,train/good/023.png,,data/datasets/mvtec/transistor/train/good/023.png
mvtec,transistor,train,normal,,train/good/024.png,,data/datasets/mvtec/transistor/train/good/024.png
mvtec,transistor,train,normal,,train/good/025.png,,data/datasets/mvtec/transistor/train/good/025.png
mvtec,transistor,train,normal,,train/good/026.png,,data/datasets/mvtec/transistor/train/good/026.png
mvtec,transistor,train,normal,,train/good/027.png,,data/datasets/mvtec/transistor/train/good/027.png
mvtec,transistor,train,normal,,train/good/028.png,,data/datasets/mvtec/transistor/train/good/028.png
mvtec,transistor,train,normal,,train/good/029.png,,data/datasets/mvtec/transistor/train/good/029.png
mvtec,transistor,train,normal,,train/good/030.png,,data/datasets/mvtec/transistor/train/good/030.png
mvtec,transistor,train,normal,,train/good/031.png,,data/datasets/mvtec/transistor/train/good/031.png
mvtec,transistor,train,normal,,train/good/032.png,,data/datasets/mvtec/transistor/train/good/032.png
mvtec,transistor,train,normal,,train/good/033.png,,data/datasets/mvtec/transistor/train/good/033.png
mvtec,transistor,train,normal,,train/good/034.png,,data/datasets/mvtec/transistor/train/good/034.png
mvtec,transistor,train,normal,,train/good/035.png,,data/datasets/mvtec/transistor/train/good/035.png
mvtec,transistor,train,normal,,train/good/036.png,,data/datasets/mvtec/transistor/train/good/036.png
mvtec,transistor,train,normal,,train/good/037.png,,data/datasets/mvtec/transistor/train/good/037.png
mvtec,transistor,train,normal,,train/good/038.png,,data/datasets/mvtec/transistor/train/good/038.png
mvtec,transistor,train,normal,,train/good/039.png,,data/datasets/mvtec/transistor/train/good/039.png
mvtec,transistor,train,normal,,train/good/040.png,,data/datasets/mvtec/transistor/train/good/040.png
mvtec,transistor,train,normal,,train/good/041.png,,data/datasets/mvtec/transistor/train/good/041.png
mvtec,transistor,train,normal,,train/good/042.png,,data/datasets/mvtec/transistor/train/good/042.png
mvtec,transistor,train,normal,,train/good/043.png,,data/datasets/mvtec/transistor/train/good/043.png
mvtec,transistor,train,normal,,train/good/044.png,,data/datasets/mvtec/transistor/train/good/044.png
mvtec,transistor,train,normal,,train/good/045.png,,data/datasets/mvtec/transistor/train/good/045.png
mvtec,transistor,train,normal,,train/good/046.png,,data/datasets/mvtec/transistor/train/good/046.png
mvtec,transistor,train,normal,,train/good/047.png,,data/datasets/mvtec/transistor/train/good/047.png
mvtec,transistor,train,normal,,train/good/048.png,,data/datasets/mvtec/transistor/train/good/048.png
mvtec,transistor,train,normal,,train/good/049.png,,data/datasets/mvtec/transistor/train/good/049.png
mvtec,transistor,train,normal,,train/good/050.png,,data/datasets/mvtec/transistor/train/good/050.png
mvtec,transistor,train,normal,,train/good/051.png,,data/datasets/mvtec/transistor/train/good/051.png
mvtec,transistor,train,normal,,train/good/052.png,,data/datasets/mvtec/transistor/train/good/052.png
mvtec,transistor,train,normal,,train/good/053.png,,data/datasets/mvtec/transistor/train/good/053.png
mvtec,transistor,train,normal,,train/good/054.png,,data/datasets/mvtec/transistor/train/good/054.png
mvtec,transistor,train,normal,,train/good/055.png,,data/datasets/mvtec/transistor/train/good/055.png
mvtec,transistor,train,normal,,train/good/056.png,,data/datasets/mvtec/transistor/train/good/056.png
mvtec,transistor,train,normal,,train/good/057.png,,data/datasets/mvtec/transistor/train/good/057.png
mvtec,transistor,train,normal,,train/good/058.png,,data/datasets/mvtec/transistor/train/good/058.png
mvtec,transistor,train,normal,,train/good/059.png,,data/datasets/mvtec/transistor/train/good/059.png
mvtec,transistor,train,normal,,train/good/060.png,,data/datasets/mvtec/transistor/train/good/060.png
mvtec,transistor,train,normal,,train/good/061.png,,data/datasets/mvtec/transistor/train/good/061.png
mvtec,transistor,train,normal,,train/good/062.png,,data/datasets/mvtec/transistor/train/good/062.png
mvtec,transistor,train,normal,,train/good/063.png,,data/datasets/mvtec/transistor/train/good/063.png
mvtec,transistor,train,normal,,train/good/064.png,,data/datasets/mvtec/transistor/train/good/064.png
mvtec,transistor,train,normal,,train/good/065.png,,data/datasets/mvtec/transistor/train/good/065.png
mvtec,transistor,train,normal,,train/good/066.png,,data/datasets/mvtec/transistor/train/good/066.png
mvtec,transistor,train,normal,,train/good/067.png,,data/datasets/mvtec/transistor/train/good/067.png
mvtec,transistor,train,normal,,train/good/068.png,,data/datasets/mvtec/transistor/train/good/068.png
mvtec,transistor,train,normal,,train/good/069.png,,data/datasets/mvtec/transistor/train/good/069.png
mvtec,transistor,train,normal,,train/good/070.png,,data/datasets/mvtec/transistor/train/good/070.png
mvtec,transistor,train,normal,,train/good/071.png,,data/datasets/mvtec/transistor/train/good/071.png
mvtec,transistor,train,normal,,train/good/072.png,,data/datasets/mvtec/transistor/train/good/072.png
mvtec,transistor,train,normal,,train/good/073.png,,data/datasets/mvtec/transistor/train/good/073.png
mvtec,transistor,train,normal,,train/good/074.png,,data/datasets/mvtec/transistor/train/good/074.png
mvtec,transistor,train,normal,,train/good/075.png,,data/datasets/mvtec/transistor/train/good/075.png
mvtec,transistor,train,normal,,train/good/076.png,,data/datasets/mvtec/transistor/train/good/076.png
mvtec,transistor,train,normal,,train/good/077.png,,data/datasets/mvtec/transistor/train/good/077.png
mvtec,transistor,train,normal,,train/good/078.png,,data/datasets/mvtec/transistor/train/good/078.png
mvtec,transistor,train,normal,,train/good/079.png,,data/datasets/mvtec/transistor/train/good/079.png
mvtec,transistor,train,normal,,train/good/080.png,,data/datasets/mvtec/transistor/train/good/080.png
mvtec,transistor,train,normal,,train/good/081.png,,data/datasets/mvtec/transistor/train/good/081.png
mvtec,transistor,train,normal,,train/good/082.png,,data/datasets/mvtec/transistor/train/good/082.png
mvtec,transistor,train,normal,,train/good/083.png,,data/datasets/mvtec/transistor/train/good/083.png
mvtec,transistor,train,normal,,train/good/084.png,,data/datasets/mvtec/transistor/train/good/084.png
mvtec,transistor,train,normal,,train/good/085.png,,data/datasets/mvtec/transistor/train/good/085.png
mvtec,transistor,train,normal,,train/good/086.png,,data/datasets/mvtec/transistor/train/good/086.png
mvtec,transistor,train,normal,,train/good/087.png,,data/datasets/mvtec/transistor/train/good/087.png
mvtec,transistor,train,normal,,train/good/088.png,,data/datasets/mvtec/transistor/train/good/088.png
mvtec,transistor,train,normal,,train/good/089.png,,data/datasets/mvtec/transistor/train/good/089.png
mvtec,transistor,train,normal,,train/good/090.png,,data/datasets/mvtec/transistor/train/good/090.png
mvtec,transistor,train,normal,,train/good/091.png,,data/datasets/mvtec/transistor/train/good/091.png
mvtec,transistor,train,normal,,train/good/092.png,,data/datasets/mvtec/transistor/train/good/092.png
mvtec,transistor,train,normal,,train/good/093.png,,data/datasets/mvtec/transistor/train/good/093.png
mvtec,transistor,train,normal,,train/good/094.png,,data/datasets/mvtec/transistor/train/good/094.png
mvtec,transistor,train,normal,,train/good/095.png,,data/datasets/mvtec/transistor/train/good/095.png
mvtec,transistor,train,normal,,train/good/096.png,,data/datasets/mvtec/transistor/train/good/096.png
mvtec,transistor,train,normal,,train/good/097.png,,data/datasets/mvtec/transistor/train/good/097.png
mvtec,transistor,train,normal,,train/good/098.png,,data/datasets/mvtec/transistor/train/good/098.png
mvtec,transistor,train,normal,,train/good/099.png,,data/datasets/mvtec/transistor/train/good/099.png
mvtec,transistor,train,normal,,train/good/100.png,,data/datasets/mvtec/transistor/train/good/100.png
mvtec,transistor,train,normal,,train/good/101.png,,data/datasets/mvtec/transistor/train/good/101.png
mvtec,transistor,train,normal,,train/good/102.png,,data/datasets/mvtec/transistor/train/good/102.png
mvtec,transistor,train,normal,,train/good/103.png,,data/datasets/mvtec/transistor/train/good/103.png
mvtec,transistor,train,normal,,train/good/104.png,,data/datasets/mvtec/transistor/train/good/104.png
mvtec,transistor,train,normal,,train/good/105.png,,data/datasets/mvtec/transistor/train/good/105.png
mvtec,transistor,train,normal,,train/good/106.png,,data/datasets/mvtec/transistor/train/good/106.png
mvtec,transistor,train,normal,,train/good/107.png,,data/datasets/mvtec/transistor/train/good/107.png
mvtec,transistor,train,normal,,train/good/108.png,,data/datasets/mvtec/transistor/train/good/108.png
mvtec,transistor,train,normal,,train/good/109.png,,data/datasets/mvtec/transistor/train/good/109.png
mvtec,transistor,train,normal,,train/good/110.png,,data/datasets/mvtec/transistor/train/good/110.png
mvtec,transistor,train,normal,,train/good/111.png,,data/datasets/mvtec/transistor/train/good/111.png
mvtec,transistor,train,normal,,train/good/112.png,,data/datasets/mvtec/transistor/train/good/112.png
mvtec,transistor,train,normal,,train/good/113.png,,data/datasets/mvtec/transistor/train/good/113.png
mvtec,transistor,train,normal,,train/good/114.png,,data/datasets/mvtec/transistor/train/good/114.png
mvtec,transistor,train,normal,,train/good/115.png,,data/datasets/mvtec/transistor/train/good/115.png
mvtec,transistor,train,normal,,train/good/116.png,,data/datasets/mvtec/transistor/train/good/116.png
mvtec,transistor,train,normal,,train/good/117.png,,data/datasets/mvtec/transistor/train/good/117.png
mvtec,transistor,train,normal,,train/good/118.png,,data/datasets/mvtec/transistor/train/good/118.png
mvtec,transistor,train,normal,,train/good/119.png,,data/datasets/mvtec/transistor/train/good/119.png
mvtec,transistor,train,normal,,train/good/120.png,,data/datasets/mvtec/transistor/train/good/120.png
mvtec,transistor,train,normal,,train/good/121.png,,data/datasets/mvtec/transistor/train/good/121.png
mvtec,transistor,train,normal,,train/good/122.png,,data/datasets/mvtec/transistor/train/good/122.png
mvtec,transistor,train,normal,,train/good/123.png,,data/datasets/mvtec/transistor/train/good/123.png
mvtec,transistor,train,normal,,train/good/124.png,,data/datasets/mvtec/transistor/train/good/124.png
mvtec,transistor,train,normal,,train/good/125.png,,data/datasets/mvtec/transistor/train/good/125.png
mvtec,transistor,train,normal,,train/good/126.png,,data/datasets/mvtec/transistor/train/good/126.png
mvtec,transistor,train,normal,,train/good/127.png,,data/datasets/mvtec/transistor/train/good/127.png
mvtec,transistor,train,normal,,train/good/128.png,,data/datasets/mvtec/transistor/train/good/128.png
mvtec,transistor,train,normal,,train/good/129.png,,data/datasets/mvtec/transistor/train/good/129.png
mvtec,transistor,train,normal,,train/good/130.png,,data/datasets/mvtec/transistor/train/good/130.png
mvtec,transistor,train,normal,,train/good/131.png,,data/datasets/mvtec/transistor/train/good/131.png
mvtec,transistor,train,normal,,train/good/132.png,,data/datasets/mvtec/transistor/train/good/132.png
mvtec,transistor,train,normal,,train/good/133.png,,data/datasets/mvtec/transistor/train/good/133.png
mvtec,transistor,train,normal,,train/good/134.png,,data/datasets/mvtec/transistor/train/good/134.png
mvtec,transistor,train,normal,,train/good/135.png,,data/datasets/mvtec/transistor/train/good/135.png
mvtec,transistor,train,normal,,train/good/136.png,,data/datasets/mvtec/transistor/train/good/136.png
mvtec,transistor,train,normal,,train/good/137.png,,data/datasets/mvtec/transistor/train/good/137.png
mvtec,transistor,train,normal,,train/good/138.png,,data/datasets/mvtec/transistor/train/good/138.png
mvtec,transistor,train,normal,,train/good/139.png,,data/datasets/mvtec/transistor/train/good/139.png
mvtec,transistor,train,normal,,train/good/140.png,,data/datasets/mvtec/transistor/train/good/140.png
mvtec,transistor,train,normal,,train/good/141.png,,data/datasets/mvtec/transistor/train/good/141.png
mvtec,transistor,train,normal,,train/good/142.png,,data/datasets/mvtec/transistor/train/good/142.png
mvtec,transistor,train,normal,,train/good/143.png,,data/datasets/mvtec/transistor/train/good/143.png
mvtec,transistor,train,normal,,train/good/144.png,,data/datasets/mvtec/transistor/train/good/144.png
mvtec,transistor,train,normal,,train/good/145.png,,data/datasets/mvtec/transistor/train/good/145.png
mvtec,transistor,train,normal,,train/good/146.png,,data/datasets/mvtec/transistor/train/good/146.png
mvtec,transistor,train,normal,,train/good/147.png,,data/datasets/mvtec/transistor/train/good/147.png
mvtec,transistor,train,normal,,train/good/148.png,,data/datasets/mvtec/transistor/train/good/148.png
mvtec,transistor,train,normal,,train/good/149.png,,data/datasets/mvtec/transistor/train/good/149.png
mvtec,transistor,train,normal,,train/good/150.png,,data/datasets/mvtec/transistor/train/good/150.png
mvtec,transistor,train,normal,,train/good/151.png,,data/datasets/mvtec/transistor/train/good/151.png
mvtec,transistor,train,normal,,train/good/152.png,,data/datasets/mvtec/transistor/train/good/152.png
mvtec,transistor,train,normal,,train/good/153.png,,data/datasets/mvtec/transistor/train/good/153.png
mvtec,transistor,train,normal,,train/good/154.png,,data/datasets/mvtec/transistor/train/good/154.png
mvtec,transistor,train,normal,,train/good/155.png,,data/datasets/mvtec/transistor/train/good/155.png
mvtec,transistor,train,normal,,train/good/156.png,,data/datasets/mvtec/transistor/train/good/156.png
mvtec,transistor,train,normal,,train/good/157.png,,data/datasets/mvtec/transistor/train/good/157.png
mvtec,transistor,train,normal,,train/good/158.png,,data/datasets/mvtec/transistor/train/good/158.png
mvtec,transistor,train,normal,,train/good/159.png,,data/datasets/mvtec/transistor/train/good/159.png
mvtec,transistor,train,normal,,train/good/160.png,,data/datasets/mvtec/transistor/train/good/160.png
mvtec,transistor,train,normal,,train/good/161.png,,data/datasets/mvtec/transistor/train/good/161.png
mvtec,transistor,train,normal,,train/good/162.png,,data/datasets/mvtec/transistor/train/good/162.png
mvtec,transistor,train,normal,,train/good/163.png,,data/datasets/mvtec/transistor/train/good/163.png
mvtec,transistor,train,normal,,train/good/164.png,,data/datasets/mvtec/transistor/train/good/164.png
mvtec,transistor,train,normal,,train/good/165.png,,data/datasets/mvtec/transistor/train/good/165.png
mvtec,transistor,train,normal,,train/good/166.png,,data/datasets/mvtec/transistor/train/good/166.png
mvtec,transistor,train,normal,,train/good/167.png,,data/datasets/mvtec/transistor/train/good/167.png
mvtec,transistor,train,normal,,train/good/168.png,,data/datasets/mvtec/transistor/train/good/168.png
mvtec,transistor,train,normal,,train/good/169.png,,data/datasets/mvtec/transistor/train/good/169.png
mvtec,transistor,train,normal,,train/good/170.png,,data/datasets/mvtec/transistor/train/good/170.png
mvtec,transistor,train,normal,,train/good/171.png,,data/datasets/mvtec/transistor/train/good/171.png
mvtec,transistor,train,normal,,train/good/172.png,,data/datasets/mvtec/transistor/train/good/172.png
mvtec,transistor,train,normal,,train/good/173.png,,data/datasets/mvtec/transistor/train/good/173.png
mvtec,transistor,train,normal,,train/good/174.png,,data/datasets/mvtec/transistor/train/good/174.png
mvtec,transistor,train,normal,,train/good/175.png,,data/datasets/mvtec/transistor/train/good/175.png
mvtec,transistor,train,normal,,train/good/176.png,,data/datasets/mvtec/transistor/train/good/176.png
mvtec,transistor,train,normal,,train/good/177.png,,data/datasets/mvtec/transistor/train/good/177.png
mvtec,transistor,train,normal,,train/good/178.png,,data/datasets/mvtec/transistor/train/good/178.png
mvtec,transistor,train,normal,,train/good/179.png,,data/datasets/mvtec/transistor/train/good/179.png
mvtec,transistor,train,normal,,train/good/180.png,,data/datasets/mvtec/transistor/train/good/180.png
mvtec,transistor,train,normal,,train/good/181.png,,data/datasets/mvtec/transistor/train/good/181.png
mvtec,transistor,train,normal,,train/good/182.png,,data/datasets/mvtec/transistor/train/good/182.png
mvtec,transistor,train,normal,,train/good/183.png,,data/datasets/mvtec/transistor/train/good/183.png
mvtec,transistor,train,normal,,train/good/184.png,,data/datasets/mvtec/transistor/train/good/184.png
mvtec,transistor,train,normal,,train/good/185.png,,data/datasets/mvtec/transistor/train/good/185.png
mvtec,transistor,train,normal,,train/good/186.png,,data/datasets/mvtec/transistor/train/good/186.png
mvtec,transistor,train,normal,,train/good/187.png,,data/datasets/mvtec/transistor/train/good/187.png
mvtec,transistor,train,normal,,train/good/188.png,,data/datasets/mvtec/transistor/train/good/188.png
mvtec,transistor,train,normal,,train/good/189.png,,data/datasets/mvtec/transistor/train/good/189.png
mvtec,transistor,train,normal,,train/good/190.png,,data/datasets/mvtec/transistor/train/good/190.png
mvtec,transistor,train,normal,,train/good/191.png,,data/datasets/mvtec/transistor/train/good/191.png
mvtec,transistor,train,normal,,train/good/192.png,,data/datasets/mvtec/transistor/train/good/192.png
mvtec,transistor,train,normal,,train/good/193.png,,data/datasets/mvtec/transistor/train/good/193.png
mvtec,transistor,train,normal,,train/good/194.png,,data/datasets/mvtec/transistor/train/good/194.png
mvtec,transistor,train,normal,,train/good/195.png,,data/datasets/mvtec/transistor/train/good/195.png
mvtec,transistor,train,normal,,train/good/196.png,,data/datasets/mvtec/transistor/train/good/196.png
mvtec,transistor,train,normal,,train/good/197.png,,data/datasets/mvtec/transistor/train/good/197.png
mvtec,transistor,train,normal,,train/good/198.png,,data/datasets/mvtec/transistor/train/good/198.png
mvtec,transistor,train,normal,,train/good/199.png,,data/datasets/mvtec/transistor/train/good/199.png
mvtec,transistor,train,normal,,train/good/200.png,,data/datasets/mvtec/transistor/train/good/200.png
mvtec,transistor,train,normal,,train/good/201.png,,data/datasets/mvtec/transistor/train/good/201.png
mvtec,transistor,train,normal,,train/good/202.png,,data/datasets/mvtec/transistor/train/good/202.png
mvtec,transistor,train,normal,,train/good/203.png,,data/datasets/mvtec/transistor/train/good/203.png
mvtec,transistor,train,normal,,train/good/204.png,,data/datasets/mvtec/transistor/train/good/204.png
mvtec,transistor,train,normal,,train/good/205.png,,data/datasets/mvtec/transistor/train/good/205.png
mvtec,transistor,train,normal,,train/good/206.png,,data/datasets/mvtec/transistor/train/good/206.png
mvtec,transistor,train,normal,,train/good/207.png,,data/datasets/mvtec/transistor/train/good/207.png
mvtec,transistor,train,normal,,train/good/208.png,,data/datasets/mvtec/transistor/train/good/208.png
mvtec,transistor,train,normal,,train/good/209.png,,data/datasets/mvtec/transistor/train/good/209.png
mvtec,transistor,train,normal,,train/good/210.png,,data/datasets/mvtec/transistor/train/good/210.png
mvtec,transistor,train,normal,,train/good/211.png,,data/datasets/mvtec/transistor/train/good/211.png
mvtec,transistor,train,normal,,train/good/212.png,,data/datasets/mvtec/transistor/train/good/212.png
mvtec,transistor,train,anomaly,bent_lead,train/anomaly/bent_lead_002.png,train/masks/bent_lead_002.png,data/datasets/mvtec/transistor/test/bent_lead/002.png
mvtec,transistor,train,anomaly,bent_lead,train/anomaly/bent_lead_004.png,train/masks/bent_lead_004.png,data/datasets/mvtec/transistor/test/bent_lead/004.png
mvtec,transistor,train,anomaly,bent_lead,train/anomaly/bent_lead_005.png,train/masks/bent_lead_005.png,data/datasets/mvtec/transistor/test/bent_lead/005.png
mvtec,transistor,train,anomaly,bent_lead,train/anomaly/bent_lead_006.png,train/masks/bent_lead_006.png,data/datasets/mvtec/transistor/test/bent_lead/006.png
mvtec,transistor,train,anomaly,bent_lead,train/anomaly/bent_lead_007.png,train/masks/bent_lead_007.png,data/datasets/mvtec/transistor/test/bent_lead/007.png
mvtec,transistor,train,anomaly,bent_lead,train/anomaly/bent_lead_008.png,train/masks/bent_lead_008.png,data/datasets/mvtec/transistor/test/bent_lead/008.png
mvtec,transistor,train,anomaly,bent_lead,train/anomaly/bent_lead_009.png,train/masks/bent_lead_009.png,data/datasets/mvtec/transistor/test/bent_lead/009.png
mvtec,transistor,train,anomaly,cut_lead,train/anomaly/cut_lead_000.png,train/masks/cut_lead_000.png,data/datasets/mvtec/transistor/test/cut_lead/000.png
mvtec,transistor,train,anomaly,cut_lead,train/anomaly/cut_lead_001.png,train/masks/cut_lead_001.png,data/datasets/mvtec/transistor/test/cut_lead/001.png
mvtec,transistor,train,anomaly,cut_lead,train/anomaly/cut_lead_002.png,train/masks/cut_lead_002.png,data/datasets/mvtec/transistor/test/cut_lead/002.png
mvtec,transistor,train,anomaly,cut_lead,train/anomaly/cut_lead_003.png,train/masks/cut_lead_003.png,data/datasets/mvtec/transistor/test/cut_lead/003.png
mvtec,transistor,train,anomaly,cut_lead,train/anomaly/cut_lead_004.png,train/masks/cut_lead_004.png,data/datasets/mvtec/transistor/test/cut_lead/004.png
mvtec,transistor,train,anomaly,cut_lead,train/anomaly/cut_lead_005.png,train/masks/cut_lead_005.png,data/datasets/mvtec/transistor/test/cut_lead/005.png
mvtec,transistor,train,anomaly,cut_lead,train/anomaly/cut_lead_009.png,train/masks/cut_lead_009.png,data/datasets/mvtec/transistor/test/cut_lead/009.png
mvtec,transistor,train,anomaly,misplaced,train/anomaly/misplaced_001.png,train/masks/misplaced_001.png,data/datasets/mvtec/transistor/test/misplaced/001.png
mvtec,transistor,train,anomaly,misplaced,train/anomaly/misplaced_002.png,train/masks/misplaced_002.png,data/datasets/mvtec/transistor/test/misplaced/002.png
mvtec,transistor,train,anomaly,misplaced,train/anomaly/misplaced_003.png,train/masks/misplaced_003.png,data/datasets/mvtec/transistor/test/misplaced/003.png
mvtec,transistor,train,anomaly,misplaced,train/anomaly/misplaced_005.png,train/masks/misplaced_005.png,data/datasets/mvtec/transistor/test/misplaced/005.png
mvtec,transistor,train,anomaly,misplaced,train/anomaly/misplaced_007.png,train/masks/misplaced_007.png,data/datasets/mvtec/transistor/test/misplaced/007.png
mvtec,transistor,train,anomaly,misplaced,train/anomaly/misplaced_008.png,train/masks/misplaced_008.png,data/datasets/mvtec/transistor/test/misplaced/008.png
mvtec,transistor,train,anomaly,misplaced,train/anomaly/misplaced_009.png,train/masks/misplaced_009.png,data/datasets/mvtec/transistor/test/misplaced/009.png
mvtec,transistor,test,normal,,test/good/000.png,,data/datasets/mvtec/transistor/test/good/000.png
mvtec,transistor,test,normal,,test/good/001.png,,data/datasets/mvtec/transistor/test/good/001.png
mvtec,transistor,test,normal,,test/good/002.png,,data/datasets/mvtec/transistor/test/good/002.png
mvtec,transistor,test,normal,,test/good/003.png,,data/datasets/mvtec/transistor/test/good/003.png
mvtec,transistor,test,normal,,test/good/004.png,,data/datasets/mvtec/transistor/test/good/004.png
mvtec,transistor,test,normal,,test/good/005.png,,data/datasets/mvtec/transistor/test/good/005.png
mvtec,transistor,test,normal,,test/good/006.png,,data/datasets/mvtec/transistor/test/good/006.png
mvtec,transistor,test,normal,,test/good/007.png,,data/datasets/mvtec/transistor/test/good/007.png
mvtec,transistor,test,normal,,test/good/008.png,,data/datasets/mvtec/transistor/test/good/008.png
mvtec,transistor,test,normal,,test/good/009.png,,data/datasets/mvtec/transistor/test/good/009.png
mvtec,transistor,test,normal,,test/good/010.png,,data/datasets/mvtec/transistor/test/good/010.png
mvtec,transistor,test,normal,,test/good/011.png,,data/datasets/mvtec/transistor/test/good/011.png
mvtec,transistor,test,normal,,test/good/012.png,,data/datasets/mvtec/transistor/test/good/012.png
mvtec,transistor,test,normal,,test/good/013.png,,data/datasets/mvtec/transistor/test/good/013.png
mvtec,transistor,test,normal,,test/good/014.png,,data/datasets/mvtec/transistor/test/good/014.png
mvtec,transistor,test,normal,,test/good/015.png,,data/datasets/mvtec/transistor/test/good/015.png
mvtec,transistor,test,normal,,test/good/016.png,,data/datasets/mvtec/transistor/test/good/016.png
mvtec,transistor,test,normal,,test/good/017.png,,data/datasets/mvtec/transistor/test/good/017.png
mvtec,transistor,test,normal,,test/good/018.png,,data/datasets/mvtec/transistor/test/good/018.png
mvtec,transistor,test,normal,,test/good/019.png,,data/datasets/mvtec/transistor/test/good/019.png
mvtec,transistor,test,normal,,test/good/020.png,,data/datasets/mvtec/transistor/test/good/020.png
mvtec,transistor,test,normal,,test/good/021.png,,data/datasets/mvtec/transistor/test/good/021.png
mvtec,transistor,test,normal,,test/good/022.png,,data/datasets/mvtec/transistor/test/good/022.png
mvtec,transistor,test,normal,,test/good/023.png,,data/datasets/mvtec/transistor/test/good/023.png
mvtec,transistor,test,normal,,test/good/024.png,,data/datasets/mvtec/transistor/test/good/024.png
mvtec,transistor,test,normal,,test/good/025.png,,data/datasets/mvtec/transistor/test/good/025.png
mvtec,transistor,test,normal,,test/good/026.png,,data/datasets/mvtec/transistor/test/good/026.png
mvtec,transistor,test,normal,,test/good/027.png,,data/datasets/mvtec/transistor/test/good/027.png
mvtec,transistor,test,normal,,test/good/028.png,,data/datasets/mvtec/transistor/test/good/028.png
mvtec,transistor,test,normal,,test/good/029.png,,data/datasets/mvtec/transistor/test/good/029.png
mvtec,transistor,test,normal,,test/good/030.png,,data/datasets/mvtec/transistor/test/good/030.png
mvtec,transistor,test,normal,,test/good/031.png,,data/datasets/mvtec/transistor/test/good/031.png
mvtec,transistor,test,normal,,test/good/032.png,,data/datasets/mvtec/transistor/test/good/032.png
mvtec,transistor,test,normal,,test/good/033.png,,data/datasets/mvtec/transistor/test/good/033.png
mvtec,transistor,test,normal,,test/good/034.png,,data/datasets/mvtec/transistor/test/good/034.png
mvtec,transistor,test,normal,,test/good/035.png,,data/datasets/mvtec/transistor/test/good/035.png
mvtec,transistor,test,normal,,test/good/036.png,,data/datasets/mvtec/transistor/test/good/036.png
mvtec,transistor,test,normal,,test/good/037.png,,data/datasets/mvtec/transistor/test/good/037.png
mvtec,transistor,test,normal,,test/good/038.png,,data/datasets/mvtec/transistor/test/good/038.png
mvtec,transistor,test,normal,,test/good/039.png,,data/datasets/mvtec/transistor/test/good/039.png
mvtec,transistor,test,normal,,test/good/040.png,,data/datasets/mvtec/transistor/test/good/040.png
mvtec,transistor,test,normal,,test/good/041.png,,data/datasets/mvtec/transistor/test/good/041.png
mvtec,transistor,test,normal,,test/good/042.png,,data/datasets/mvtec/transistor/test/good/042.png
mvtec,transistor,test,normal,,test/good/043.png,,data/datasets/mvtec/transistor/test/good/043.png
mvtec,transistor,test,normal,,test/good/044.png,,data/datasets/mvtec/transistor/test/good/044.png
mvtec,transistor,test,normal,,test/good/045.png,,data/datasets/mvtec/transistor/test/good/045.png
mvtec,transistor,test,normal,,test/good/046.png,,data/datasets/mvtec/transistor/test/good/046.png
mvtec,transistor,test,normal,,test/good/047.png,,data/datasets/mvtec/transistor/test/good/047.png
mvtec,transistor,test,normal,,test/good/048.png,,data/datasets/mvtec/transistor/test/good/048.png
mvtec,transistor,test,normal,,test/good/049.png,,data/datasets/mvtec/transistor/test/good/049.png
mvtec,transistor,test,normal,,test/good/050.png,,data/datasets/mvtec/transistor/test/good/050.png
mvtec,transistor,test,normal,,test/good/051.png,,data/datasets/mvtec/transistor/test/good/051.png
mvtec,transistor,test,normal,,test/good/052.png,,data/datasets/mvtec/transistor/test/good/052.png
mvtec,transistor,test,normal,,test/good/053.png,,data/datasets/mvtec/transistor/test/good/053.png
mvtec,transistor,test,normal,,test/good/054.png,,data/datasets/mvtec/transistor/test/good/054.png
mvtec,transistor,test,normal,,test/good/055.png,,data/datasets/mvtec/transistor/test/good/055.png
mvtec,transistor,test,normal,,test/good/056.png,,data/datasets/mvtec/transistor/test/good/056.png
mvtec,transistor,test,normal,,test/good/057.png,,data/datasets/mvtec/transistor/test/good/057.png
mvtec,transistor,test,normal,,test/good/058.png,,data/datasets/mvtec/transistor/test/good/058.png
mvtec,transistor,test,normal,,test/good/059.png,,data/datasets/mvtec/transistor/test/good/059.png
mvtec,transistor,test,anomaly,bent_lead,test/anomaly/bent_lead_000.png,test/masks/bent_lead_000.png,data/datasets/mvtec/transistor/test/bent_lead/000.png
mvtec,transistor,test,anomaly,bent_lead,test/anomaly/bent_lead_001.png,test/masks/bent_lead_001.png,data/datasets/mvtec/transistor/test/bent_lead/001.png
mvtec,transistor,test,anomaly,bent_lead,test/anomaly/bent_lead_003.png,test/masks/bent_lead_003.png,data/datasets/mvtec/transistor/test/bent_lead/003.png
mvtec,transistor,test,anomaly,cut_lead,test/anomaly/cut_lead_006.png,test/masks/cut_lead_006.png,data/datasets/mvtec/transistor/test/cut_lead/006.png
mvtec,transistor,test,anomaly,cut_lead,test/anomaly/cut_lead_007.png,test/masks/cut_lead_007.png,data/datasets/mvtec/transistor/test/cut_lead/007.png
mvtec,transistor,test,anomaly,cut_lead,test/anomaly/cut_lead_008.png,test/masks/cut_lead_008.png,data/datasets/mvtec/transistor/test/cut_lead/008.png
mvtec,transistor,test,anomaly,damaged_case,test/anomaly/damaged_case_000.png,test/masks/damaged_case_000.png,data/datasets/mvtec/transistor/test/damaged_case/000.png
mvtec,transistor,test,anomaly,damaged_case,test/anomaly/damaged_case_001.png,test/masks/damaged_case_001.png,data/datasets/mvtec/transistor/test/damaged_case/001.png
mvtec,transistor,test,anomaly,damaged_case,test/anomaly/damaged_case_002.png,test/masks/damaged_case_002.png,data/datasets/mvtec/transistor/test/damaged_case/002.png
mvtec,transistor,test,anomaly,damaged_case,test/anomaly/damaged_case_003.png,test/masks/damaged_case_003.png,data/datasets/mvtec/transistor/test/damaged_case/003.png
mvtec,transistor,test,anomaly,damaged_case,test/anomaly/damaged_case_004.png,test/masks/damaged_case_004.png,data/datasets/mvtec/transistor/test/damaged_case/004.png
mvtec,transistor,test,anomaly,damaged_case,test/anomaly/damaged_case_005.png,test/masks/damaged_case_005.png,data/datasets/mvtec/transistor/test/damaged_case/005.png
mvtec,transistor,test,anomaly,damaged_case,test/anomaly/damaged_case_006.png,test/masks/damaged_case_006.png,data/datasets/mvtec/transistor/test/damaged_case/006.png
mvtec,transistor,test,anomaly,damaged_case,test/anomaly/damaged_case_007.png,test/masks/damaged_case_007.png,data/datasets/mvtec/transistor/test/damaged_case/007.png
mvtec,transistor,test,anomaly,damaged_case,test/anomaly/damaged_case_008.png,test/masks/damaged_case_008.png,data/datasets/mvtec/transistor/test/damaged_case/008.png
mvtec,transistor,test,anomaly,damaged_case,test/anomaly/damaged_case_009.png,test/masks/damaged_case_009.png,data/datasets/mvtec/transistor/test/damaged_case/009.png
mvtec,transistor,test,anomaly,misplaced,test/anomaly/misplaced_000.png,test/masks/misplaced_000.png,data/datasets/mvtec/transistor/test/misplaced/000.png
mvtec,transistor,test,anomaly,misplaced,test/anomaly/misplaced_004.png,test/masks/misplaced_004.png,data/datasets/mvtec/transistor/test/misplaced/004.png
mvtec,transistor,test,anomaly,misplaced,test/anomaly/misplaced_006.png,test/masks/misplaced_006.png,data/datasets/mvtec/transistor/test/misplaced/006.png
mvtec,wood,train,normal,,train/good/000.png,,data/datasets/mvtec/wood/train/good/000.png
mvtec,wood,train,normal,,train/good/001.png,,data/datasets/mvtec/wood/train/good/001.png
mvtec,wood,train,normal,,train/good/002.png,,data/datasets/mvtec/wood/train/good/002.png
mvtec,wood,train,normal,,train/good/003.png,,data/datasets/mvtec/wood/train/good/003.png
mvtec,wood,train,normal,,train/good/004.png,,data/datasets/mvtec/wood/train/good/004.png
mvtec,wood,train,normal,,train/good/005.png,,data/datasets/mvtec/wood/train/good/005.png
mvtec,wood,train,normal,,train/good/006.png,,data/datasets/mvtec/wood/train/good/006.png
mvtec,wood,train,normal,,train/good/007.png,,data/datasets/mvtec/wood/train/good/007.png
mvtec,wood,train,normal,,train/good/008.png,,data/datasets/mvtec/wood/train/good/008.png
mvtec,wood,train,normal,,train/good/009.png,,data/datasets/mvtec/wood/train/good/009.png
mvtec,wood,train,normal,,train/good/010.png,,data/datasets/mvtec/wood/train/good/010.png
mvtec,wood,train,normal,,train/good/011.png,,data/datasets/mvtec/wood/train/good/011.png
mvtec,wood,train,normal,,train/good/012.png,,data/datasets/mvtec/wood/train/good/012.png
mvtec,wood,train,normal,,train/good/013.png,,data/datasets/mvtec/wood/train/good/013.png
mvtec,wood,train,normal,,train/good/014.png,,data/datasets/mvtec/wood/train/good/014.png
mvtec,wood,train,normal,,train/good/015.png,,data/datasets/mvtec/wood/train/good/015.png
mvtec,wood,train,normal,,train/good/016.png,,data/datasets/mvtec/wood/train/good/016.png
mvtec,wood,train,normal,,train/good/017.png,,data/datasets/mvtec/wood/train/good/017.png
mvtec,wood,train,normal,,train/good/018.png,,data/datasets/mvtec/wood/train/good/018.png
mvtec,wood,train,normal,,train/good/019.png,,data/datasets/mvtec/wood/train/good/019.png
mvtec,wood,train,normal,,train/good/020.png,,data/datasets/mvtec/wood/train/good/020.png
mvtec,wood,train,normal,,train/good/021.png,,data/datasets/mvtec/wood/train/good/021.png
mvtec,wood,train,normal,,train/good/022.png,,data/datasets/mvtec/wood/train/good/022.png
mvtec,wood,train,normal,,train/good/023.png,,data/datasets/mvtec/wood/train/good/023.png
mvtec,wood,train,normal,,train/good/024.png,,data/datasets/mvtec/wood/train/good/024.png
mvtec,wood,train,normal,,train/good/025.png,,data/datasets/mvtec/wood/train/good/025.png
mvtec,wood,train,normal,,train/good/026.png,,data/datasets/mvtec/wood/train/good/026.png
mvtec,wood,train,normal,,train/good/027.png,,data/datasets/mvtec/wood/train/good/027.png
mvtec,wood,train,normal,,train/good/028.png,,data/datasets/mvtec/wood/train/good/028.png
mvtec,wood,train,normal,,train/good/029.png,,data/datasets/mvtec/wood/train/good/029.png
mvtec,wood,train,normal,,train/good/030.png,,data/datasets/mvtec/wood/train/good/030.png
mvtec,wood,train,normal,,train/good/031.png,,data/datasets/mvtec/wood/train/good/031.png
mvtec,wood,train,normal,,train/good/032.png,,data/datasets/mvtec/wood/train/good/032.png
mvtec,wood,train,normal,,train/good/033.png,,data/datasets/mvtec/wood/train/good/033.png
mvtec,wood,train,normal,,train/good/034.png,,data/datasets/mvtec/wood/train/good/034.png
mvtec,wood,train,normal,,train/good/035.png,,data/datasets/mvtec/wood/train/good/035.png
mvtec,wood,train,normal,,train/good/036.png,,data/datasets/mvtec/wood/train/good/036.png
mvtec,wood,train,normal,,train/good/037.png,,data/datasets/mvtec/wood/train/good/037.png
mvtec,wood,train,normal,,train/good/038.png,,data/datasets/mvtec/wood/train/good/038.png
mvtec,wood,train,normal,,train/good/039.png,,data/datasets/mvtec/wood/train/good/039.png
mvtec,wood,train,normal,,train/good/040.png,,data/datasets/mvtec/wood/train/good/040.png
mvtec,wood,train,normal,,train/good/041.png,,data/datasets/mvtec/wood/train/good/041.png
mvtec,wood,train,normal,,train/good/042.png,,data/datasets/mvtec/wood/train/good/042.png
mvtec,wood,train,normal,,train/good/043.png,,data/datasets/mvtec/wood/train/good/043.png
mvtec,wood,train,normal,,train/good/044.png,,data/datasets/mvtec/wood/train/good/044.png
mvtec,wood,train,normal,,train/good/045.png,,data/datasets/mvtec/wood/train/good/045.png
mvtec,wood,train,normal,,train/good/046.png,,data/datasets/mvtec/wood/train/good/046.png
mvtec,wood,train,normal,,train/good/047.png,,data/datasets/mvtec/wood/train/good/047.png
mvtec,wood,train,normal,,train/good/048.png,,data/datasets/mvtec/wood/train/good/048.png
mvtec,wood,train,normal,,train/good/049.png,,data/datasets/mvtec/wood/train/good/049.png
mvtec,wood,train,normal,,train/good/050.png,,data/datasets/mvtec/wood/train/good/050.png
mvtec,wood,train,normal,,train/good/051.png,,data/datasets/mvtec/wood/train/good/051.png
mvtec,wood,train,normal,,train/good/052.png,,data/datasets/mvtec/wood/train/good/052.png
mvtec,wood,train,normal,,train/good/053.png,,data/datasets/mvtec/wood/train/good/053.png
mvtec,wood,train,normal,,train/good/054.png,,data/datasets/mvtec/wood/train/good/054.png
mvtec,wood,train,normal,,train/good/055.png,,data/datasets/mvtec/wood/train/good/055.png
mvtec,wood,train,normal,,train/good/056.png,,data/datasets/mvtec/wood/train/good/056.png
mvtec,wood,train,normal,,train/good/057.png,,data/datasets/mvtec/wood/train/good/057.png
mvtec,wood,train,normal,,train/good/058.png,,data/datasets/mvtec/wood/train/good/058.png
mvtec,wood,train,normal,,train/good/059.png,,data/datasets/mvtec/wood/train/good/059.png
mvtec,wood,train,normal,,train/good/060.png,,data/datasets/mvtec/wood/train/good/060.png
mvtec,wood,train,normal,,train/good/061.png,,data/datasets/mvtec/wood/train/good/061.png
mvtec,wood,train,normal,,train/good/062.png,,data/datasets/mvtec/wood/train/good/062.png
mvtec,wood,train,normal,,train/good/063.png,,data/datasets/mvtec/wood/train/good/063.png
mvtec,wood,train,normal,,train/good/064.png,,data/datasets/mvtec/wood/train/good/064.png
mvtec,wood,train,normal,,train/good/065.png,,data/datasets/mvtec/wood/train/good/065.png
mvtec,wood,train,normal,,train/good/066.png,,data/datasets/mvtec/wood/train/good/066.png
mvtec,wood,train,normal,,train/good/067.png,,data/datasets/mvtec/wood/train/good/067.png
mvtec,wood,train,normal,,train/good/068.png,,data/datasets/mvtec/wood/train/good/068.png
mvtec,wood,train,normal,,train/good/069.png,,data/datasets/mvtec/wood/train/good/069.png
mvtec,wood,train,normal,,train/good/070.png,,data/datasets/mvtec/wood/train/good/070.png
mvtec,wood,train,normal,,train/good/071.png,,data/datasets/mvtec/wood/train/good/071.png
mvtec,wood,train,normal,,train/good/072.png,,data/datasets/mvtec/wood/train/good/072.png
mvtec,wood,train,normal,,train/good/073.png,,data/datasets/mvtec/wood/train/good/073.png
mvtec,wood,train,normal,,train/good/074.png,,data/datasets/mvtec/wood/train/good/074.png
mvtec,wood,train,normal,,train/good/075.png,,data/datasets/mvtec/wood/train/good/075.png
mvtec,wood,train,normal,,train/good/076.png,,data/datasets/mvtec/wood/train/good/076.png
mvtec,wood,train,normal,,train/good/077.png,,data/datasets/mvtec/wood/train/good/077.png
mvtec,wood,train,normal,,train/good/078.png,,data/datasets/mvtec/wood/train/good/078.png
mvtec,wood,train,normal,,train/good/079.png,,data/datasets/mvtec/wood/train/good/079.png
mvtec,wood,train,normal,,train/good/080.png,,data/datasets/mvtec/wood/train/good/080.png
mvtec,wood,train,normal,,train/good/081.png,,data/datasets/mvtec/wood/train/good/081.png
mvtec,wood,train,normal,,train/good/082.png,,data/datasets/mvtec/wood/train/good/082.png
mvtec,wood,train,normal,,train/good/083.png,,data/datasets/mvtec/wood/train/good/083.png
mvtec,wood,train,normal,,train/good/084.png,,data/datasets/mvtec/wood/train/good/084.png
mvtec,wood,train,normal,,train/good/085.png,,data/datasets/mvtec/wood/train/good/085.png
mvtec,wood,train,normal,,train/good/086.png,,data/datasets/mvtec/wood/train/good/086.png
mvtec,wood,train,normal,,train/good/087.png,,data/datasets/mvtec/wood/train/good/087.png
mvtec,wood,train,normal,,train/good/088.png,,data/datasets/mvtec/wood/train/good/088.png
mvtec,wood,train,normal,,train/good/089.png,,data/datasets/mvtec/wood/train/good/089.png
mvtec,wood,train,normal,,train/good/090.png,,data/datasets/mvtec/wood/train/good/090.png
mvtec,wood,train,normal,,train/good/091.png,,data/datasets/mvtec/wood/train/good/091.png
mvtec,wood,train,normal,,train/good/092.png,,data/datasets/mvtec/wood/train/good/092.png
mvtec,wood,train,normal,,train/good/093.png,,data/datasets/mvtec/wood/train/good/093.png
mvtec,wood,train,normal,,train/good/094.png,,data/datasets/mvtec/wood/train/good/094.png
mvtec,wood,train,normal,,train/good/095.png,,data/datasets/mvtec/wood/train/good/095.png
mvtec,wood,train,normal,,train/good/096.png,,data/datasets/mvtec/wood/train/good/096.png
mvtec,wood,train,normal,,train/good/097.png,,data/datasets/mvtec/wood/train/good/097.png
mvtec,wood,train,normal,,train/good/098.png,,data/datasets/mvtec/wood/train/good/098.png
mvtec,wood,train,normal,,train/good/099.png,,data/datasets/mvtec/wood/train/good/099.png
mvtec,wood,train,normal,,train/good/100.png,,data/datasets/mvtec/wood/train/good/100.png
mvtec,wood,train,normal,,train/good/101.png,,data/datasets/mvtec/wood/train/good/101.png
mvtec,wood,train,normal,,train/good/102.png,,data/datasets/mvtec/wood/train/good/102.png
mvtec,wood,train,normal,,train/good/103.png,,data/datasets/mvtec/wood/train/good/103.png
mvtec,wood,train,normal,,train/good/104.png,,data/datasets/mvtec/wood/train/good/104.png
mvtec,wood,train,normal,,train/good/105.png,,data/datasets/mvtec/wood/train/good/105.png
mvtec,wood,train,normal,,train/good/106.png,,data/datasets/mvtec/wood/train/good/106.png
mvtec,wood,train,normal,,train/good/107.png,,data/datasets/mvtec/wood/train/good/107.png
mvtec,wood,train,normal,,train/good/108.png,,data/datasets/mvtec/wood/train/good/108.png
mvtec,wood,train,normal,,train/good/109.png,,data/datasets/mvtec/wood/train/good/109.png
mvtec,wood,train,normal,,train/good/110.png,,data/datasets/mvtec/wood/train/good/110.png
mvtec,wood,train,normal,,train/good/111.png,,data/datasets/mvtec/wood/train/good/111.png
mvtec,wood,train,normal,,train/good/112.png,,data/datasets/mvtec/wood/train/good/112.png
mvtec,wood,train,normal,,train/good/113.png,,data/datasets/mvtec/wood/train/good/113.png
mvtec,wood,train,normal,,train/good/114.png,,data/datasets/mvtec/wood/train/good/114.png
mvtec,wood,train,normal,,train/good/115.png,,data/datasets/mvtec/wood/train/good/115.png
mvtec,wood,train,normal,,train/good/116.png,,data/datasets/mvtec/wood/train/good/116.png
mvtec,wood,train,normal,,train/good/117.png,,data/datasets/mvtec/wood/train/good/117.png
mvtec,wood,train,normal,,train/good/118.png,,data/datasets/mvtec/wood/train/good/118.png
mvtec,wood,train,normal,,train/good/119.png,,data/datasets/mvtec/wood/train/good/119.png
mvtec,wood,train,normal,,train/good/120.png,,data/datasets/mvtec/wood/train/good/120.png
mvtec,wood,train,normal,,train/good/121.png,,data/datasets/mvtec/wood/train/good/121.png
mvtec,wood,train,normal,,train/good/122.png,,data/datasets/mvtec/wood/train/good/122.png
mvtec,wood,train,normal,,train/good/123.png,,data/datasets/mvtec/wood/train/good/123.png
mvtec,wood,train,normal,,train/good/124.png,,data/datasets/mvtec/wood/train/good/124.png
mvtec,wood,train,normal,,train/good/125.png,,data/datasets/mvtec/wood/train/good/125.png
mvtec,wood,train,normal,,train/good/126.png,,data/datasets/mvtec/wood/train/good/126.png
mvtec,wood,train,normal,,train/good/127.png,,data/datasets/mvtec/wood/train/good/127.png
mvtec,wood,train,normal,,train/good/128.png,,data/datasets/mvtec/wood/train/good/128.png
mvtec,wood,train,normal,,train/good/129.png,,data/datasets/mvtec/wood/train/good/129.png
mvtec,wood,train,normal,,train/good/130.png,,data/datasets/mvtec/wood/train/good/130.png
mvtec,wood,train,normal,,train/good/131.png,,data/datasets/mvtec/wood/train/good/131.png
mvtec,wood,train,normal,,train/good/132.png,,data/datasets/mvtec/wood/train/good/132.png
mvtec,wood,train,normal,,train/good/133.png,,data/datasets/mvtec/wood/train/good/133.png
mvtec,wood,train,normal,,train/good/134.png,,data/datasets/mvtec/wood/train/good/134.png
mvtec,wood,train,normal,,train/good/135.png,,data/datasets/mvtec/wood/train/good/135.png
mvtec,wood,train,normal,,train/good/136.png,,data/datasets/mvtec/wood/train/good/136.png
mvtec,wood,train,normal,,train/good/137.png,,data/datasets/mvtec/wood/train/good/137.png
mvtec,wood,train,normal,,train/good/138.png,,data/datasets/mvtec/wood/train/good/138.png
mvtec,wood,train,normal,,train/good/139.png,,data/datasets/mvtec/wood/train/good/139.png
mvtec,wood,train,normal,,train/good/140.png,,data/datasets/mvtec/wood/train/good/140.png
mvtec,wood,train,normal,,train/good/141.png,,data/datasets/mvtec/wood/train/good/141.png
mvtec,wood,train,normal,,train/good/142.png,,data/datasets/mvtec/wood/train/good/142.png
mvtec,wood,train,normal,,train/good/143.png,,data/datasets/mvtec/wood/train/good/143.png
mvtec,wood,train,normal,,train/good/144.png,,data/datasets/mvtec/wood/train/good/144.png
mvtec,wood,train,normal,,train/good/145.png,,data/datasets/mvtec/wood/train/good/145.png
mvtec,wood,train,normal,,train/good/146.png,,data/datasets/mvtec/wood/train/good/146.png
mvtec,wood,train,normal,,train/good/147.png,,data/datasets/mvtec/wood/train/good/147.png
mvtec,wood,train,normal,,train/good/148.png,,data/datasets/mvtec/wood/train/good/148.png
mvtec,wood,train,normal,,train/good/149.png,,data/datasets/mvtec/wood/train/good/149.png
mvtec,wood,train,normal,,train/good/150.png,,data/datasets/mvtec/wood/train/good/150.png
mvtec,wood,train,normal,,train/good/151.png,,data/datasets/mvtec/wood/train/good/151.png
mvtec,wood,train,normal,,train/good/152.png,,data/datasets/mvtec/wood/train/good/152.png
mvtec,wood,train,normal,,train/good/153.png,,data/datasets/mvtec/wood/train/good/153.png
mvtec,wood,train,normal,,train/good/154.png,,data/datasets/mvtec/wood/train/good/154.png
mvtec,wood,train,normal,,train/good/155.png,,data/datasets/mvtec/wood/train/good/155.png
mvtec,wood,train,normal,,train/good/156.png,,data/datasets/mvtec/wood/train/good/156.png
mvtec,wood,train,normal,,train/good/157.png,,data/datasets/mvtec/wood/train/good/157.png
mvtec,wood,train,normal,,train/good/158.png,,data/datasets/mvtec/wood/train/good/158.png
mvtec,wood,train,normal,,train/good/159.png,,data/datasets/mvtec/wood/train/good/159.png
mvtec,wood,train,normal,,train/good/160.png,,data/datasets/mvtec/wood/train/good/160.png
mvtec,wood,train,normal,,train/good/161.png,,data/datasets/mvtec/wood/train/good/161.png
mvtec,wood,train,normal,,train/good/162.png,,data/datasets/mvtec/wood/train/good/162.png
mvtec,wood,train,normal,,train/good/163.png,,data/datasets/mvtec/wood/train/good/163.png
mvtec,wood,train,normal,,train/good/164.png,,data/datasets/mvtec/wood/train/good/164.png
mvtec,wood,train,normal,,train/good/165.png,,data/datasets/mvtec/wood/train/good/165.png
mvtec,wood,train,normal,,train/good/166.png,,data/datasets/mvtec/wood/train/good/166.png
mvtec,wood,train,normal,,train/good/167.png,,data/datasets/mvtec/wood/train/good/167.png
mvtec,wood,train,normal,,train/good/168.png,,data/datasets/mvtec/wood/train/good/168.png
mvtec,wood,train,normal,,train/good/169.png,,data/datasets/mvtec/wood/train/good/169.png
mvtec,wood,train,normal,,train/good/170.png,,data/datasets/mvtec/wood/train/good/170.png
mvtec,wood,train,normal,,train/good/171.png,,data/datasets/mvtec/wood/train/good/171.png
mvtec,wood,train,normal,,train/good/172.png,,data/datasets/mvtec/wood/train/good/172.png
mvtec,wood,train,normal,,train/good/173.png,,data/datasets/mvtec/wood/train/good/173.png
mvtec,wood,train,normal,,train/good/174.png,,data/datasets/mvtec/wood/train/good/174.png
mvtec,wood,train,normal,,train/good/175.png,,data/datasets/mvtec/wood/train/good/175.png
mvtec,wood,train,normal,,train/good/176.png,,data/datasets/mvtec/wood/train/good/176.png
mvtec,wood,train,normal,,train/good/177.png,,data/datasets/mvtec/wood/train/good/177.png
mvtec,wood,train,normal,,train/good/178.png,,data/datasets/mvtec/wood/train/good/178.png
mvtec,wood,train,normal,,train/good/179.png,,data/datasets/mvtec/wood/train/good/179.png
mvtec,wood,train,normal,,train/good/180.png,,data/datasets/mvtec/wood/train/good/180.png
mvtec,wood,train,normal,,train/good/181.png,,data/datasets/mvtec/wood/train/good/181.png
mvtec,wood,train,normal,,train/good/182.png,,data/datasets/mvtec/wood/train/good/182.png
mvtec,wood,train,normal,,train/good/183.png,,data/datasets/mvtec/wood/train/good/183.png
mvtec,wood,train,normal,,train/good/184.png,,data/datasets/mvtec/wood/train/good/184.png
mvtec,wood,train,normal,,train/good/185.png,,data/datasets/mvtec/wood/train/good/185.png
mvtec,wood,train,normal,,train/good/186.png,,data/datasets/mvtec/wood/train/good/186.png
mvtec,wood,train,normal,,train/good/187.png,,data/datasets/mvtec/wood/train/good/187.png
mvtec,wood,train,normal,,train/good/188.png,,data/datasets/mvtec/wood/train/good/188.png
mvtec,wood,train,normal,,train/good/189.png,,data/datasets/mvtec/wood/train/good/189.png
mvtec,wood,train,normal,,train/good/190.png,,data/datasets/mvtec/wood/train/good/190.png
mvtec,wood,train,normal,,train/good/191.png,,data/datasets/mvtec/wood/train/good/191.png
mvtec,wood,train,normal,,train/good/192.png,,data/datasets/mvtec/wood/train/good/192.png
mvtec,wood,train,normal,,train/good/193.png,,data/datasets/mvtec/wood/train/good/193.png
mvtec,wood,train,normal,,train/good/194.png,,data/datasets/mvtec/wood/train/good/194.png
mvtec,wood,train,normal,,train/good/195.png,,data/datasets/mvtec/wood/train/good/195.png
mvtec,wood,train,normal,,train/good/196.png,,data/datasets/mvtec/wood/train/good/196.png
mvtec,wood,train,normal,,train/good/197.png,,data/datasets/mvtec/wood/train/good/197.png
mvtec,wood,train,normal,,train/good/198.png,,data/datasets/mvtec/wood/train/good/198.png
mvtec,wood,train,normal,,train/good/199.png,,data/datasets/mvtec/wood/train/good/199.png
mvtec,wood,train,normal,,train/good/200.png,,data/datasets/mvtec/wood/train/good/200.png
mvtec,wood,train,normal,,train/good/201.png,,data/datasets/mvtec/wood/train/good/201.png
mvtec,wood,train,normal,,train/good/202.png,,data/datasets/mvtec/wood/train/good/202.png
mvtec,wood,train,normal,,train/good/203.png,,data/datasets/mvtec/wood/train/good/203.png
mvtec,wood,train,normal,,train/good/204.png,,data/datasets/mvtec/wood/train/good/204.png
mvtec,wood,train,normal,,train/good/205.png,,data/datasets/mvtec/wood/train/good/205.png
mvtec,wood,train,normal,,train/good/206.png,,data/datasets/mvtec/wood/train/good/206.png
mvtec,wood,train,normal,,train/good/207.png,,data/datasets/mvtec/wood/train/good/207.png
mvtec,wood,train,normal,,train/good/208.png,,data/datasets/mvtec/wood/train/good/208.png
mvtec,wood,train,normal,,train/good/209.png,,data/datasets/mvtec/wood/train/good/209.png
mvtec,wood,train,normal,,train/good/210.png,,data/datasets/mvtec/wood/train/good/210.png
mvtec,wood,train,normal,,train/good/211.png,,data/datasets/mvtec/wood/train/good/211.png
mvtec,wood,train,normal,,train/good/212.png,,data/datasets/mvtec/wood/train/good/212.png
mvtec,wood,train,normal,,train/good/213.png,,data/datasets/mvtec/wood/train/good/213.png
mvtec,wood,train,normal,,train/good/214.png,,data/datasets/mvtec/wood/train/good/214.png
mvtec,wood,train,normal,,train/good/215.png,,data/datasets/mvtec/wood/train/good/215.png
mvtec,wood,train,normal,,train/good/216.png,,data/datasets/mvtec/wood/train/good/216.png
mvtec,wood,train,normal,,train/good/217.png,,data/datasets/mvtec/wood/train/good/217.png
mvtec,wood,train,normal,,train/good/218.png,,data/datasets/mvtec/wood/train/good/218.png
mvtec,wood,train,normal,,train/good/219.png,,data/datasets/mvtec/wood/train/good/219.png
mvtec,wood,train,normal,,train/good/220.png,,data/datasets/mvtec/wood/train/good/220.png
mvtec,wood,train,normal,,train/good/221.png,,data/datasets/mvtec/wood/train/good/221.png
mvtec,wood,train,normal,,train/good/222.png,,data/datasets/mvtec/wood/train/good/222.png
mvtec,wood,train,normal,,train/good/223.png,,data/datasets/mvtec/wood/train/good/223.png
mvtec,wood,train,normal,,train/good/224.png,,data/datasets/mvtec/wood/train/good/224.png
mvtec,wood,train,normal,,train/good/225.png,,data/datasets/mvtec/wood/train/good/225.png
mvtec,wood,train,normal,,train/good/226.png,,data/datasets/mvtec/wood/train/good/226.png
mvtec,wood,train,normal,,train/good/227.png,,data/datasets/mvtec/wood/train/good/227.png
mvtec,wood,train,normal,,train/good/228.png,,data/datasets/mvtec/wood/train/good/228.png
mvtec,wood,train,normal,,train/good/229.png,,data/datasets/mvtec/wood/train/good/229.png
mvtec,wood,train,normal,,train/good/230.png,,data/datasets/mvtec/wood/train/good/230.png
mvtec,wood,train,normal,,train/good/231.png,,data/datasets/mvtec/wood/train/good/231.png
mvtec,wood,train,normal,,train/good/232.png,,data/datasets/mvtec/wood/train/good/232.png
mvtec,wood,train,normal,,train/good/233.png,,data/datasets/mvtec/wood/train/good/233.png
mvtec,wood,train,normal,,train/good/234.png,,data/datasets/mvtec/wood/train/good/234.png
mvtec,wood,train,normal,,train/good/235.png,,data/datasets/mvtec/wood/train/good/235.png
mvtec,wood,train,normal,,train/good/236.png,,data/datasets/mvtec/wood/train/good/236.png
mvtec,wood,train,normal,,train/good/237.png,,data/datasets/mvtec/wood/train/good/237.png
mvtec,wood,train,normal,,train/good/238.png,,data/datasets/mvtec/wood/train/good/238.png
mvtec,wood,train,normal,,train/good/239.png,,data/datasets/mvtec/wood/train/good/239.png
mvtec,wood,train,normal,,train/good/240.png,,data/datasets/mvtec/wood/train/good/240.png
mvtec,wood,train,normal,,train/good/241.png,,data/datasets/mvtec/wood/train/good/241.png
mvtec,wood,train,normal,,train/good/242.png,,data/datasets/mvtec/wood/train/good/242.png
mvtec,wood,train,normal,,train/good/243.png,,data/datasets/mvtec/wood/train/good/243.png
mvtec,wood,train,normal,,train/good/244.png,,data/datasets/mvtec/wood/train/good/244.png
mvtec,wood,train,normal,,train/good/245.png,,data/datasets/mvtec/wood/train/good/245.png
mvtec,wood,train,normal,,train/good/246.png,,data/datasets/mvtec/wood/train/good/246.png
mvtec,wood,train,anomaly,color,train/anomaly/color_000.png,train/masks/color_000.png,data/datasets/mvtec/wood/test/color/000.png
mvtec,wood,train,anomaly,color,train/anomaly/color_001.png,train/masks/color_001.png,data/datasets/mvtec/wood/test/color/001.png
mvtec,wood,train,anomaly,color,train/anomaly/color_002.png,train/masks/color_002.png,data/datasets/mvtec/wood/test/color/002.png
mvtec,wood,train,anomaly,color,train/anomaly/color_003.png,train/masks/color_003.png,data/datasets/mvtec/wood/test/color/003.png
mvtec,wood,train,anomaly,color,train/anomaly/color_004.png,train/masks/color_004.png,data/datasets/mvtec/wood/test/color/004.png
mvtec,wood,train,anomaly,color,train/anomaly/color_005.png,train/masks/color_005.png,data/datasets/mvtec/wood/test/color/005.png
mvtec,wood,train,anomaly,combined,train/anomaly/combined_000.png,train/masks/combined_000.png,data/datasets/mvtec/wood/test/combined/000.png
mvtec,wood,train,anomaly,combined,train/anomaly/combined_001.png,train/masks/combined_001.png,data/datasets/mvtec/wood/test/combined/001.png
mvtec,wood,train,anomaly,combined,train/anomaly/combined_003.png,train/masks/combined_003.png,data/datasets/mvtec/wood/test/combined/003.png
mvtec,wood,train,anomaly,combined,train/anomaly/combined_007.png,train/masks/combined_007.png,data/datasets/mvtec/wood/test/combined/007.png
mvtec,wood,train,anomaly,combined,train/anomaly/combined_009.png,train/masks/combined_009.png,data/datasets/mvtec/wood/test/combined/009.png
mvtec,wood,train,anomaly,combined,train/anomaly/combined_010.png,train/masks/combined_010.png,data/datasets/mvtec/wood/test/combined/010.png
mvtec,wood,train,anomaly,liquid,train/anomaly/liquid_001.png,train/masks/liquid_001.png,data/datasets/mvtec/wood/test/liquid/001.png
mvtec,wood,train,anomaly,liquid,train/anomaly/liquid_005.png,train/masks/liquid_005.png,data/datasets/mvtec/wood/test/liquid/005.png
mvtec,wood,train,anomaly,liquid,train/anomaly/liquid_006.png,train/masks/liquid_006.png,data/datasets/mvtec/wood/test/liquid/006.png
mvtec,wood,train,anomaly,liquid,train/anomaly/liquid_007.png,train/masks/liquid_007.png,data/datasets/mvtec/wood/test/liquid/007.png
mvtec,wood,train,anomaly,liquid,train/anomaly/liquid_008.png,train/masks/liquid_008.png,data/datasets/mvtec/wood/test/liquid/008.png
mvtec,wood,train,anomaly,liquid,train/anomaly/liquid_009.png,train/masks/liquid_009.png,data/datasets/mvtec/wood/test/liquid/009.png
mvtec,wood,train,anomaly,scratch,train/anomaly/scratch_003.png,train/masks/scratch_003.png,data/datasets/mvtec/wood/test/scratch/003.png
mvtec,wood,train,anomaly,scratch,train/anomaly/scratch_008.png,train/masks/scratch_008.png,data/datasets/mvtec/wood/test/scratch/008.png
mvtec,wood,train,anomaly,scratch,train/anomaly/scratch_009.png,train/masks/scratch_009.png,data/datasets/mvtec/wood/test/scratch/009.png
mvtec,wood,train,anomaly,scratch,train/anomaly/scratch_010.png,train/masks/scratch_010.png,data/datasets/mvtec/wood/test/scratch/010.png
mvtec,wood,train,anomaly,scratch,train/anomaly/scratch_013.png,train/masks/scratch_013.png,data/datasets/mvtec/wood/test/scratch/013.png
mvtec,wood,train,anomaly,scratch,train/anomaly/scratch_015.png,train/masks/scratch_015.png,data/datasets/mvtec/wood/test/scratch/015.png
mvtec,wood,train,anomaly,scratch,train/anomaly/scratch_017.png,train/masks/scratch_017.png,data/datasets/mvtec/wood/test/scratch/017.png
mvtec,wood,test,normal,,test/good/000.png,,data/datasets/mvtec/wood/test/good/000.png
mvtec,wood,test,normal,,test/good/001.png,,data/datasets/mvtec/wood/test/good/001.png
mvtec,wood,test,normal,,test/good/002.png,,data/datasets/mvtec/wood/test/good/002.png
mvtec,wood,test,normal,,test/good/003.png,,data/datasets/mvtec/wood/test/good/003.png
mvtec,wood,test,normal,,test/good/004.png,,data/datasets/mvtec/wood/test/good/004.png
mvtec,wood,test,normal,,test/good/005.png,,data/datasets/mvtec/wood/test/good/005.png
mvtec,wood,test,normal,,test/good/006.png,,data/datasets/mvtec/wood/test/good/006.png
mvtec,wood,test,normal,,test/good/007.png,,data/datasets/mvtec/wood/test/good/007.png
mvtec,wood,test,normal,,test/good/008.png,,data/datasets/mvtec/wood/test/good/008.png
mvtec,wood,test,normal,,test/good/009.png,,data/datasets/mvtec/wood/test/good/009.png
mvtec,wood,test,normal,,test/good/010.png,,data/datasets/mvtec/wood/test/good/010.png
mvtec,wood,test,normal,,test/good/011.png,,data/datasets/mvtec/wood/test/good/011.png
mvtec,wood,test,normal,,test/good/012.png,,data/datasets/mvtec/wood/test/good/012.png
mvtec,wood,test,normal,,test/good/013.png,,data/datasets/mvtec/wood/test/good/013.png
mvtec,wood,test,normal,,test/good/014.png,,data/datasets/mvtec/wood/test/good/014.png
mvtec,wood,test,normal,,test/good/015.png,,data/datasets/mvtec/wood/test/good/015.png
mvtec,wood,test,normal,,test/good/016.png,,data/datasets/mvtec/wood/test/good/016.png
mvtec,wood,test,normal,,test/good/017.png,,data/datasets/mvtec/wood/test/good/017.png
mvtec,wood,test,normal,,test/good/018.png,,data/datasets/mvtec/wood/test/good/018.png
mvtec,wood,test,anomaly,color,test/anomaly/color_006.png,test/masks/color_006.png,data/datasets/mvtec/wood/test/color/006.png
mvtec,wood,test,anomaly,color,test/anomaly/color_007.png,test/masks/color_007.png,data/datasets/mvtec/wood/test/color/007.png
mvtec,wood,test,anomaly,combined,test/anomaly/combined_002.png,test/masks/combined_002.png,data/datasets/mvtec/wood/test/combined/002.png
mvtec,wood,test,anomaly,combined,test/anomaly/combined_004.png,test/masks/combined_004.png,data/datasets/mvtec/wood/test/combined/004.png
mvtec,wood,test,anomaly,combined,test/anomaly/combined_005.png,test/masks/combined_005.png,data/datasets/mvtec/wood/test/combined/005.png
mvtec,wood,test,anomaly,combined,test/anomaly/combined_006.png,test/masks/combined_006.png,data/datasets/mvtec/wood/test/combined/006.png
mvtec,wood,test,anomaly,combined,test/anomaly/combined_008.png,test/masks/combined_008.png,data/datasets/mvtec/wood/test/combined/008.png
mvtec,wood,test,anomaly,hole,test/anomaly/hole_000.png,test/masks/hole_000.png,data/datasets/mvtec/wood/test/hole/000.png
mvtec,wood,test,anomaly,hole,test/anomaly/hole_001.png,test/masks/hole_001.png,data/datasets/mvtec/wood/test/hole/001.png
mvtec,wood,test,anomaly,hole,test/anomaly/hole_002.png,test/masks/hole_002.png,data/datasets/mvtec/wood/test/hole/002.png
mvtec,wood,test,anomaly,hole,test/anomaly/hole_003.png,test/masks/hole_003.png,data/datasets/mvtec/wood/test/hole/003.png
mvtec,wood,test,anomaly,hole,test/anomaly/hole_004.png,test/masks/hole_004.png,data/datasets/mvtec/wood/test/hole/004.png
mvtec,wood,test,anomaly,hole,test/anomaly/hole_005.png,test/masks/hole_005.png,data/datasets/mvtec/wood/test/hole/005.png
mvtec,wood,test,anomaly,hole,test/anomaly/hole_006.png,test/masks/hole_006.png,data/datasets/mvtec/wood/test/hole/006.png
mvtec,wood,test,anomaly,hole,test/anomaly/hole_007.png,test/masks/hole_007.png,data/datasets/mvtec/wood/test/hole/007.png
mvtec,wood,test,anomaly,hole,test/anomaly/hole_008.png,test/masks/hole_008.png,data/datasets/mvtec/wood/test/hole/008.png
mvtec,wood,test,anomaly,hole,test/anomaly/hole_009.png,test/masks/hole_009.png,data/datasets/mvtec/wood/test/hole/009.png
mvtec,wood,test,anomaly,liquid,test/anomaly/liquid_000.png,test/masks/liquid_000.png,data/datasets/mvtec/wood/test/liquid/000.png
mvtec,wood,test,anomaly,liquid,test/anomaly/liquid_002.png,test/masks/liquid_002.png,data/datasets/mvtec/wood/test/liquid/002.png
mvtec,wood,test,anomaly,liquid,test/anomaly/liquid_003.png,test/masks/liquid_003.png,data/datasets/mvtec/wood/test/liquid/003.png
mvtec,wood,test,anomaly,liquid,test/anomaly/liquid_004.png,test/masks/liquid_004.png,data/datasets/mvtec/wood/test/liquid/004.png
mvtec,wood,test,anomaly,scratch,test/anomaly/scratch_000.png,test/masks/scratch_000.png,data/datasets/mvtec/wood/test/scratch/000.png
mvtec,wood,test,anomaly,scratch,test/anomaly/scratch_001.png,test/masks/scratch_001.png,data/datasets/mvtec/wood/test/scratch/001.png
mvtec,wood,test,anomaly,scratch,test/anomaly/scratch_002.png,test/masks/scratch_002.png,data/datasets/mvtec/wood/test/scratch/002.png
mvtec,wood,test,anomaly,scratch,test/anomaly/scratch_004.png,test/masks/scratch_004.png,data/datasets/mvtec/wood/test/scratch/004.png
mvtec,wood,test,anomaly,scratch,test/anomaly/scratch_005.png,test/masks/scratch_005.png,data/datasets/mvtec/wood/test/scratch/005.png
mvtec,wood,test,anomaly,scratch,test/anomaly/scratch_006.png,test/masks/scratch_006.png,data/datasets/mvtec/wood/test/scratch/006.png
mvtec,wood,test,anomaly,scratch,test/anomaly/scratch_007.png,test/masks/scratch_007.png,data/datasets/mvtec/wood/test/scratch/007.png
mvtec,wood,test,anomaly,scratch,test/anomaly/scratch_011.png,test/masks/scratch_011.png,data/datasets/mvtec/wood/test/scratch/011.png
mvtec,wood,test,anomaly,scratch,test/anomaly/scratch_012.png,test/masks/scratch_012.png,data/datasets/mvtec/wood/test/scratch/012.png
mvtec,wood,test,anomaly,scratch,test/anomaly/scratch_014.png,test/masks/scratch_014.png,data/datasets/mvtec/wood/test/scratch/014.png
mvtec,wood,test,anomaly,scratch,test/anomaly/scratch_016.png,test/masks/scratch_016.png,data/datasets/mvtec/wood/test/scratch/016.png
mvtec,wood,test,anomaly,scratch,test/anomaly/scratch_018.png,test/masks/scratch_018.png,data/datasets/mvtec/wood/test/scratch/018.png
mvtec,wood,test,anomaly,scratch,test/anomaly/scratch_019.png,test/masks/scratch_019.png,data/datasets/mvtec/wood/test/scratch/019.png
mvtec,wood,test,anomaly,scratch,test/anomaly/scratch_020.png,test/masks/scratch_020.png,data/datasets/mvtec/wood/test/scratch/020.png
mvtec,zipper,train,normal,,train/good/000.png,,data/datasets/mvtec/zipper/train/good/000.png
mvtec,zipper,train,normal,,train/good/001.png,,data/datasets/mvtec/zipper/train/good/001.png
mvtec,zipper,train,normal,,train/good/002.png,,data/datasets/mvtec/zipper/train/good/002.png
mvtec,zipper,train,normal,,train/good/003.png,,data/datasets/mvtec/zipper/train/good/003.png
mvtec,zipper,train,normal,,train/good/004.png,,data/datasets/mvtec/zipper/train/good/004.png
mvtec,zipper,train,normal,,train/good/005.png,,data/datasets/mvtec/zipper/train/good/005.png
mvtec,zipper,train,normal,,train/good/006.png,,data/datasets/mvtec/zipper/train/good/006.png
mvtec,zipper,train,normal,,train/good/007.png,,data/datasets/mvtec/zipper/train/good/007.png
mvtec,zipper,train,normal,,train/good/008.png,,data/datasets/mvtec/zipper/train/good/008.png
mvtec,zipper,train,normal,,train/good/009.png,,data/datasets/mvtec/zipper/train/good/009.png
mvtec,zipper,train,normal,,train/good/010.png,,data/datasets/mvtec/zipper/train/good/010.png
mvtec,zipper,train,normal,,train/good/011.png,,data/datasets/mvtec/zipper/train/good/011.png
mvtec,zipper,train,normal,,train/good/012.png,,data/datasets/mvtec/zipper/train/good/012.png
mvtec,zipper,train,normal,,train/good/013.png,,data/datasets/mvtec/zipper/train/good/013.png
mvtec,zipper,train,normal,,train/good/014.png,,data/datasets/mvtec/zipper/train/good/014.png
mvtec,zipper,train,normal,,train/good/015.png,,data/datasets/mvtec/zipper/train/good/015.png
mvtec,zipper,train,normal,,train/good/016.png,,data/datasets/mvtec/zipper/train/good/016.png
mvtec,zipper,train,normal,,train/good/017.png,,data/datasets/mvtec/zipper/train/good/017.png
mvtec,zipper,train,normal,,train/good/018.png,,data/datasets/mvtec/zipper/train/good/018.png
mvtec,zipper,train,normal,,train/good/019.png,,data/datasets/mvtec/zipper/train/good/019.png
mvtec,zipper,train,normal,,train/good/020.png,,data/datasets/mvtec/zipper/train/good/020.png
mvtec,zipper,train,normal,,train/good/021.png,,data/datasets/mvtec/zipper/train/good/021.png
mvtec,zipper,train,normal,,train/good/022.png,,data/datasets/mvtec/zipper/train/good/022.png
mvtec,zipper,train,normal,,train/good/023.png,,data/datasets/mvtec/zipper/train/good/023.png
mvtec,zipper,train,normal,,train/good/024.png,,data/datasets/mvtec/zipper/train/good/024.png
mvtec,zipper,train,normal,,train/good/025.png,,data/datasets/mvtec/zipper/train/good/025.png
mvtec,zipper,train,normal,,train/good/026.png,,data/datasets/mvtec/zipper/train/good/026.png
mvtec,zipper,train,normal,,train/good/027.png,,data/datasets/mvtec/zipper/train/good/027.png
mvtec,zipper,train,normal,,train/good/028.png,,data/datasets/mvtec/zipper/train/good/028.png
mvtec,zipper,train,normal,,train/good/029.png,,data/datasets/mvtec/zipper/train/good/029.png
mvtec,zipper,train,normal,,train/good/030.png,,data/datasets/mvtec/zipper/train/good/030.png
mvtec,zipper,train,normal,,train/good/031.png,,data/datasets/mvtec/zipper/train/good/031.png
mvtec,zipper,train,normal,,train/good/032.png,,data/datasets/mvtec/zipper/train/good/032.png
mvtec,zipper,train,normal,,train/good/033.png,,data/datasets/mvtec/zipper/train/good/033.png
mvtec,zipper,train,normal,,train/good/034.png,,data/datasets/mvtec/zipper/train/good/034.png
mvtec,zipper,train,normal,,train/good/035.png,,data/datasets/mvtec/zipper/train/good/035.png
mvtec,zipper,train,normal,,train/good/036.png,,data/datasets/mvtec/zipper/train/good/036.png
mvtec,zipper,train,normal,,train/good/037.png,,data/datasets/mvtec/zipper/train/good/037.png
mvtec,zipper,train,normal,,train/good/038.png,,data/datasets/mvtec/zipper/train/good/038.png
mvtec,zipper,train,normal,,train/good/039.png,,data/datasets/mvtec/zipper/train/good/039.png
mvtec,zipper,train,normal,,train/good/040.png,,data/datasets/mvtec/zipper/train/good/040.png
mvtec,zipper,train,normal,,train/good/041.png,,data/datasets/mvtec/zipper/train/good/041.png
mvtec,zipper,train,normal,,train/good/042.png,,data/datasets/mvtec/zipper/train/good/042.png
mvtec,zipper,train,normal,,train/good/043.png,,data/datasets/mvtec/zipper/train/good/043.png
mvtec,zipper,train,normal,,train/good/044.png,,data/datasets/mvtec/zipper/train/good/044.png
mvtec,zipper,train,normal,,train/good/045.png,,data/datasets/mvtec/zipper/train/good/045.png
mvtec,zipper,train,normal,,train/good/046.png,,data/datasets/mvtec/zipper/train/good/046.png
mvtec,zipper,train,normal,,train/good/047.png,,data/datasets/mvtec/zipper/train/good/047.png
mvtec,zipper,train,normal,,train/good/048.png,,data/datasets/mvtec/zipper/train/good/048.png
mvtec,zipper,train,normal,,train/good/049.png,,data/datasets/mvtec/zipper/train/good/049.png
mvtec,zipper,train,normal,,train/good/050.png,,data/datasets/mvtec/zipper/train/good/050.png
mvtec,zipper,train,normal,,train/good/051.png,,data/datasets/mvtec/zipper/train/good/051.png
mvtec,zipper,train,normal,,train/good/052.png,,data/datasets/mvtec/zipper/train/good/052.png
mvtec,zipper,train,normal,,train/good/053.png,,data/datasets/mvtec/zipper/train/good/053.png
mvtec,zipper,train,normal,,train/good/054.png,,data/datasets/mvtec/zipper/train/good/054.png
mvtec,zipper,train,normal,,train/good/055.png,,data/datasets/mvtec/zipper/train/good/055.png
mvtec,zipper,train,normal,,train/good/056.png,,data/datasets/mvtec/zipper/train/good/056.png
mvtec,zipper,train,normal,,train/good/057.png,,data/datasets/mvtec/zipper/train/good/057.png
mvtec,zipper,train,normal,,train/good/058.png,,data/datasets/mvtec/zipper/train/good/058.png
mvtec,zipper,train,normal,,train/good/059.png,,data/datasets/mvtec/zipper/train/good/059.png
mvtec,zipper,train,normal,,train/good/060.png,,data/datasets/mvtec/zipper/train/good/060.png
mvtec,zipper,train,normal,,train/good/061.png,,data/datasets/mvtec/zipper/train/good/061.png
mvtec,zipper,train,normal,,train/good/062.png,,data/datasets/mvtec/zipper/train/good/062.png
mvtec,zipper,train,normal,,train/good/063.png,,data/datasets/mvtec/zipper/train/good/063.png
mvtec,zipper,train,normal,,train/good/064.png,,data/datasets/mvtec/zipper/train/good/064.png
mvtec,zipper,train,normal,,train/good/065.png,,data/datasets/mvtec/zipper/train/good/065.png
mvtec,zipper,train,normal,,train/good/066.png,,data/datasets/mvtec/zipper/train/good/066.png
mvtec,zipper,train,normal,,train/good/067.png,,data/datasets/mvtec/zipper/train/good/067.png
mvtec,zipper,train,normal,,train/good/068.png,,data/datasets/mvtec/zipper/train/good/068.png
mvtec,zipper,train,normal,,train/good/069.png,,data/datasets/mvtec/zipper/train/good/069.png
mvtec,zipper,train,normal,,train/good/070.png,,data/datasets/mvtec/zipper/train/good/070.png
mvtec,zipper,train,normal,,train/good/071.png,,data/datasets/mvtec/zipper/train/good/071.png
mvtec,zipper,train,normal,,train/good/072.png,,data/datasets/mvtec/zipper/train/good/072.png
mvtec,zipper,train,normal,,train/good/073.png,,data/datasets/mvtec/zipper/train/good/073.png
mvtec,zipper,train,normal,,train/good/074.png,,data/datasets/mvtec/zipper/train/good/074.png
mvtec,zipper,train,normal,,train/good/075.png,,data/datasets/mvtec/zipper/train/good/075.png
mvtec,zipper,train,normal,,train/good/076.png,,data/datasets/mvtec/zipper/train/good/076.png
mvtec,zipper,train,normal,,train/good/077.png,,data/datasets/mvtec/zipper/train/good/077.png
mvtec,zipper,train,normal,,train/good/078.png,,data/datasets/mvtec/zipper/train/good/078.png
mvtec,zipper,train,normal,,train/good/079.png,,data/datasets/mvtec/zipper/train/good/079.png
mvtec,zipper,train,normal,,train/good/080.png,,data/datasets/mvtec/zipper/train/good/080.png
mvtec,zipper,train,normal,,train/good/081.png,,data/datasets/mvtec/zipper/train/good/081.png
mvtec,zipper,train,normal,,train/good/082.png,,data/datasets/mvtec/zipper/train/good/082.png
mvtec,zipper,train,normal,,train/good/083.png,,data/datasets/mvtec/zipper/train/good/083.png
mvtec,zipper,train,normal,,train/good/084.png,,data/datasets/mvtec/zipper/train/good/084.png
mvtec,zipper,train,normal,,train/good/085.png,,data/datasets/mvtec/zipper/train/good/085.png
mvtec,zipper,train,normal,,train/good/086.png,,data/datasets/mvtec/zipper/train/good/086.png
mvtec,zipper,train,normal,,train/good/087.png,,data/datasets/mvtec/zipper/train/good/087.png
mvtec,zipper,train,normal,,train/good/088.png,,data/datasets/mvtec/zipper/train/good/088.png
mvtec,zipper,train,normal,,train/good/089.png,,data/datasets/mvtec/zipper/train/good/089.png
mvtec,zipper,train,normal,,train/good/090.png,,data/datasets/mvtec/zipper/train/good/090.png
mvtec,zipper,train,normal,,train/good/091.png,,data/datasets/mvtec/zipper/train/good/091.png
mvtec,zipper,train,normal,,train/good/092.png,,data/datasets/mvtec/zipper/train/good/092.png
mvtec,zipper,train,normal,,train/good/093.png,,data/datasets/mvtec/zipper/train/good/093.png
mvtec,zipper,train,normal,,train/good/094.png,,data/datasets/mvtec/zipper/train/good/094.png
mvtec,zipper,train,normal,,train/good/095.png,,data/datasets/mvtec/zipper/train/good/095.png
mvtec,zipper,train,normal,,train/good/096.png,,data/datasets/mvtec/zipper/train/good/096.png
mvtec,zipper,train,normal,,train/good/097.png,,data/datasets/mvtec/zipper/train/good/097.png
mvtec,zipper,train,normal,,train/good/098.png,,data/datasets/mvtec/zipper/train/good/098.png
mvtec,zipper,train,normal,,train/good/099.png,,data/datasets/mvtec/zipper/train/good/099.png
mvtec,zipper,train,normal,,train/good/100.png,,data/datasets/mvtec/zipper/train/good/100.png
mvtec,zipper,train,normal,,train/good/101.png,,data/datasets/mvtec/zipper/train/good/101.png
mvtec,zipper,train,normal,,train/good/102.png,,data/datasets/mvtec/zipper/train/good/102.png
mvtec,zipper,train,normal,,train/good/103.png,,data/datasets/mvtec/zipper/train/good/103.png
mvtec,zipper,train,normal,,train/good/104.png,,data/datasets/mvtec/zipper/train/good/104.png
mvtec,zipper,train,normal,,train/good/105.png,,data/datasets/mvtec/zipper/train/good/105.png
mvtec,zipper,train,normal,,train/good/106.png,,data/datasets/mvtec/zipper/train/good/106.png
mvtec,zipper,train,normal,,train/good/107.png,,data/datasets/mvtec/zipper/train/good/107.png
mvtec,zipper,train,normal,,train/good/108.png,,data/datasets/mvtec/zipper/train/good/108.png
mvtec,zipper,train,normal,,train/good/109.png,,data/datasets/mvtec/zipper/train/good/109.png
mvtec,zipper,train,normal,,train/good/110.png,,data/datasets/mvtec/zipper/train/good/110.png
mvtec,zipper,train,normal,,train/good/111.png,,data/datasets/mvtec/zipper/train/good/111.png
mvtec,zipper,train,normal,,train/good/112.png,,data/datasets/mvtec/zipper/train/good/112.png
mvtec,zipper,train,normal,,train/good/113.png,,data/datasets/mvtec/zipper/train/good/113.png
mvtec,zipper,train,normal,,train/good/114.png,,data/datasets/mvtec/zipper/train/good/114.png
mvtec,zipper,train,normal,,train/good/115.png,,data/datasets/mvtec/zipper/train/good/115.png
mvtec,zipper,train,normal,,train/good/116.png,,data/datasets/mvtec/zipper/train/good/116.png
mvtec,zipper,train,normal,,train/good/117.png,,data/datasets/mvtec/zipper/train/good/117.png
mvtec,zipper,train,normal,,train/good/118.png,,data/datasets/mvtec/zipper/train/good/118.png
mvtec,zipper,train,normal,,train/good/119.png,,data/datasets/mvtec/zipper/train/good/119.png
mvtec,zipper,train,normal,,train/good/120.png,,data/datasets/mvtec/zipper/train/good/120.png
mvtec,zipper,train,normal,,train/good/121.png,,data/datasets/mvtec/zipper/train/good/121.png
mvtec,zipper,train,normal,,train/good/122.png,,data/datasets/mvtec/zipper/train/good/122.png
mvtec,zipper,train,normal,,train/good/123.png,,data/datasets/mvtec/zipper/train/good/123.png
mvtec,zipper,train,normal,,train/good/124.png,,data/datasets/mvtec/zipper/train/good/124.png
mvtec,zipper,train,normal,,train/good/125.png,,data/datasets/mvtec/zipper/train/good/125.png
mvtec,zipper,train,normal,,train/good/126.png,,data/datasets/mvtec/zipper/train/good/126.png
mvtec,zipper,train,normal,,train/good/127.png,,data/datasets/mvtec/zipper/train/good/127.png
mvtec,zipper,train,normal,,train/good/128.png,,data/datasets/mvtec/zipper/train/good/128.png
mvtec,zipper,train,normal,,train/good/129.png,,data/datasets/mvtec/zipper/train/good/129.png
mvtec,zipper,train,normal,,train/good/130.png,,data/datasets/mvtec/zipper/train/good/130.png
mvtec,zipper,train,normal,,train/good/131.png,,data/datasets/mvtec/zipper/train/good/131.png
mvtec,zipper,train,normal,,train/good/132.png,,data/datasets/mvtec/zipper/train/good/132.png
mvtec,zipper,train,normal,,train/good/133.png,,data/datasets/mvtec/zipper/train/good/133.png
mvtec,zipper,train,normal,,train/good/134.png,,data/datasets/mvtec/zipper/train/good/134.png
mvtec,zipper,train,normal,,train/good/135.png,,data/datasets/mvtec/zipper/train/good/135.png
mvtec,zipper,train,normal,,train/good/136.png,,data/datasets/mvtec/zipper/train/good/136.png
mvtec,zipper,train,normal,,train/good/137.png,,data/datasets/mvtec/zipper/train/good/137.png
mvtec,zipper,train,normal,,train/good/138.png,,data/datasets/mvtec/zipper/train/good/138.png
mvtec,zipper,train,normal,,train/good/139.png,,data/datasets/mvtec/zipper/train/good/139.png
mvtec,zipper,train,normal,,train/good/140.png,,data/datasets/mvtec/zipper/train/good/140.png
mvtec,zipper,train,normal,,train/good/141.png,,data/datasets/mvtec/zipper/train/good/141.png
mvtec,zipper,train,normal,,train/good/142.png,,data/datasets/mvtec/zipper/train/good/142.png
mvtec,zipper,train,normal,,train/good/143.png,,data/datasets/mvtec/zipper/train/good/143.png
mvtec,zipper,train,normal,,train/good/144.png,,data/datasets/mvtec/zipper/train/good/144.png
mvtec,zipper,train,normal,,train/good/145.png,,data/datasets/mvtec/zipper/train/good/145.png
mvtec,zipper,train,normal,,train/good/146.png,,data/datasets/mvtec/zipper/train/good/146.png
mvtec,zipper,train,normal,,train/good/147.png,,data/datasets/mvtec/zipper/train/good/147.png
mvtec,zipper,train,normal,,train/good/148.png,,data/datasets/mvtec/zipper/train/good/148.png
mvtec,zipper,train,normal,,train/good/149.png,,data/datasets/mvtec/zipper/train/good/149.png
mvtec,zipper,train,normal,,train/good/150.png,,data/datasets/mvtec/zipper/train/good/150.png
mvtec,zipper,train,normal,,train/good/151.png,,data/datasets/mvtec/zipper/train/good/151.png
mvtec,zipper,train,normal,,train/good/152.png,,data/datasets/mvtec/zipper/train/good/152.png
mvtec,zipper,train,normal,,train/good/153.png,,data/datasets/mvtec/zipper/train/good/153.png
mvtec,zipper,train,normal,,train/good/154.png,,data/datasets/mvtec/zipper/train/good/154.png
mvtec,zipper,train,normal,,train/good/155.png,,data/datasets/mvtec/zipper/train/good/155.png
mvtec,zipper,train,normal,,train/good/156.png,,data/datasets/mvtec/zipper/train/good/156.png
mvtec,zipper,train,normal,,train/good/157.png,,data/datasets/mvtec/zipper/train/good/157.png
mvtec,zipper,train,normal,,train/good/158.png,,data/datasets/mvtec/zipper/train/good/158.png
mvtec,zipper,train,normal,,train/good/159.png,,data/datasets/mvtec/zipper/train/good/159.png
mvtec,zipper,train,normal,,train/good/160.png,,data/datasets/mvtec/zipper/train/good/160.png
mvtec,zipper,train,normal,,train/good/161.png,,data/datasets/mvtec/zipper/train/good/161.png
mvtec,zipper,train,normal,,train/good/162.png,,data/datasets/mvtec/zipper/train/good/162.png
mvtec,zipper,train,normal,,train/good/163.png,,data/datasets/mvtec/zipper/train/good/163.png
mvtec,zipper,train,normal,,train/good/164.png,,data/datasets/mvtec/zipper/train/good/164.png
mvtec,zipper,train,normal,,train/good/165.png,,data/datasets/mvtec/zipper/train/good/165.png
mvtec,zipper,train,normal,,train/good/166.png,,data/datasets/mvtec/zipper/train/good/166.png
mvtec,zipper,train,normal,,train/good/167.png,,data/datasets/mvtec/zipper/train/good/167.png
mvtec,zipper,train,normal,,train/good/168.png,,data/datasets/mvtec/zipper/train/good/168.png
mvtec,zipper,train,normal,,train/good/169.png,,data/datasets/mvtec/zipper/train/good/169.png
mvtec,zipper,train,normal,,train/good/170.png,,data/datasets/mvtec/zipper/train/good/170.png
mvtec,zipper,train,normal,,train/good/171.png,,data/datasets/mvtec/zipper/train/good/171.png
mvtec,zipper,train,normal,,train/good/172.png,,data/datasets/mvtec/zipper/train/good/172.png
mvtec,zipper,train,normal,,train/good/173.png,,data/datasets/mvtec/zipper/train/good/173.png
mvtec,zipper,train,normal,,train/good/174.png,,data/datasets/mvtec/zipper/train/good/174.png
mvtec,zipper,train,normal,,train/good/175.png,,data/datasets/mvtec/zipper/train/good/175.png
mvtec,zipper,train,normal,,train/good/176.png,,data/datasets/mvtec/zipper/train/good/176.png
mvtec,zipper,train,normal,,train/good/177.png,,data/datasets/mvtec/zipper/train/good/177.png
mvtec,zipper,train,normal,,train/good/178.png,,data/datasets/mvtec/zipper/train/good/178.png
mvtec,zipper,train,normal,,train/good/179.png,,data/datasets/mvtec/zipper/train/good/179.png
mvtec,zipper,train,normal,,train/good/180.png,,data/datasets/mvtec/zipper/train/good/180.png
mvtec,zipper,train,normal,,train/good/181.png,,data/datasets/mvtec/zipper/train/good/181.png
mvtec,zipper,train,normal,,train/good/182.png,,data/datasets/mvtec/zipper/train/good/182.png
mvtec,zipper,train,normal,,train/good/183.png,,data/datasets/mvtec/zipper/train/good/183.png
mvtec,zipper,train,normal,,train/good/184.png,,data/datasets/mvtec/zipper/train/good/184.png
mvtec,zipper,train,normal,,train/good/185.png,,data/datasets/mvtec/zipper/train/good/185.png
mvtec,zipper,train,normal,,train/good/186.png,,data/datasets/mvtec/zipper/train/good/186.png
mvtec,zipper,train,normal,,train/good/187.png,,data/datasets/mvtec/zipper/train/good/187.png
mvtec,zipper,train,normal,,train/good/188.png,,data/datasets/mvtec/zipper/train/good/188.png
mvtec,zipper,train,normal,,train/good/189.png,,data/datasets/mvtec/zipper/train/good/189.png
mvtec,zipper,train,normal,,train/good/190.png,,data/datasets/mvtec/zipper/train/good/190.png
mvtec,zipper,train,normal,,train/good/191.png,,data/datasets/mvtec/zipper/train/good/191.png
mvtec,zipper,train,normal,,train/good/192.png,,data/datasets/mvtec/zipper/train/good/192.png
mvtec,zipper,train,normal,,train/good/193.png,,data/datasets/mvtec/zipper/train/good/193.png
mvtec,zipper,train,normal,,train/good/194.png,,data/datasets/mvtec/zipper/train/good/194.png
mvtec,zipper,train,normal,,train/good/195.png,,data/datasets/mvtec/zipper/train/good/195.png
mvtec,zipper,train,normal,,train/good/196.png,,data/datasets/mvtec/zipper/train/good/196.png
mvtec,zipper,train,normal,,train/good/197.png,,data/datasets/mvtec/zipper/train/good/197.png
mvtec,zipper,train,normal,,train/good/198.png,,data/datasets/mvtec/zipper/train/good/198.png
mvtec,zipper,train,normal,,train/good/199.png,,data/datasets/mvtec/zipper/train/good/199.png
mvtec,zipper,train,normal,,train/good/200.png,,data/datasets/mvtec/zipper/train/good/200.png
mvtec,zipper,train,normal,,train/good/201.png,,data/datasets/mvtec/zipper/train/good/201.png
mvtec,zipper,train,normal,,train/good/202.png,,data/datasets/mvtec/zipper/train/good/202.png
mvtec,zipper,train,normal,,train/good/203.png,,data/datasets/mvtec/zipper/train/good/203.png
mvtec,zipper,train,normal,,train/good/204.png,,data/datasets/mvtec/zipper/train/good/204.png
mvtec,zipper,train,normal,,train/good/205.png,,data/datasets/mvtec/zipper/train/good/205.png
mvtec,zipper,train,normal,,train/good/206.png,,data/datasets/mvtec/zipper/train/good/206.png
mvtec,zipper,train,normal,,train/good/207.png,,data/datasets/mvtec/zipper/train/good/207.png
mvtec,zipper,train,normal,,train/good/208.png,,data/datasets/mvtec/zipper/train/good/208.png
mvtec,zipper,train,normal,,train/good/209.png,,data/datasets/mvtec/zipper/train/good/209.png
mvtec,zipper,train,normal,,train/good/210.png,,data/datasets/mvtec/zipper/train/good/210.png
mvtec,zipper,train,normal,,train/good/211.png,,data/datasets/mvtec/zipper/train/good/211.png
mvtec,zipper,train,normal,,train/good/212.png,,data/datasets/mvtec/zipper/train/good/212.png
mvtec,zipper,train,normal,,train/good/213.png,,data/datasets/mvtec/zipper/train/good/213.png
mvtec,zipper,train,normal,,train/good/214.png,,data/datasets/mvtec/zipper/train/good/214.png
mvtec,zipper,train,normal,,train/good/215.png,,data/datasets/mvtec/zipper/train/good/215.png
mvtec,zipper,train,normal,,train/good/216.png,,data/datasets/mvtec/zipper/train/good/216.png
mvtec,zipper,train,normal,,train/good/217.png,,data/datasets/mvtec/zipper/train/good/217.png
mvtec,zipper,train,normal,,train/good/218.png,,data/datasets/mvtec/zipper/train/good/218.png
mvtec,zipper,train,normal,,train/good/219.png,,data/datasets/mvtec/zipper/train/good/219.png
mvtec,zipper,train,normal,,train/good/220.png,,data/datasets/mvtec/zipper/train/good/220.png
mvtec,zipper,train,normal,,train/good/221.png,,data/datasets/mvtec/zipper/train/good/221.png
mvtec,zipper,train,normal,,train/good/222.png,,data/datasets/mvtec/zipper/train/good/222.png
mvtec,zipper,train,normal,,train/good/223.png,,data/datasets/mvtec/zipper/train/good/223.png
mvtec,zipper,train,normal,,train/good/224.png,,data/datasets/mvtec/zipper/train/good/224.png
mvtec,zipper,train,normal,,train/good/225.png,,data/datasets/mvtec/zipper/train/good/225.png
mvtec,zipper,train,normal,,train/good/226.png,,data/datasets/mvtec/zipper/train/good/226.png
mvtec,zipper,train,normal,,train/good/227.png,,data/datasets/mvtec/zipper/train/good/227.png
mvtec,zipper,train,normal,,train/good/228.png,,data/datasets/mvtec/zipper/train/good/228.png
mvtec,zipper,train,normal,,train/good/229.png,,data/datasets/mvtec/zipper/train/good/229.png
mvtec,zipper,train,normal,,train/good/230.png,,data/datasets/mvtec/zipper/train/good/230.png
mvtec,zipper,train,normal,,train/good/231.png,,data/datasets/mvtec/zipper/train/good/231.png
mvtec,zipper,train,normal,,train/good/232.png,,data/datasets/mvtec/zipper/train/good/232.png
mvtec,zipper,train,normal,,train/good/233.png,,data/datasets/mvtec/zipper/train/good/233.png
mvtec,zipper,train,normal,,train/good/234.png,,data/datasets/mvtec/zipper/train/good/234.png
mvtec,zipper,train,normal,,train/good/235.png,,data/datasets/mvtec/zipper/train/good/235.png
mvtec,zipper,train,normal,,train/good/236.png,,data/datasets/mvtec/zipper/train/good/236.png
mvtec,zipper,train,normal,,train/good/237.png,,data/datasets/mvtec/zipper/train/good/237.png
mvtec,zipper,train,normal,,train/good/238.png,,data/datasets/mvtec/zipper/train/good/238.png
mvtec,zipper,train,normal,,train/good/239.png,,data/datasets/mvtec/zipper/train/good/239.png
mvtec,zipper,train,anomaly,broken_teeth,train/anomaly/broken_teeth_000.png,train/masks/broken_teeth_000.png,data/datasets/mvtec/zipper/test/broken_teeth/000.png
mvtec,zipper,train,anomaly,broken_teeth,train/anomaly/broken_teeth_004.png,train/masks/broken_teeth_004.png,data/datasets/mvtec/zipper/test/broken_teeth/004.png
mvtec,zipper,train,anomaly,broken_teeth,train/anomaly/broken_teeth_005.png,train/masks/broken_teeth_005.png,data/datasets/mvtec/zipper/test/broken_teeth/005.png
mvtec,zipper,train,anomaly,broken_teeth,train/anomaly/broken_teeth_017.png,train/masks/broken_teeth_017.png,data/datasets/mvtec/zipper/test/broken_teeth/017.png
mvtec,zipper,train,anomaly,fabric_border,train/anomaly/fabric_border_007.png,train/masks/fabric_border_007.png,data/datasets/mvtec/zipper/test/fabric_border/007.png
mvtec,zipper,train,anomaly,fabric_border,train/anomaly/fabric_border_012.png,train/masks/fabric_border_012.png,data/datasets/mvtec/zipper/test/fabric_border/012.png
mvtec,zipper,train,anomaly,fabric_border,train/anomaly/fabric_border_013.png,train/masks/fabric_border_013.png,data/datasets/mvtec/zipper/test/fabric_border/013.png
mvtec,zipper,train,anomaly,fabric_border,train/anomaly/fabric_border_016.png,train/masks/fabric_border_016.png,data/datasets/mvtec/zipper/test/fabric_border/016.png
mvtec,zipper,train,anomaly,fabric_interior,train/anomaly/fabric_interior_002.png,train/masks/fabric_interior_002.png,data/datasets/mvtec/zipper/test/fabric_interior/002.png
mvtec,zipper,train,anomaly,fabric_interior,train/anomaly/fabric_interior_003.png,train/masks/fabric_interior_003.png,data/datasets/mvtec/zipper/test/fabric_interior/003.png
mvtec,zipper,train,anomaly,fabric_interior,train/anomaly/fabric_interior_008.png,train/masks/fabric_interior_008.png,data/datasets/mvtec/zipper/test/fabric_interior/008.png
mvtec,zipper,train,anomaly,fabric_interior,train/anomaly/fabric_interior_014.png,train/masks/fabric_interior_014.png,data/datasets/mvtec/zipper/test/fabric_interior/014.png
mvtec,zipper,train,anomaly,rough,train/anomaly/rough_003.png,train/masks/rough_003.png,data/datasets/mvtec/zipper/test/rough/003.png
mvtec,zipper,train,anomaly,rough,train/anomaly/rough_005.png,train/masks/rough_005.png,data/datasets/mvtec/zipper/test/rough/005.png
mvtec,zipper,train,anomaly,rough,train/anomaly/rough_006.png,train/masks/rough_006.png,data/datasets/mvtec/zipper/test/rough/006.png
mvtec,zipper,train,anomaly,rough,train/anomaly/rough_012.png,train/masks/rough_012.png,data/datasets/mvtec/zipper/test/rough/012.png
mvtec,zipper,train,anomaly,split_teeth,train/anomaly/split_teeth_000.png,train/masks/split_teeth_000.png,data/datasets/mvtec/zipper/test/split_teeth/000.png
mvtec,zipper,train,anomaly,split_teeth,train/anomaly/split_teeth_010.png,train/masks/split_teeth_010.png,data/datasets/mvtec/zipper/test/split_teeth/010.png
mvtec,zipper,train,anomaly,split_teeth,train/anomaly/split_teeth_011.png,train/masks/split_teeth_011.png,data/datasets/mvtec/zipper/test/split_teeth/011.png
mvtec,zipper,train,anomaly,split_teeth,train/anomaly/split_teeth_012.png,train/masks/split_teeth_012.png,data/datasets/mvtec/zipper/test/split_teeth/012.png
mvtec,zipper,train,anomaly,squeezed_teeth,train/anomaly/squeezed_teeth_001.png,train/masks/squeezed_teeth_001.png,data/datasets/mvtec/zipper/test/squeezed_teeth/001.png
mvtec,zipper,train,anomaly,squeezed_teeth,train/anomaly/squeezed_teeth_002.png,train/masks/squeezed_teeth_002.png,data/datasets/mvtec/zipper/test/squeezed_teeth/002.png
mvtec,zipper,train,anomaly,squeezed_teeth,train/anomaly/squeezed_teeth_005.png,train/masks/squeezed_teeth_005.png,data/datasets/mvtec/zipper/test/squeezed_teeth/005.png
mvtec,zipper,train,anomaly,squeezed_teeth,train/anomaly/squeezed_teeth_010.png,train/masks/squeezed_teeth_010.png,data/datasets/mvtec/zipper/test/squeezed_teeth/010.png
mvtec,zipper,test,normal,,test/good/000.png,,data/datasets/mvtec/zipper/test/good/000.png
mvtec,zipper,test,normal,,test/good/001.png,,data/datasets/mvtec/zipper/test/good/001.png
mvtec,zipper,test,normal,,test/good/002.png,,data/datasets/mvtec/zipper/test/good/002.png
mvtec,zipper,test,normal,,test/good/003.png,,data/datasets/mvtec/zipper/test/good/003.png
mvtec,zipper,test,normal,,test/good/004.png,,data/datasets/mvtec/zipper/test/good/004.png
mvtec,zipper,test,normal,,test/good/005.png,,data/datasets/mvtec/zipper/test/good/005.png
mvtec,zipper,test,normal,,test/good/006.png,,data/datasets/mvtec/zipper/test/good/006.png
mvtec,zipper,test,normal,,test/good/007.png,,data/datasets/mvtec/zipper/test/good/007.png
mvtec,zipper,test,normal,,test/good/008.png,,data/datasets/mvtec/zipper/test/good/008.png
mvtec,zipper,test,normal,,test/good/009.png,,data/datasets/mvtec/zipper/test/good/009.png
mvtec,zipper,test,normal,,test/good/010.png,,data/datasets/mvtec/zipper/test/good/010.png
mvtec,zipper,test,normal,,test/good/011.png,,data/datasets/mvtec/zipper/test/good/011.png
mvtec,zipper,test,normal,,test/good/012.png,,data/datasets/mvtec/zipper/test/good/012.png
mvtec,zipper,test,normal,,test/good/013.png,,data/datasets/mvtec/zipper/test/good/013.png
mvtec,zipper,test,normal,,test/good/014.png,,data/datasets/mvtec/zipper/test/good/014.png
mvtec,zipper,test,normal,,test/good/015.png,,data/datasets/mvtec/zipper/test/good/015.png
mvtec,zipper,test,normal,,test/good/016.png,,data/datasets/mvtec/zipper/test/good/016.png
mvtec,zipper,test,normal,,test/good/017.png,,data/datasets/mvtec/zipper/test/good/017.png
mvtec,zipper,test,normal,,test/good/018.png,,data/datasets/mvtec/zipper/test/good/018.png
mvtec,zipper,test,normal,,test/good/019.png,,data/datasets/mvtec/zipper/test/good/019.png
mvtec,zipper,test,normal,,test/good/020.png,,data/datasets/mvtec/zipper/test/good/020.png
mvtec,zipper,test,normal,,test/good/021.png,,data/datasets/mvtec/zipper/test/good/021.png
mvtec,zipper,test,normal,,test/good/022.png,,data/datasets/mvtec/zipper/test/good/022.png
mvtec,zipper,test,normal,,test/good/023.png,,data/datasets/mvtec/zipper/test/good/023.png
mvtec,zipper,test,normal,,test/good/024.png,,data/datasets/mvtec/zipper/test/good/024.png
mvtec,zipper,test,normal,,test/good/025.png,,data/datasets/mvtec/zipper/test/good/025.png
mvtec,zipper,test,normal,,test/good/026.png,,data/datasets/mvtec/zipper/test/good/026.png
mvtec,zipper,test,normal,,test/good/027.png,,data/datasets/mvtec/zipper/test/good/027.png
mvtec,zipper,test,normal,,test/good/028.png,,data/datasets/mvtec/zipper/test/good/028.png
mvtec,zipper,test,normal,,test/good/029.png,,data/datasets/mvtec/zipper/test/good/029.png
mvtec,zipper,test,normal,,test/good/030.png,,data/datasets/mvtec/zipper/test/good/030.png
mvtec,zipper,test,normal,,test/good/031.png,,data/datasets/mvtec/zipper/test/good/031.png
mvtec,zipper,test,anomaly,broken_teeth,test/anomaly/broken_teeth_001.png,test/masks/broken_teeth_001.png,data/datasets/mvtec/zipper/test/broken_teeth/001.png
mvtec,zipper,test,anomaly,broken_teeth,test/anomaly/broken_teeth_002.png,test/masks/broken_teeth_002.png,data/datasets/mvtec/zipper/test/broken_teeth/002.png
mvtec,zipper,test,anomaly,broken_teeth,test/anomaly/broken_teeth_003.png,test/masks/broken_teeth_003.png,data/datasets/mvtec/zipper/test/broken_teeth/003.png
mvtec,zipper,test,anomaly,broken_teeth,test/anomaly/broken_teeth_006.png,test/masks/broken_teeth_006.png,data/datasets/mvtec/zipper/test/broken_teeth/006.png
mvtec,zipper,test,anomaly,broken_teeth,test/anomaly/broken_teeth_007.png,test/masks/broken_teeth_007.png,data/datasets/mvtec/zipper/test/broken_teeth/007.png
mvtec,zipper,test,anomaly,broken_teeth,test/anomaly/broken_teeth_008.png,test/masks/broken_teeth_008.png,data/datasets/mvtec/zipper/test/broken_teeth/008.png
mvtec,zipper,test,anomaly,broken_teeth,test/anomaly/broken_teeth_009.png,test/masks/broken_teeth_009.png,data/datasets/mvtec/zipper/test/broken_teeth/009.png
mvtec,zipper,test,anomaly,broken_teeth,test/anomaly/broken_teeth_010.png,test/masks/broken_teeth_010.png,data/datasets/mvtec/zipper/test/broken_teeth/010.png
mvtec,zipper,test,anomaly,broken_teeth,test/anomaly/broken_teeth_011.png,test/masks/broken_teeth_011.png,data/datasets/mvtec/zipper/test/broken_teeth/011.png
mvtec,zipper,test,anomaly,broken_teeth,test/anomaly/broken_teeth_012.png,test/masks/broken_teeth_012.png,data/datasets/mvtec/zipper/test/broken_teeth/012.png
mvtec,zipper,test,anomaly,broken_teeth,test/anomaly/broken_teeth_013.png,test/masks/broken_teeth_013.png,data/datasets/mvtec/zipper/test/broken_teeth/013.png
mvtec,zipper,test,anomaly,broken_teeth,test/anomaly/broken_teeth_014.png,test/masks/broken_teeth_014.png,data/datasets/mvtec/zipper/test/broken_teeth/014.png
mvtec,zipper,test,anomaly,broken_teeth,test/anomaly/broken_teeth_015.png,test/masks/broken_teeth_015.png,data/datasets/mvtec/zipper/test/broken_teeth/015.png
mvtec,zipper,test,anomaly,broken_teeth,test/anomaly/broken_teeth_016.png,test/masks/broken_teeth_016.png,data/datasets/mvtec/zipper/test/broken_teeth/016.png
mvtec,zipper,test,anomaly,broken_teeth,test/anomaly/broken_teeth_018.png,test/masks/broken_teeth_018.png,data/datasets/mvtec/zipper/test/broken_teeth/018.png
mvtec,zipper,test,anomaly,combined,test/anomaly/combined_000.png,test/masks/combined_000.png,data/datasets/mvtec/zipper/test/combined/000.png
mvtec,zipper,test,anomaly,combined,test/anomaly/combined_001.png,test/masks/combined_001.png,data/datasets/mvtec/zipper/test/combined/001.png
mvtec,zipper,test,anomaly,combined,test/anomaly/combined_002.png,test/masks/combined_002.png,data/datasets/mvtec/zipper/test/combined/002.png
mvtec,zipper,test,anomaly,combined,test/anomaly/combined_003.png,test/masks/combined_003.png,data/datasets/mvtec/zipper/test/combined/003.png
mvtec,zipper,test,anomaly,combined,test/anomaly/combined_004.png,test/masks/combined_004.png,data/datasets/mvtec/zipper/test/combined/004.png
mvtec,zipper,test,anomaly,combined,test/anomaly/combined_005.png,test/masks/combined_005.png,data/datasets/mvtec/zipper/test/combined/005.png
mvtec,zipper,test,anomaly,combined,test/anomaly/combined_006.png,test/masks/combined_006.png,data/datasets/mvtec/zipper/test/combined/006.png
mvtec,zipper,test,anomaly,combined,test/anomaly/combined_007.png,test/masks/combined_007.png,data/datasets/mvtec/zipper/test/combined/007.png
mvtec,zipper,test,anomaly,combined,test/anomaly/combined_008.png,test/masks/combined_008.png,data/datasets/mvtec/zipper/test/combined/008.png
mvtec,zipper,test,anomaly,combined,test/anomaly/combined_009.png,test/masks/combined_009.png,data/datasets/mvtec/zipper/test/combined/009.png
mvtec,zipper,test,anomaly,combined,test/anomaly/combined_010.png,test/masks/combined_010.png,data/datasets/mvtec/zipper/test/combined/010.png
mvtec,zipper,test,anomaly,combined,test/anomaly/combined_011.png,test/masks/combined_011.png,data/datasets/mvtec/zipper/test/combined/011.png
mvtec,zipper,test,anomaly,combined,test/anomaly/combined_012.png,test/masks/combined_012.png,data/datasets/mvtec/zipper/test/combined/012.png
mvtec,zipper,test,anomaly,combined,test/anomaly/combined_013.png,test/masks/combined_013.png,data/datasets/mvtec/zipper/test/combined/013.png
mvtec,zipper,test,anomaly,combined,test/anomaly/combined_014.png,test/masks/combined_014.png,data/datasets/mvtec/zipper/test/combined/014.png
mvtec,zipper,test,anomaly,combined,test/anomaly/combined_015.png,test/masks/combined_015.png,data/datasets/mvtec/zipper/test/combined/015.png
mvtec,zipper,test,anomaly,fabric_border,test/anomaly/fabric_border_000.png,test/masks/fabric_border_000.png,data/datasets/mvtec/zipper/test/fabric_border/000.png
mvtec,zipper,test,anomaly,fabric_border,test/anomaly/fabric_border_001.png,test/masks/fabric_border_001.png,data/datasets/mvtec/zipper/test/fabric_border/001.png
mvtec,zipper,test,anomaly,fabric_border,test/anomaly/fabric_border_002.png,test/masks/fabric_border_002.png,data/datasets/mvtec/zipper/test/fabric_border/002.png
mvtec,zipper,test,anomaly,fabric_border,test/anomaly/fabric_border_003.png,test/masks/fabric_border_003.png,data/datasets/mvtec/zipper/test/fabric_border/003.png
mvtec,zipper,test,anomaly,fabric_border,test/anomaly/fabric_border_004.png,test/masks/fabric_border_004.png,data/datasets/mvtec/zipper/test/fabric_border/004.png
mvtec,zipper,test,anomaly,fabric_border,test/anomaly/fabric_border_005.png,test/masks/fabric_border_005.png,data/datasets/mvtec/zipper/test/fabric_border/005.png
mvtec,zipper,test,anomaly,fabric_border,test/anomaly/fabric_border_006.png,test/masks/fabric_border_006.png,data/datasets/mvtec/zipper/test/fabric_border/006.png
mvtec,zipper,test,anomaly,fabric_border,test/anomaly/fabric_border_008.png,test/masks/fabric_border_008.png,data/datasets/mvtec/zipper/test/fabric_border/008.png
mvtec,zipper,test,anomaly,fabric_border,test/anomaly/fabric_border_009.png,test/masks/fabric_border_009.png,data/datasets/mvtec/zipper/test/fabric_border/009.png
mvtec,zipper,test,anomaly,fabric_border,test/anomaly/fabric_border_010.png,test/masks/fabric_border_010.png,data/datasets/mvtec/zipper/test/fabric_border/010.png
mvtec,zipper,test,anomaly,fabric_border,test/anomaly/fabric_border_011.png,test/masks/fabric_border_011.png,data/datasets/mvtec/zipper/test/fabric_border/011.png
mvtec,zipper,test,anomaly,fabric_border,test/anomaly/fabric_border_014.png,test/masks/fabric_border_014.png,data/datasets/mvtec/zipper/test/fabric_border/014.png
mvtec,zipper,test,anomaly,fabric_border,test/anomaly/fabric_border_015.png,test/masks/fabric_border_015.png,data/datasets/mvtec/zipper/test/fabric_border/015.png
mvtec,zipper,test,anomaly,fabric_interior,test/anomaly/fabric_interior_000.png,test/masks/fabric_interior_000.png,data/datasets/mvtec/zipper/test/fabric_interior/000.png
mvtec,zipper,test,anomaly,fabric_interior,test/anomaly/fabric_interior_001.png,test/masks/fabric_interior_001.png,data/datasets/mvtec/zipper/test/fabric_interior/001.png
mvtec,zipper,test,anomaly,fabric_interior,test/anomaly/fabric_interior_004.png,test/masks/fabric_interior_004.png,data/datasets/mvtec/zipper/test/fabric_interior/004.png
mvtec,zipper,test,anomaly,fabric_interior,test/anomaly/fabric_interior_005.png,test/masks/fabric_interior_005.png,data/datasets/mvtec/zipper/test/fabric_interior/005.png
mvtec,zipper,test,anomaly,fabric_interior,test/anomaly/fabric_interior_006.png,test/masks/fabric_interior_006.png,data/datasets/mvtec/zipper/test/fabric_interior/006.png
mvtec,zipper,test,anomaly,fabric_interior,test/anomaly/fabric_interior_007.png,test/masks/fabric_interior_007.png,data/datasets/mvtec/zipper/test/fabric_interior/007.png
mvtec,zipper,test,anomaly,fabric_interior,test/anomaly/fabric_interior_009.png,test/masks/fabric_interior_009.png,data/datasets/mvtec/zipper/test/fabric_interior/009.png
mvtec,zipper,test,anomaly,fabric_interior,test/anomaly/fabric_interior_010.png,test/masks/fabric_interior_010.png,data/datasets/mvtec/zipper/test/fabric_interior/010.png
mvtec,zipper,test,anomaly,fabric_interior,test/anomaly/fabric_interior_011.png,test/masks/fabric_interior_011.png,data/datasets/mvtec/zipper/test/fabric_interior/011.png
mvtec,zipper,test,anomaly,fabric_interior,test/anomaly/fabric_interior_012.png,test/masks/fabric_interior_012.png,data/datasets/mvtec/zipper/test/fabric_interior/012.png
mvtec,zipper,test,anomaly,fabric_interior,test/anomaly/fabric_interior_013.png,test/masks/fabric_interior_013.png,data/datasets/mvtec/zipper/test/fabric_interior/013.png
mvtec,zipper,test,anomaly,fabric_interior,test/anomaly/fabric_interior_015.png,test/masks/fabric_interior_015.png,data/datasets/mvtec/zipper/test/fabric_interior/015.png
mvtec,zipper,test,anomaly,rough,test/anomaly/rough_000.png,test/masks/rough_000.png,data/datasets/mvtec/zipper/test/rough/000.png
mvtec,zipper,test,anomaly,rough,test/anomaly/rough_001.png,test/masks/rough_001.png,data/datasets/mvtec/zipper/test/rough/001.png
mvtec,zipper,test,anomaly,rough,test/anomaly/rough_002.png,test/masks/rough_002.png,data/datasets/mvtec/zipper/test/rough/002.png
mvtec,zipper,test,anomaly,rough,test/anomaly/rough_004.png,test/masks/rough_004.png,data/datasets/mvtec/zipper/test/rough/004.png
mvtec,zipper,test,anomaly,rough,test/anomaly/rough_007.png,test/masks/rough_007.png,data/datasets/mvtec/zipper/test/rough/007.png
mvtec,zipper,test,anomaly,rough,test/anomaly/rough_008.png,test/masks/rough_008.png,data/datasets/mvtec/zipper/test/rough/008.png
mvtec,zipper,test,anomaly,rough,test/anomaly/rough_009.png,test/masks/rough_009.png,data/datasets/mvtec/zipper/test/rough/009.png
mvtec,zipper,test,anomaly,rough,test/anomaly/rough_010.png,test/masks/rough_010.png,data/datasets/mvtec/zipper/test/rough/010.png
mvtec,zipper,test,anomaly,rough,test/anomaly/rough_011.png,test/masks/rough_011.png,data/datasets/mvtec/zipper/test/rough/011.png
mvtec,zipper,test,anomaly,rough,test/anomaly/rough_013.png,test/masks/rough_013.png,data/datasets/mvtec/zipper/test/rough/013.png
mvtec,zipper,test,anomaly,rough,test/anomaly/rough_014.png,test/masks/rough_014.png,data/datasets/mvtec/zipper/test/rough/014.png
mvtec,zipper,test,anomaly,rough,test/anomaly/rough_015.png,test/masks/rough_015.png,data/datasets/mvtec/zipper/test/rough/015.png
mvtec,zipper,test,anomaly,rough,test/anomaly/rough_016.png,test/masks/rough_016.png,data/datasets/mvtec/zipper/test/rough/016.png
mvtec,zipper,test,anomaly,split_teeth,test/anomaly/split_teeth_001.png,test/masks/split_teeth_001.png,data/datasets/mvtec/zipper/test/split_teeth/001.png
mvtec,zipper,test,anomaly,split_teeth,test/anomaly/split_teeth_002.png,test/masks/split_teeth_002.png,data/datasets/mvtec/zipper/test/split_teeth/002.png
mvtec,zipper,test,anomaly,split_teeth,test/anomaly/split_teeth_003.png,test/masks/split_teeth_003.png,data/datasets/mvtec/zipper/test/split_teeth/003.png
mvtec,zipper,test,anomaly,split_teeth,test/anomaly/split_teeth_004.png,test/masks/split_teeth_004.png,data/datasets/mvtec/zipper/test/split_teeth/004.png
mvtec,zipper,test,anomaly,split_teeth,test/anomaly/split_teeth_005.png,test/masks/split_teeth_005.png,data/datasets/mvtec/zipper/test/split_teeth/005.png
mvtec,zipper,test,anomaly,split_teeth,test/anomaly/split_teeth_006.png,test/masks/split_teeth_006.png,data/datasets/mvtec/zipper/test/split_teeth/006.png
mvtec,zipper,test,anomaly,split_teeth,test/anomaly/split_teeth_007.png,test/masks/split_teeth_007.png,data/datasets/mvtec/zipper/test/split_teeth/007.png
mvtec,zipper,test,anomaly,split_teeth,test/anomaly/split_teeth_008.png,test/masks/split_teeth_008.png,data/datasets/mvtec/zipper/test/split_teeth/008.png
mvtec,zipper,test,anomaly,split_teeth,test/anomaly/split_teeth_009.png,test/masks/split_teeth_009.png,data/datasets/mvtec/zipper/test/split_teeth/009.png
mvtec,zipper,test,anomaly,split_teeth,test/anomaly/split_teeth_013.png,test/masks/split_teeth_013.png,data/datasets/mvtec/zipper/test/split_teeth/013.png
mvtec,zipper,test,anomaly,split_teeth,test/anomaly/split_teeth_014.png,test/masks/split_teeth_014.png,data/datasets/mvtec/zipper/test/split_teeth/014.png
mvtec,zipper,test,anomaly,split_teeth,test/anomaly/split_teeth_015.png,test/masks/split_teeth_015.png,data/datasets/mvtec/zipper/test/split_teeth/015.png
mvtec,zipper,test,anomaly,split_teeth,test/anomaly/split_teeth_016.png,test/masks/split_teeth_016.png,data/datasets/mvtec/zipper/test/split_teeth/016.png
mvtec,zipper,test,anomaly,split_teeth,test/anomaly/split_teeth_017.png,test/masks/split_teeth_017.png,data/datasets/mvtec/zipper/test/split_teeth/017.png
mvtec,zipper,test,anomaly,squeezed_teeth,test/anomaly/squeezed_teeth_000.png,test/masks/squeezed_teeth_000.png,data/datasets/mvtec/zipper/test/squeezed_teeth/000.png
mvtec,zipper,test,anomaly,squeezed_teeth,test/anomaly/squeezed_teeth_003.png,test/masks/squeezed_teeth_003.png,data/datasets/mvtec/zipper/test/squeezed_teeth/003.png
mvtec,zipper,test,anomaly,squeezed_teeth,test/anomaly/squeezed_teeth_004.png,test/masks/squeezed_teeth_004.png,data/datasets/mvtec/zipper/test/squeezed_teeth/004.png
mvtec,zipper,test,anomaly,squeezed_teeth,test/anomaly/squeezed_teeth_006.png,test/masks/squeezed_teeth_006.png,data/datasets/mvtec/zipper/test/squeezed_teeth/006.png
mvtec,zipper,test,anomaly,squeezed_teeth,test/anomaly/squeezed_teeth_007.png,test/masks/squeezed_teeth_007.png,data/datasets/mvtec/zipper/test/squeezed_teeth/007.png
mvtec,zipper,test,anomaly,squeezed_teeth,test/anomaly/squeezed_teeth_008.png,test/masks/squeezed_teeth_008.png,data/datasets/mvtec/zipper/test/squeezed_teeth/008.png
mvtec,zipper,test,anomaly,squeezed_teeth,test/anomaly/squeezed_teeth_009.png,test/masks/squeezed_teeth_009.png,data/datasets/mvtec/zipper/test/squeezed_teeth/009.png
mvtec,zipper,test,anomaly,squeezed_teeth,test/anomaly/squeezed_teeth_011.png,test/masks/squeezed_teeth_011.png,data/datasets/mvtec/zipper/test/squeezed_teeth/011.png
mvtec,zipper,test,anomaly,squeezed_teeth,test/anomaly/squeezed_teeth_012.png,test/masks/squeezed_teeth_012.png,data/datasets/mvtec/zipper/test/squeezed_teeth/012.png
mvtec,zipper,test,anomaly,squeezed_teeth,test/anomaly/squeezed_teeth_013.png,test/masks/squeezed_teeth_013.png,data/datasets/mvtec/zipper/test/squeezed_teeth/013.png
mvtec,zipper,test,anomaly,squeezed_teeth,test/anomaly/squeezed_teeth_014.png,test/masks/squeezed_teeth_014.png,data/datasets/mvtec/zipper/test/squeezed_teeth/014.png
mvtec,zipper,test,anomaly,squeezed_teeth,test/anomaly/squeezed_teeth_015.png,test/masks/squeezed_teeth_015.png,data/datasets/mvtec/zipper/test/squeezed_teeth/015.png
visa,candle,train,normal,,train/good/0852.JPG,,data/datasets/visa/candle/Data/Images/Normal/0852.JPG
visa,candle,train,normal,,train/good/0836.JPG,,data/datasets/visa/candle/Data/Images/Normal/0836.JPG
visa,candle,train,normal,,train/good/0280.JPG,,data/datasets/visa/candle/Data/Images/Normal/0280.JPG
visa,candle,train,normal,,train/good/0575.JPG,,data/datasets/visa/candle/Data/Images/Normal/0575.JPG
visa,candle,train,normal,,train/good/0208.JPG,,data/datasets/visa/candle/Data/Images/Normal/0208.JPG
visa,candle,train,normal,,train/good/0609.JPG,,data/datasets/visa/candle/Data/Images/Normal/0609.JPG
visa,candle,train,normal,,train/good/0932.JPG,,data/datasets/visa/candle/Data/Images/Normal/0932.JPG
visa,candle,train,normal,,train/good/0725.JPG,,data/datasets/visa/candle/Data/Images/Normal/0725.JPG
visa,candle,train,normal,,train/good/0047.JPG,,data/datasets/visa/candle/Data/Images/Normal/0047.JPG
visa,candle,train,normal,,train/good/0985.JPG,,data/datasets/visa/candle/Data/Images/Normal/0985.JPG
visa,candle,train,normal,,train/good/0337.JPG,,data/datasets/visa/candle/Data/Images/Normal/0337.JPG
visa,candle,train,normal,,train/good/0581.JPG,,data/datasets/visa/candle/Data/Images/Normal/0581.JPG
visa,candle,train,normal,,train/good/0155.JPG,,data/datasets/visa/candle/Data/Images/Normal/0155.JPG
visa,candle,train,normal,,train/good/0692.JPG,,data/datasets/visa/candle/Data/Images/Normal/0692.JPG
visa,candle,train,normal,,train/good/0862.JPG,,data/datasets/visa/candle/Data/Images/Normal/0862.JPG
visa,candle,train,normal,,train/good/0790.JPG,,data/datasets/visa/candle/Data/Images/Normal/0790.JPG
visa,candle,train,normal,,train/good/0572.JPG,,data/datasets/visa/candle/Data/Images/Normal/0572.JPG
visa,candle,train,normal,,train/good/0241.JPG,,data/datasets/visa/candle/Data/Images/Normal/0241.JPG
visa,candle,train,normal,,train/good/0992.JPG,,data/datasets/visa/candle/Data/Images/Normal/0992.JPG
visa,candle,train,normal,,train/good/0788.JPG,,data/datasets/visa/candle/Data/Images/Normal/0788.JPG
visa,candle,train,normal,,train/good/0980.JPG,,data/datasets/visa/candle/Data/Images/Normal/0980.JPG
visa,candle,train,normal,,train/good/0498.JPG,,data/datasets/visa/candle/Data/Images/Normal/0498.JPG
visa,candle,train,normal,,train/good/0107.JPG,,data/datasets/visa/candle/Data/Images/Normal/0107.JPG
visa,candle,train,normal,,train/good/0767.JPG,,data/datasets/visa/candle/Data/Images/Normal/0767.JPG
visa,candle,train,normal,,train/good/0839.JPG,,data/datasets/visa/candle/Data/Images/Normal/0839.JPG
visa,candle,train,normal,,train/good/0931.JPG,,data/datasets/visa/candle/Data/Images/Normal/0931.JPG
visa,candle,train,normal,,train/good/0300.JPG,,data/datasets/visa/candle/Data/Images/Normal/0300.JPG
visa,candle,train,normal,,train/good/0386.JPG,,data/datasets/visa/candle/Data/Images/Normal/0386.JPG
visa,candle,train,normal,,train/good/0490.JPG,,data/datasets/visa/candle/Data/Images/Normal/0490.JPG
visa,candle,train,normal,,train/good/0918.JPG,,data/datasets/visa/candle/Data/Images/Normal/0918.JPG
visa,candle,train,normal,,train/good/0049.JPG,,data/datasets/visa/candle/Data/Images/Normal/0049.JPG
visa,candle,train,normal,,train/good/0216.JPG,,data/datasets/visa/candle/Data/Images/Normal/0216.JPG
visa,candle,train,normal,,train/good/0887.JPG,,data/datasets/visa/candle/Data/Images/Normal/0887.JPG
visa,candle,train,normal,,train/good/0073.JPG,,data/datasets/visa/candle/Data/Images/Normal/0073.JPG
visa,candle,train,normal,,train/good/0125.JPG,,data/datasets/visa/candle/Data/Images/Normal/0125.JPG
visa,candle,train,normal,,train/good/0565.JPG,,data/datasets/visa/candle/Data/Images/Normal/0565.JPG
visa,candle,train,normal,,train/good/0262.JPG,,data/datasets/visa/candle/Data/Images/Normal/0262.JPG
visa,candle,train,normal,,train/good/0717.JPG,,data/datasets/visa/candle/Data/Images/Normal/0717.JPG
visa,candle,train,normal,,train/good/0596.JPG,,data/datasets/visa/candle/Data/Images/Normal/0596.JPG
visa,candle,train,normal,,train/good/0669.JPG,,data/datasets/visa/candle/Data/Images/Normal/0669.JPG
visa,candle,train,normal,,train/good/0309.JPG,,data/datasets/visa/candle/Data/Images/Normal/0309.JPG
visa,candle,train,normal,,train/good/0803.JPG,,data/datasets/visa/candle/Data/Images/Normal/0803.JPG
visa,candle,train,normal,,train/good/0877.JPG,,data/datasets/visa/candle/Data/Images/Normal/0877.JPG
visa,candle,train,normal,,train/good/0848.JPG,,data/datasets/visa/candle/Data/Images/Normal/0848.JPG
visa,candle,train,normal,,train/good/0580.JPG,,data/datasets/visa/candle/Data/Images/Normal/0580.JPG
visa,candle,train,normal,,train/good/0864.JPG,,data/datasets/visa/candle/Data/Images/Normal/0864.JPG
visa,candle,train,normal,,train/good/0447.JPG,,data/datasets/visa/candle/Data/Images/Normal/0447.JPG
visa,candle,train,normal,,train/good/0484.JPG,,data/datasets/visa/candle/Data/Images/Normal/0484.JPG
visa,candle,train,normal,,train/good/0418.JPG,,data/datasets/visa/candle/Data/Images/Normal/0418.JPG
visa,candle,train,normal,,train/good/0147.JPG,,data/datasets/visa/candle/Data/Images/Normal/0147.JPG
visa,candle,train,normal,,train/good/0556.JPG,,data/datasets/visa/candle/Data/Images/Normal/0556.JPG
visa,candle,train,normal,,train/good/0323.JPG,,data/datasets/visa/candle/Data/Images/Normal/0323.JPG
visa,candle,train,normal,,train/good/0037.JPG,,data/datasets/visa/candle/Data/Images/Normal/0037.JPG
visa,candle,train,normal,,train/good/0586.JPG,,data/datasets/visa/candle/Data/Images/Normal/0586.JPG
visa,candle,train,normal,,train/good/0438.JPG,,data/datasets/visa/candle/Data/Images/Normal/0438.JPG
visa,candle,train,normal,,train/good/0409.JPG,,data/datasets/visa/candle/Data/Images/Normal/0409.JPG
visa,candle,train,normal,,train/good/0052.JPG,,data/datasets/visa/candle/Data/Images/Normal/0052.JPG
visa,candle,train,normal,,train/good/0599.JPG,,data/datasets/visa/candle/Data/Images/Normal/0599.JPG
visa,candle,train,normal,,train/good/0687.JPG,,data/datasets/visa/candle/Data/Images/Normal/0687.JPG
visa,candle,train,normal,,train/good/0879.JPG,,data/datasets/visa/candle/Data/Images/Normal/0879.JPG
visa,candle,train,normal,,train/good/0716.JPG,,data/datasets/visa/candle/Data/Images/Normal/0716.JPG
visa,candle,train,normal,,train/good/0243.JPG,,data/datasets/visa/candle/Data/Images/Normal/0243.JPG
visa,candle,train,normal,,train/good/0131.JPG,,data/datasets/visa/candle/Data/Images/Normal/0131.JPG
visa,candle,train,normal,,train/good/0562.JPG,,data/datasets/visa/candle/Data/Images/Normal/0562.JPG
visa,candle,train,normal,,train/good/0219.JPG,,data/datasets/visa/candle/Data/Images/Normal/0219.JPG
visa,candle,train,normal,,train/good/0095.JPG,,data/datasets/visa/candle/Data/Images/Normal/0095.JPG
visa,candle,train,normal,,train/good/0808.JPG,,data/datasets/visa/candle/Data/Images/Normal/0808.JPG
visa,candle,train,normal,,train/good/0082.JPG,,data/datasets/visa/candle/Data/Images/Normal/0082.JPG
visa,candle,train,normal,,train/good/0696.JPG,,data/datasets/visa/candle/Data/Images/Normal/0696.JPG
visa,candle,train,normal,,train/good/0306.JPG,,data/datasets/visa/candle/Data/Images/Normal/0306.JPG
visa,candle,train,normal,,train/good/0956.JPG,,data/datasets/visa/candle/Data/Images/Normal/0956.JPG
visa,candle,train,normal,,train/good/0144.JPG,,data/datasets/visa/candle/Data/Images/Normal/0144.JPG
visa,candle,train,normal,,train/good/0999.JPG,,data/datasets/visa/candle/Data/Images/Normal/0999.JPG
visa,candle,train,normal,,train/good/0415.JPG,,data/datasets/visa/candle/Data/Images/Normal/0415.JPG
visa,candle,train,normal,,train/good/0548.JPG,,data/datasets/visa/candle/Data/Images/Normal/0548.JPG
visa,candle,train,normal,,train/good/0004.JPG,,data/datasets/visa/candle/Data/Images/Normal/0004.JPG
visa,candle,train,normal,,train/good/0704.JPG,,data/datasets/visa/candle/Data/Images/Normal/0704.JPG
visa,candle,train,normal,,train/good/0707.JPG,,data/datasets/visa/candle/Data/Images/Normal/0707.JPG
visa,candle,train,normal,,train/good/0143.JPG,,data/datasets/visa/candle/Data/Images/Normal/0143.JPG
visa,candle,train,normal,,train/good/0269.JPG,,data/datasets/visa/candle/Data/Images/Normal/0269.JPG
visa,candle,train,normal,,train/good/0926.JPG,,data/datasets/visa/candle/Data/Images/Normal/0926.JPG
visa,candle,train,normal,,train/good/0479.JPG,,data/datasets/visa/candle/Data/Images/Normal/0479.JPG
visa,candle,train,normal,,train/good/0284.JPG,,data/datasets/visa/candle/Data/Images/Normal/0284.JPG
visa,candle,train,normal,,train/good/0889.JPG,,data/datasets/visa/candle/Data/Images/Normal/0889.JPG
visa,candle,train,normal,,train/good/0951.JPG,,data/datasets/visa/candle/Data/Images/Normal/0951.JPG
visa,candle,train,normal,,train/good/0294.JPG,,data/datasets/visa/candle/Data/Images/Normal/0294.JPG
visa,candle,train,normal,,train/good/0950.JPG,,data/datasets/visa/candle/Data/Images/Normal/0950.JPG
visa,candle,train,normal,,train/good/0013.JPG,,data/datasets/visa/candle/Data/Images/Normal/0013.JPG
visa,candle,train,normal,,train/good/0705.JPG,,data/datasets/visa/candle/Data/Images/Normal/0705.JPG
visa,candle,train,normal,,train/good/0515.JPG,,data/datasets/visa/candle/Data/Images/Normal/0515.JPG
visa,candle,train,normal,,train/good/0751.JPG,,data/datasets/visa/candle/Data/Images/Normal/0751.JPG
visa,candle,train,normal,,train/good/0356.JPG,,data/datasets/visa/candle/Data/Images/Normal/0356.JPG
visa,candle,train,normal,,train/good/0121.JPG,,data/datasets/visa/candle/Data/Images/Normal/0121.JPG
visa,candle,train,normal,,train/good/0621.JPG,,data/datasets/visa/candle/Data/Images/Normal/0621.JPG
visa,candle,train,normal,,train/good/0909.JPG,,data/datasets/visa/candle/Data/Images/Normal/0909.JPG
visa,candle,train,normal,,train/good/0895.JPG,,data/datasets/visa/candle/Data/Images/Normal/0895.JPG
visa,candle,train,normal,,train/good/0983.JPG,,data/datasets/visa/candle/Data/Images/Normal/0983.JPG
visa,candle,train,normal,,train/good/0472.JPG,,data/datasets/visa/candle/Data/Images/Normal/0472.JPG
visa,candle,train,normal,,train/good/0477.JPG,,data/datasets/visa/candle/Data/Images/Normal/0477.JPG
visa,candle,train,normal,,train/good/0863.JPG,,data/datasets/visa/candle/Data/Images/Normal/0863.JPG
visa,candle,train,normal,,train/good/0955.JPG,,data/datasets/visa/candle/Data/Images/Normal/0955.JPG
visa,candle,train,normal,,train/good/0295.JPG,,data/datasets/visa/candle/Data/Images/Normal/0295.JPG
visa,candle,train,normal,,train/good/0729.JPG,,data/datasets/visa/candle/Data/Images/Normal/0729.JPG
visa,candle,train,normal,,train/good/0378.JPG,,data/datasets/visa/candle/Data/Images/Normal/0378.JPG
visa,candle,train,normal,,train/good/0641.JPG,,data/datasets/visa/candle/Data/Images/Normal/0641.JPG
visa,candle,train,normal,,train/good/0753.JPG,,data/datasets/visa/candle/Data/Images/Normal/0753.JPG
visa,candle,train,normal,,train/good/0058.JPG,,data/datasets/visa/candle/Data/Images/Normal/0058.JPG
visa,candle,train,normal,,train/good/0798.JPG,,data/datasets/visa/candle/Data/Images/Normal/0798.JPG
visa,candle,train,normal,,train/good/0371.JPG,,data/datasets/visa/candle/Data/Images/Normal/0371.JPG
visa,candle,train,normal,,train/good/0271.JPG,,data/datasets/visa/candle/Data/Images/Normal/0271.JPG
visa,candle,train,normal,,train/good/0974.JPG,,data/datasets/visa/candle/Data/Images/Normal/0974.JPG
visa,candle,train,normal,,train/good/0169.JPG,,data/datasets/visa/candle/Data/Images/Normal/0169.JPG
visa,candle,train,normal,,train/good/0239.JPG,,data/datasets/visa/candle/Data/Images/Normal/0239.JPG
visa,candle,train,normal,,train/good/0207.JPG,,data/datasets/visa/candle/Data/Images/Normal/0207.JPG
visa,candle,train,normal,,train/good/0358.JPG,,data/datasets/visa/candle/Data/Images/Normal/0358.JPG
visa,candle,train,normal,,train/good/0874.JPG,,data/datasets/visa/candle/Data/Images/Normal/0874.JPG
visa,candle,train,normal,,train/good/0600.JPG,,data/datasets/visa/candle/Data/Images/Normal/0600.JPG
visa,candle,train,normal,,train/good/0509.JPG,,data/datasets/visa/candle/Data/Images/Normal/0509.JPG
visa,candle,train,normal,,train/good/0434.JPG,,data/datasets/visa/candle/Data/Images/Normal/0434.JPG
visa,candle,train,normal,,train/good/0585.JPG,,data/datasets/visa/candle/Data/Images/Normal/0585.JPG
visa,candle,train,normal,,train/good/0034.JPG,,data/datasets/visa/candle/Data/Images/Normal/0034.JPG
visa,candle,train,normal,,train/good/0634.JPG,,data/datasets/visa/candle/Data/Images/Normal/0634.JPG
visa,candle,train,normal,,train/good/0433.JPG,,data/datasets/visa/candle/Data/Images/Normal/0433.JPG
visa,candle,train,normal,,train/good/0311.JPG,,data/datasets/visa/candle/Data/Images/Normal/0311.JPG
visa,candle,train,normal,,train/good/0701.JPG,,data/datasets/visa/candle/Data/Images/Normal/0701.JPG
visa,candle,train,normal,,train/good/0475.JPG,,data/datasets/visa/candle/Data/Images/Normal/0475.JPG
visa,candle,train,normal,,train/good/0331.JPG,,data/datasets/visa/candle/Data/Images/Normal/0331.JPG
visa,candle,train,normal,,train/good/0473.JPG,,data/datasets/visa/candle/Data/Images/Normal/0473.JPG
visa,candle,train,normal,,train/good/0615.JPG,,data/datasets/visa/candle/Data/Images/Normal/0615.JPG
visa,candle,train,normal,,train/good/0007.JPG,,data/datasets/visa/candle/Data/Images/Normal/0007.JPG
visa,candle,train,normal,,train/good/0421.JPG,,data/datasets/visa/candle/Data/Images/Normal/0421.JPG
visa,candle,train,normal,,train/good/0266.JPG,,data/datasets/visa/candle/Data/Images/Normal/0266.JPG
visa,candle,train,normal,,train/good/0056.JPG,,data/datasets/visa/candle/Data/Images/Normal/0056.JPG
visa,candle,train,normal,,train/good/0384.JPG,,data/datasets/visa/candle/Data/Images/Normal/0384.JPG
visa,candle,train,normal,,train/good/0183.JPG,,data/datasets/visa/candle/Data/Images/Normal/0183.JPG
visa,candle,train,normal,,train/good/0391.JPG,,data/datasets/visa/candle/Data/Images/Normal/0391.JPG
visa,candle,train,normal,,train/good/0871.JPG,,data/datasets/visa/candle/Data/Images/Normal/0871.JPG
visa,candle,train,normal,,train/good/0200.JPG,,data/datasets/visa/candle/Data/Images/Normal/0200.JPG
visa,candle,train,normal,,train/good/0100.JPG,,data/datasets/visa/candle/Data/Images/Normal/0100.JPG
visa,candle,train,normal,,train/good/0059.JPG,,data/datasets/visa/candle/Data/Images/Normal/0059.JPG
visa,candle,train,normal,,train/good/0494.JPG,,data/datasets/visa/candle/Data/Images/Normal/0494.JPG
visa,candle,train,normal,,train/good/0894.JPG,,data/datasets/visa/candle/Data/Images/Normal/0894.JPG
visa,candle,train,normal,,train/good/0146.JPG,,data/datasets/visa/candle/Data/Images/Normal/0146.JPG
visa,candle,train,normal,,train/good/0685.JPG,,data/datasets/visa/candle/Data/Images/Normal/0685.JPG
visa,candle,train,normal,,train/good/0396.JPG,,data/datasets/visa/candle/Data/Images/Normal/0396.JPG
visa,candle,train,normal,,train/good/0893.JPG,,data/datasets/visa/candle/Data/Images/Normal/0893.JPG
visa,candle,train,normal,,train/good/0316.JPG,,data/datasets/visa/candle/Data/Images/Normal/0316.JPG
visa,candle,train,normal,,train/good/0176.JPG,,data/datasets/visa/candle/Data/Images/Normal/0176.JPG
visa,candle,train,normal,,train/good/0180.JPG,,data/datasets/visa/candle/Data/Images/Normal/0180.JPG
visa,candle,train,normal,,train/good/0834.JPG,,data/datasets/visa/candle/Data/Images/Normal/0834.JPG
visa,candle,train,normal,,train/good/0766.JPG,,data/datasets/visa/candle/Data/Images/Normal/0766.JPG
visa,candle,train,normal,,train/good/0019.JPG,,data/datasets/visa/candle/Data/Images/Normal/0019.JPG
visa,candle,train,normal,,train/good/0806.JPG,,data/datasets/visa/candle/Data/Images/Normal/0806.JPG
visa,candle,train,normal,,train/good/0068.JPG,,data/datasets/visa/candle/Data/Images/Normal/0068.JPG
visa,candle,train,normal,,train/good/0795.JPG,,data/datasets/visa/candle/Data/Images/Normal/0795.JPG
visa,candle,train,normal,,train/good/0453.JPG,,data/datasets/visa/candle/Data/Images/Normal/0453.JPG
visa,candle,train,normal,,train/good/0231.JPG,,data/datasets/visa/candle/Data/Images/Normal/0231.JPG
visa,candle,train,normal,,train/good/0616.JPG,,data/datasets/visa/candle/Data/Images/Normal/0616.JPG
visa,candle,train,normal,,train/good/0053.JPG,,data/datasets/visa/candle/Data/Images/Normal/0053.JPG
visa,candle,train,normal,,train/good/0246.JPG,,data/datasets/visa/candle/Data/Images/Normal/0246.JPG
visa,candle,train,normal,,train/good/0913.JPG,,data/datasets/visa/candle/Data/Images/Normal/0913.JPG
visa,candle,train,normal,,train/good/0709.JPG,,data/datasets/visa/candle/Data/Images/Normal/0709.JPG
visa,candle,train,normal,,train/good/0814.JPG,,data/datasets/visa/candle/Data/Images/Normal/0814.JPG
visa,candle,train,normal,,train/good/0023.JPG,,data/datasets/visa/candle/Data/Images/Normal/0023.JPG
visa,candle,train,normal,,train/good/0336.JPG,,data/datasets/visa/candle/Data/Images/Normal/0336.JPG
visa,candle,train,normal,,train/good/0570.JPG,,data/datasets/visa/candle/Data/Images/Normal/0570.JPG
visa,candle,train,normal,,train/good/0811.JPG,,data/datasets/visa/candle/Data/Images/Normal/0811.JPG
visa,candle,train,normal,,train/good/0481.JPG,,data/datasets/visa/candle/Data/Images/Normal/0481.JPG
visa,candle,train,normal,,train/good/0113.JPG,,data/datasets/visa/candle/Data/Images/Normal/0113.JPG
visa,candle,train,normal,,train/good/0168.JPG,,data/datasets/visa/candle/Data/Images/Normal/0168.JPG
visa,candle,train,normal,,train/good/0762.JPG,,data/datasets/visa/candle/Data/Images/Normal/0762.JPG
visa,candle,train,normal,,train/good/0362.JPG,,data/datasets/visa/candle/Data/Images/Normal/0362.JPG
visa,candle,train,normal,,train/good/0697.JPG,,data/datasets/visa/candle/Data/Images/Normal/0697.JPG
visa,candle,train,normal,,train/good/0730.JPG,,data/datasets/visa/candle/Data/Images/Normal/0730.JPG
visa,candle,train,normal,,train/good/0543.JPG,,data/datasets/visa/candle/Data/Images/Normal/0543.JPG
visa,candle,train,normal,,train/good/0025.JPG,,data/datasets/visa/candle/Data/Images/Normal/0025.JPG
visa,candle,train,normal,,train/good/0289.JPG,,data/datasets/visa/candle/Data/Images/Normal/0289.JPG
visa,candle,train,normal,,train/good/0197.JPG,,data/datasets/visa/candle/Data/Images/Normal/0197.JPG
visa,candle,train,normal,,train/good/0011.JPG,,data/datasets/visa/candle/Data/Images/Normal/0011.JPG
visa,candle,train,normal,,train/good/0988.JPG,,data/datasets/visa/candle/Data/Images/Normal/0988.JPG
visa,candle,train,normal,,train/good/0628.JPG,,data/datasets/visa/candle/Data/Images/Normal/0628.JPG
visa,candle,train,normal,,train/good/0233.JPG,,data/datasets/visa/candle/Data/Images/Normal/0233.JPG
visa,candle,train,normal,,train/good/0734.JPG,,data/datasets/visa/candle/Data/Images/Normal/0734.JPG
visa,candle,train,normal,,train/good/0655.JPG,,data/datasets/visa/candle/Data/Images/Normal/0655.JPG
visa,candle,train,normal,,train/good/0242.JPG,,data/datasets/visa/candle/Data/Images/Normal/0242.JPG
visa,candle,train,normal,,train/good/0276.JPG,,data/datasets/visa/candle/Data/Images/Normal/0276.JPG
visa,candle,train,normal,,train/good/0077.JPG,,data/datasets/visa/candle/Data/Images/Normal/0077.JPG
visa,candle,train,normal,,train/good/0916.JPG,,data/datasets/visa/candle/Data/Images/Normal/0916.JPG
visa,candle,train,normal,,train/good/0698.JPG,,data/datasets/visa/candle/Data/Images/Normal/0698.JPG
visa,candle,train,normal,,train/good/0444.JPG,,data/datasets/visa/candle/Data/Images/Normal/0444.JPG
visa,candle,train,normal,,train/good/0594.JPG,,data/datasets/visa/candle/Data/Images/Normal/0594.JPG
visa,candle,train,normal,,train/good/0067.JPG,,data/datasets/visa/candle/Data/Images/Normal/0067.JPG
visa,candle,train,normal,,train/good/0089.JPG,,data/datasets/visa/candle/Data/Images/Normal/0089.JPG
visa,candle,train,normal,,train/good/0393.JPG,,data/datasets/visa/candle/Data/Images/Normal/0393.JPG
visa,candle,train,normal,,train/good/0154.JPG,,data/datasets/visa/candle/Data/Images/Normal/0154.JPG
visa,candle,train,normal,,train/good/0673.JPG,,data/datasets/visa/candle/Data/Images/Normal/0673.JPG
visa,candle,train,normal,,train/good/0417.JPG,,data/datasets/visa/candle/Data/Images/Normal/0417.JPG
visa,candle,train,normal,,train/good/0299.JPG,,data/datasets/visa/candle/Data/Images/Normal/0299.JPG
visa,candle,train,normal,,train/good/0726.JPG,,data/datasets/visa/candle/Data/Images/Normal/0726.JPG
visa,candle,train,normal,,train/good/0199.JPG,,data/datasets/visa/candle/Data/Images/Normal/0199.JPG
visa,candle,train,normal,,train/good/0510.JPG,,data/datasets/visa/candle/Data/Images/Normal/0510.JPG
visa,candle,train,normal,,train/good/0039.JPG,,data/datasets/visa/candle/Data/Images/Normal/0039.JPG
visa,candle,train,normal,,train/good/0206.JPG,,data/datasets/visa/candle/Data/Images/Normal/0206.JPG
visa,candle,train,normal,,train/good/0530.JPG,,data/datasets/visa/candle/Data/Images/Normal/0530.JPG
visa,candle,train,normal,,train/good/0943.JPG,,data/datasets/visa/candle/Data/Images/Normal/0943.JPG
visa,candle,train,normal,,train/good/0446.JPG,,data/datasets/visa/candle/Data/Images/Normal/0446.JPG
visa,candle,train,normal,,train/good/0482.JPG,,data/datasets/visa/candle/Data/Images/Normal/0482.JPG
visa,candle,train,normal,,train/good/0525.JPG,,data/datasets/visa/candle/Data/Images/Normal/0525.JPG
visa,candle,train,normal,,train/good/0768.JPG,,data/datasets/visa/candle/Data/Images/Normal/0768.JPG
visa,candle,train,normal,,train/good/0635.JPG,,data/datasets/visa/candle/Data/Images/Normal/0635.JPG
visa,candle,train,normal,,train/good/0267.JPG,,data/datasets/visa/candle/Data/Images/Normal/0267.JPG
visa,candle,train,normal,,train/good/0370.JPG,,data/datasets/visa/candle/Data/Images/Normal/0370.JPG
visa,candle,train,normal,,train/good/0915.JPG,,data/datasets/visa/candle/Data/Images/Normal/0915.JPG
visa,candle,train,normal,,train/good/0678.JPG,,data/datasets/visa/candle/Data/Images/Normal/0678.JPG
visa,candle,train,normal,,train/good/0837.JPG,,data/datasets/visa/candle/Data/Images/Normal/0837.JPG
visa,candle,train,normal,,train/good/0967.JPG,,data/datasets/visa/candle/Data/Images/Normal/0967.JPG
visa,candle,train,normal,,train/good/0559.JPG,,data/datasets/visa/candle/Data/Images/Normal/0559.JPG
visa,candle,train,normal,,train/good/0842.JPG,,data/datasets/visa/candle/Data/Images/Normal/0842.JPG
visa,candle,train,normal,,train/good/0568.JPG,,data/datasets/visa/candle/Data/Images/Normal/0568.JPG
visa,candle,train,normal,,train/good/0293.JPG,,data/datasets/visa/candle/Data/Images/Normal/0293.JPG
visa,candle,train,normal,,train/good/0878.JPG,,data/datasets/visa/candle/Data/Images/Normal/0878.JPG
visa,candle,train,normal,,train/good/0109.JPG,,data/datasets/visa/candle/Data/Images/Normal/0109.JPG
visa,candle,train,normal,,train/good/0148.JPG,,data/datasets/visa/candle/Data/Images/Normal/0148.JPG
visa,candle,train,normal,,train/good/0099.JPG,,data/datasets/visa/candle/Data/Images/Normal/0099.JPG
visa,candle,train,normal,,train/good/0381.JPG,,data/datasets/visa/candle/Data/Images/Normal/0381.JPG
visa,candle,train,normal,,train/good/0345.JPG,,data/datasets/visa/candle/Data/Images/Normal/0345.JPG
visa,candle,train,normal,,train/good/0134.JPG,,data/datasets/visa/candle/Data/Images/Normal/0134.JPG
visa,candle,train,normal,,train/good/0544.JPG,,data/datasets/visa/candle/Data/Images/Normal/0544.JPG
visa,candle,train,normal,,train/good/0244.JPG,,data/datasets/visa/candle/Data/Images/Normal/0244.JPG
visa,candle,train,normal,,train/good/0135.JPG,,data/datasets/visa/candle/Data/Images/Normal/0135.JPG
visa,candle,train,normal,,train/good/0590.JPG,,data/datasets/visa/candle/Data/Images/Normal/0590.JPG
visa,candle,train,normal,,train/good/0158.JPG,,data/datasets/visa/candle/Data/Images/Normal/0158.JPG
visa,candle,train,normal,,train/good/0459.JPG,,data/datasets/visa/candle/Data/Images/Normal/0459.JPG
visa,candle,train,normal,,train/good/0368.JPG,,data/datasets/visa/candle/Data/Images/Normal/0368.JPG
visa,candle,train,normal,,train/good/0838.JPG,,data/datasets/visa/candle/Data/Images/Normal/0838.JPG
visa,candle,train,normal,,train/good/0884.JPG,,data/datasets/visa/candle/Data/Images/Normal/0884.JPG
visa,candle,train,normal,,train/good/0366.JPG,,data/datasets/visa/candle/Data/Images/Normal/0366.JPG
visa,candle,train,normal,,train/good/0405.JPG,,data/datasets/visa/candle/Data/Images/Normal/0405.JPG
visa,candle,train,normal,,train/good/0946.JPG,,data/datasets/visa/candle/Data/Images/Normal/0946.JPG
visa,candle,train,normal,,train/good/0425.JPG,,data/datasets/visa/candle/Data/Images/Normal/0425.JPG
visa,candle,train,normal,,train/good/0927.JPG,,data/datasets/visa/candle/Data/Images/Normal/0927.JPG
visa,candle,train,normal,,train/good/0911.JPG,,data/datasets/visa/candle/Data/Images/Normal/0911.JPG
visa,candle,train,normal,,train/good/0865.JPG,,data/datasets/visa/candle/Data/Images/Normal/0865.JPG
visa,candle,train,normal,,train/good/0941.JPG,,data/datasets/visa/candle/Data/Images/Normal/0941.JPG
visa,candle,train,normal,,train/good/0050.JPG,,data/datasets/visa/candle/Data/Images/Normal/0050.JPG
visa,candle,train,normal,,train/good/0343.JPG,,data/datasets/visa/candle/Data/Images/Normal/0343.JPG
visa,candle,train,normal,,train/good/0186.JPG,,data/datasets/visa/candle/Data/Images/Normal/0186.JPG
visa,candle,train,normal,,train/good/0815.JPG,,data/datasets/visa/candle/Data/Images/Normal/0815.JPG
visa,candle,train,normal,,train/good/0784.JPG,,data/datasets/visa/candle/Data/Images/Normal/0784.JPG
visa,candle,train,normal,,train/good/0529.JPG,,data/datasets/visa/candle/Data/Images/Normal/0529.JPG
visa,candle,train,normal,,train/good/0184.JPG,,data/datasets/visa/candle/Data/Images/Normal/0184.JPG
visa,candle,train,normal,,train/good/0642.JPG,,data/datasets/visa/candle/Data/Images/Normal/0642.JPG
visa,candle,train,normal,,train/good/0478.JPG,,data/datasets/visa/candle/Data/Images/Normal/0478.JPG
visa,candle,train,normal,,train/good/0338.JPG,,data/datasets/visa/candle/Data/Images/Normal/0338.JPG
visa,candle,train,normal,,train/good/0254.JPG,,data/datasets/visa/candle/Data/Images/Normal/0254.JPG
visa,candle,train,normal,,train/good/0817.JPG,,data/datasets/visa/candle/Data/Images/Normal/0817.JPG
visa,candle,train,normal,,train/good/0285.JPG,,data/datasets/visa/candle/Data/Images/Normal/0285.JPG
visa,candle,train,normal,,train/good/0677.JPG,,data/datasets/visa/candle/Data/Images/Normal/0677.JPG
visa,candle,train,normal,,train/good/0777.JPG,,data/datasets/visa/candle/Data/Images/Normal/0777.JPG
visa,candle,train,normal,,train/good/0829.JPG,,data/datasets/visa/candle/Data/Images/Normal/0829.JPG
visa,candle,train,normal,,train/good/0550.JPG,,data/datasets/visa/candle/Data/Images/Normal/0550.JPG
visa,candle,train,normal,,train/good/0875.JPG,,data/datasets/visa/candle/Data/Images/Normal/0875.JPG
visa,candle,train,normal,,train/good/0824.JPG,,data/datasets/visa/candle/Data/Images/Normal/0824.JPG
visa,candle,train,normal,,train/good/0982.JPG,,data/datasets/visa/candle/Data/Images/Normal/0982.JPG
visa,candle,train,normal,,train/good/0179.JPG,,data/datasets/visa/candle/Data/Images/Normal/0179.JPG
visa,candle,train,normal,,train/good/0749.JPG,,data/datasets/visa/candle/Data/Images/Normal/0749.JPG
visa,candle,train,normal,,train/good/0226.JPG,,data/datasets/visa/candle/Data/Images/Normal/0226.JPG
visa,candle,train,normal,,train/good/0928.JPG,,data/datasets/visa/candle/Data/Images/Normal/0928.JPG
visa,candle,train,normal,,train/good/0000.JPG,,data/datasets/visa/candle/Data/Images/Normal/0000.JPG
visa,candle,train,normal,,train/good/0633.JPG,,data/datasets/visa/candle/Data/Images/Normal/0633.JPG
visa,candle,train,normal,,train/good/0357.JPG,,data/datasets/visa/candle/Data/Images/Normal/0357.JPG
visa,candle,train,normal,,train/good/0257.JPG,,data/datasets/visa/candle/Data/Images/Normal/0257.JPG
visa,candle,train,normal,,train/good/0223.JPG,,data/datasets/visa/candle/Data/Images/Normal/0223.JPG
visa,candle,train,normal,,train/good/0493.JPG,,data/datasets/visa/candle/Data/Images/Normal/0493.JPG
visa,candle,train,normal,,train/good/0537.JPG,,data/datasets/visa/candle/Data/Images/Normal/0537.JPG
visa,candle,train,normal,,train/good/0410.JPG,,data/datasets/visa/candle/Data/Images/Normal/0410.JPG
visa,candle,train,normal,,train/good/0695.JPG,,data/datasets/visa/candle/Data/Images/Normal/0695.JPG
visa,candle,train,normal,,train/good/0069.JPG,,data/datasets/visa/candle/Data/Images/Normal/0069.JPG
visa,candle,train,normal,,train/good/0972.JPG,,data/datasets/visa/candle/Data/Images/Normal/0972.JPG
visa,candle,train,normal,,train/good/0906.JPG,,data/datasets/visa/candle/Data/Images/Normal/0906.JPG
visa,candle,train,normal,,train/good/0006.JPG,,data/datasets/visa/candle/Data/Images/Normal/0006.JPG
visa,candle,train,normal,,train/good/0660.JPG,,data/datasets/visa/candle/Data/Images/Normal/0660.JPG
visa,candle,train,normal,,train/good/0666.JPG,,data/datasets/visa/candle/Data/Images/Normal/0666.JPG
visa,candle,train,normal,,train/good/0055.JPG,,data/datasets/visa/candle/Data/Images/Normal/0055.JPG
visa,candle,train,normal,,train/good/0700.JPG,,data/datasets/visa/candle/Data/Images/Normal/0700.JPG
visa,candle,train,normal,,train/good/0380.JPG,,data/datasets/visa/candle/Data/Images/Normal/0380.JPG
visa,candle,train,normal,,train/good/0350.JPG,,data/datasets/visa/candle/Data/Images/Normal/0350.JPG
visa,candle,train,normal,,train/good/0631.JPG,,data/datasets/visa/candle/Data/Images/Normal/0631.JPG
visa,candle,train,normal,,train/good/0062.JPG,,data/datasets/visa/candle/Data/Images/Normal/0062.JPG
visa,candle,train,normal,,train/good/0215.JPG,,data/datasets/visa/candle/Data/Images/Normal/0215.JPG
visa,candle,train,normal,,train/good/0534.JPG,,data/datasets/visa/candle/Data/Images/Normal/0534.JPG
visa,candle,train,normal,,train/good/0182.JPG,,data/datasets/visa/candle/Data/Images/Normal/0182.JPG
visa,candle,train,normal,,train/good/0487.JPG,,data/datasets/visa/candle/Data/Images/Normal/0487.JPG
visa,candle,train,normal,,train/good/0653.JPG,,data/datasets/visa/candle/Data/Images/Normal/0653.JPG
visa,candle,train,normal,,train/good/0742.JPG,,data/datasets/visa/candle/Data/Images/Normal/0742.JPG
visa,candle,train,normal,,train/good/0360.JPG,,data/datasets/visa/candle/Data/Images/Normal/0360.JPG
visa,candle,train,normal,,train/good/0876.JPG,,data/datasets/visa/candle/Data/Images/Normal/0876.JPG
visa,candle,train,normal,,train/good/0139.JPG,,data/datasets/visa/candle/Data/Images/Normal/0139.JPG
visa,candle,train,normal,,train/good/0708.JPG,,data/datasets/visa/candle/Data/Images/Normal/0708.JPG
visa,candle,train,normal,,train/good/0451.JPG,,data/datasets/visa/candle/Data/Images/Normal/0451.JPG
visa,candle,train,normal,,train/good/0075.JPG,,data/datasets/visa/candle/Data/Images/Normal/0075.JPG
visa,candle,train,normal,,train/good/0145.JPG,,data/datasets/visa/candle/Data/Images/Normal/0145.JPG
visa,candle,train,normal,,train/good/0419.JPG,,data/datasets/visa/candle/Data/Images/Normal/0419.JPG
visa,candle,train,normal,,train/good/0699.JPG,,data/datasets/visa/candle/Data/Images/Normal/0699.JPG
visa,candle,train,normal,,train/good/0706.JPG,,data/datasets/visa/candle/Data/Images/Normal/0706.JPG
visa,candle,train,normal,,train/good/0124.JPG,,data/datasets/visa/candle/Data/Images/Normal/0124.JPG
visa,candle,train,normal,,train/good/0015.JPG,,data/datasets/visa/candle/Data/Images/Normal/0015.JPG
visa,candle,train,normal,,train/good/0883.JPG,,data/datasets/visa/candle/Data/Images/Normal/0883.JPG
visa,candle,train,normal,,train/good/0474.JPG,,data/datasets/visa/candle/Data/Images/Normal/0474.JPG
visa,candle,train,normal,,train/good/0630.JPG,,data/datasets/visa/candle/Data/Images/Normal/0630.JPG
visa,candle,train,normal,,train/good/0412.JPG,,data/datasets/visa/candle/Data/Images/Normal/0412.JPG
visa,candle,train,normal,,train/good/0097.JPG,,data/datasets/visa/candle/Data/Images/Normal/0097.JPG
visa,candle,train,normal,,train/good/0973.JPG,,data/datasets/visa/candle/Data/Images/Normal/0973.JPG
visa,candle,train,normal,,train/good/0394.JPG,,data/datasets/visa/candle/Data/Images/Normal/0394.JPG
visa,candle,train,normal,,train/good/0497.JPG,,data/datasets/visa/candle/Data/Images/Normal/0497.JPG
visa,candle,train,normal,,train/good/0127.JPG,,data/datasets/visa/candle/Data/Images/Normal/0127.JPG
visa,candle,train,normal,,train/good/0142.JPG,,data/datasets/visa/candle/Data/Images/Normal/0142.JPG
visa,candle,train,normal,,train/good/0151.JPG,,data/datasets/visa/candle/Data/Images/Normal/0151.JPG
visa,candle,train,normal,,train/good/0869.JPG,,data/datasets/visa/candle/Data/Images/Normal/0869.JPG
visa,candle,train,normal,,train/good/0209.JPG,,data/datasets/visa/candle/Data/Images/Normal/0209.JPG
visa,candle,train,normal,,train/good/0613.JPG,,data/datasets/visa/candle/Data/Images/Normal/0613.JPG
visa,candle,train,normal,,train/good/0307.JPG,,data/datasets/visa/candle/Data/Images/Normal/0307.JPG
visa,candle,train,normal,,train/good/0454.JPG,,data/datasets/visa/candle/Data/Images/Normal/0454.JPG
visa,candle,train,normal,,train/good/0061.JPG,,data/datasets/visa/candle/Data/Images/Normal/0061.JPG
visa,candle,train,normal,,train/good/0108.JPG,,data/datasets/visa/candle/Data/Images/Normal/0108.JPG
visa,candle,train,normal,,train/good/0527.JPG,,data/datasets/visa/candle/Data/Images/Normal/0527.JPG
visa,candle,train,normal,,train/good/0318.JPG,,data/datasets/visa/candle/Data/Images/Normal/0318.JPG
visa,candle,train,normal,,train/good/0495.JPG,,data/datasets/visa/candle/Data/Images/Normal/0495.JPG
visa,candle,train,normal,,train/good/0825.JPG,,data/datasets/visa/candle/Data/Images/Normal/0825.JPG
visa,candle,train,normal,,train/good/0166.JPG,,data/datasets/visa/candle/Data/Images/Normal/0166.JPG
visa,candle,train,normal,,train/good/0377.JPG,,data/datasets/visa/candle/Data/Images/Normal/0377.JPG
visa,candle,train,normal,,train/good/0422.JPG,,data/datasets/visa/candle/Data/Images/Normal/0422.JPG
visa,candle,train,normal,,train/good/0907.JPG,,data/datasets/visa/candle/Data/Images/Normal/0907.JPG
visa,candle,train,normal,,train/good/0195.JPG,,data/datasets/visa/candle/Data/Images/Normal/0195.JPG
visa,candle,train,normal,,train/good/0924.JPG,,data/datasets/visa/candle/Data/Images/Normal/0924.JPG
visa,candle,train,normal,,train/good/0948.JPG,,data/datasets/visa/candle/Data/Images/Normal/0948.JPG
visa,candle,train,normal,,train/good/0654.JPG,,data/datasets/visa/candle/Data/Images/Normal/0654.JPG
visa,candle,train,normal,,train/good/0870.JPG,,data/datasets/visa/candle/Data/Images/Normal/0870.JPG
visa,candle,train,normal,,train/good/0781.JPG,,data/datasets/visa/candle/Data/Images/Normal/0781.JPG
visa,candle,train,normal,,train/good/0539.JPG,,data/datasets/visa/candle/Data/Images/Normal/0539.JPG
visa,candle,train,normal,,train/good/0652.JPG,,data/datasets/visa/candle/Data/Images/Normal/0652.JPG
visa,candle,train,normal,,train/good/0051.JPG,,data/datasets/visa/candle/Data/Images/Normal/0051.JPG
visa,candle,train,normal,,train/good/0321.JPG,,data/datasets/visa/candle/Data/Images/Normal/0321.JPG
visa,candle,train,normal,,train/good/0130.JPG,,data/datasets/visa/candle/Data/Images/Normal/0130.JPG
visa,candle,train,normal,,train/good/0954.JPG,,data/datasets/visa/candle/Data/Images/Normal/0954.JPG
visa,candle,train,normal,,train/good/0268.JPG,,data/datasets/visa/candle/Data/Images/Normal/0268.JPG
visa,candle,train,normal,,train/good/0733.JPG,,data/datasets/visa/candle/Data/Images/Normal/0733.JPG
visa,candle,train,normal,,train/good/0278.JPG,,data/datasets/visa/candle/Data/Images/Normal/0278.JPG
visa,candle,train,normal,,train/good/0612.JPG,,data/datasets/visa/candle/Data/Images/Normal/0612.JPG
visa,candle,train,normal,,train/good/0476.JPG,,data/datasets/visa/candle/Data/Images/Normal/0476.JPG
visa,candle,train,normal,,train/good/0196.JPG,,data/datasets/visa/candle/Data/Images/Normal/0196.JPG
visa,candle,train,normal,,train/good/0178.JPG,,data/datasets/visa/candle/Data/Images/Normal/0178.JPG
visa,candle,train,normal,,train/good/0326.JPG,,data/datasets/visa/candle/Data/Images/Normal/0326.JPG
visa,candle,train,normal,,train/good/0201.JPG,,data/datasets/visa/candle/Data/Images/Normal/0201.JPG
visa,candle,train,normal,,train/good/0640.JPG,,data/datasets/visa/candle/Data/Images/Normal/0640.JPG
visa,candle,train,normal,,train/good/0401.JPG,,data/datasets/visa/candle/Data/Images/Normal/0401.JPG
visa,candle,train,normal,,train/good/0960.JPG,,data/datasets/visa/candle/Data/Images/Normal/0960.JPG
visa,candle,train,normal,,train/good/0291.JPG,,data/datasets/visa/candle/Data/Images/Normal/0291.JPG
visa,candle,train,normal,,train/good/0757.JPG,,data/datasets/visa/candle/Data/Images/Normal/0757.JPG
visa,candle,train,normal,,train/good/0648.JPG,,data/datasets/visa/candle/Data/Images/Normal/0648.JPG
visa,candle,train,normal,,train/good/0452.JPG,,data/datasets/visa/candle/Data/Images/Normal/0452.JPG
visa,candle,train,normal,,train/good/0079.JPG,,data/datasets/visa/candle/Data/Images/Normal/0079.JPG
visa,candle,train,normal,,train/good/0455.JPG,,data/datasets/visa/candle/Data/Images/Normal/0455.JPG
visa,candle,train,normal,,train/good/0193.JPG,,data/datasets/visa/candle/Data/Images/Normal/0193.JPG
visa,candle,train,normal,,train/good/0885.JPG,,data/datasets/visa/candle/Data/Images/Normal/0885.JPG
visa,candle,train,normal,,train/good/0658.JPG,,data/datasets/visa/candle/Data/Images/Normal/0658.JPG
visa,candle,train,normal,,train/good/0535.JPG,,data/datasets/visa/candle/Data/Images/Normal/0535.JPG
visa,candle,train,normal,,train/good/0063.JPG,,data/datasets/visa/candle/Data/Images/Normal/0063.JPG
visa,candle,train,normal,,train/good/0043.JPG,,data/datasets/visa/candle/Data/Images/Normal/0043.JPG
visa,candle,train,normal,,train/good/0304.JPG,,data/datasets/visa/candle/Data/Images/Normal/0304.JPG
visa,candle,train,normal,,train/good/0853.JPG,,data/datasets/visa/candle/Data/Images/Normal/0853.JPG
visa,candle,train,normal,,train/good/0840.JPG,,data/datasets/visa/candle/Data/Images/Normal/0840.JPG
visa,candle,train,normal,,train/good/0359.JPG,,data/datasets/visa/candle/Data/Images/Normal/0359.JPG
visa,candle,train,normal,,train/good/0084.JPG,,data/datasets/visa/candle/Data/Images/Normal/0084.JPG
visa,candle,train,normal,,train/good/0929.JPG,,data/datasets/visa/candle/Data/Images/Normal/0929.JPG
visa,candle,train,normal,,train/good/0282.JPG,,data/datasets/visa/candle/Data/Images/Normal/0282.JPG
visa,candle,train,normal,,train/good/0810.JPG,,data/datasets/visa/candle/Data/Images/Normal/0810.JPG
visa,candle,train,normal,,train/good/0921.JPG,,data/datasets/visa/candle/Data/Images/Normal/0921.JPG
visa,candle,train,normal,,train/good/0152.JPG,,data/datasets/visa/candle/Data/Images/Normal/0152.JPG
visa,candle,train,normal,,train/good/0159.JPG,,data/datasets/visa/candle/Data/Images/Normal/0159.JPG
visa,candle,train,normal,,train/good/0965.JPG,,data/datasets/visa/candle/Data/Images/Normal/0965.JPG
visa,candle,train,normal,,train/good/0385.JPG,,data/datasets/visa/candle/Data/Images/Normal/0385.JPG
visa,candle,train,normal,,train/good/0081.JPG,,data/datasets/visa/candle/Data/Images/Normal/0081.JPG
visa,candle,train,normal,,train/good/0188.JPG,,data/datasets/visa/candle/Data/Images/Normal/0188.JPG
visa,candle,train,normal,,train/good/0676.JPG,,data/datasets/visa/candle/Data/Images/Normal/0676.JPG
visa,candle,train,normal,,train/good/0643.JPG,,data/datasets/visa/candle/Data/Images/Normal/0643.JPG
visa,candle,train,normal,,train/good/0745.JPG,,data/datasets/visa/candle/Data/Images/Normal/0745.JPG
visa,candle,train,normal,,train/good/0770.JPG,,data/datasets/visa/candle/Data/Images/Normal/0770.JPG
visa,candle,train,normal,,train/good/0786.JPG,,data/datasets/visa/candle/Data/Images/Normal/0786.JPG
visa,candle,train,normal,,train/good/0437.JPG,,data/datasets/visa/candle/Data/Images/Normal/0437.JPG
visa,candle,train,normal,,train/good/0140.JPG,,data/datasets/visa/candle/Data/Images/Normal/0140.JPG
visa,candle,train,normal,,train/good/0334.JPG,,data/datasets/visa/candle/Data/Images/Normal/0334.JPG
visa,candle,train,normal,,train/good/0372.JPG,,data/datasets/visa/candle/Data/Images/Normal/0372.JPG
visa,candle,train,normal,,train/good/0312.JPG,,data/datasets/visa/candle/Data/Images/Normal/0312.JPG
visa,candle,train,normal,,train/good/0286.JPG,,data/datasets/visa/candle/Data/Images/Normal/0286.JPG
visa,candle,train,normal,,train/good/0776.JPG,,data/datasets/visa/candle/Data/Images/Normal/0776.JPG
visa,candle,train,normal,,train/good/0211.JPG,,data/datasets/visa/candle/Data/Images/Normal/0211.JPG
visa,candle,train,normal,,train/good/0737.JPG,,data/datasets/visa/candle/Data/Images/Normal/0737.JPG
visa,candle,train,normal,,train/good/0727.JPG,,data/datasets/visa/candle/Data/Images/Normal/0727.JPG
visa,candle,train,normal,,train/good/0595.JPG,,data/datasets/visa/candle/Data/Images/Normal/0595.JPG
visa,candle,train,normal,,train/good/0407.JPG,,data/datasets/visa/candle/Data/Images/Normal/0407.JPG
visa,candle,train,normal,,train/good/0253.JPG,,data/datasets/visa/candle/Data/Images/Normal/0253.JPG
visa,candle,train,normal,,train/good/0775.JPG,,data/datasets/visa/candle/Data/Images/Normal/0775.JPG
visa,candle,train,normal,,train/good/0122.JPG,,data/datasets/visa/candle/Data/Images/Normal/0122.JPG
visa,candle,train,normal,,train/good/0115.JPG,,data/datasets/visa/candle/Data/Images/Normal/0115.JPG
visa,candle,train,normal,,train/good/0374.JPG,,data/datasets/visa/candle/Data/Images/Normal/0374.JPG
visa,candle,train,normal,,train/good/0571.JPG,,data/datasets/visa/candle/Data/Images/Normal/0571.JPG
visa,candle,train,normal,,train/good/0899.JPG,,data/datasets/visa/candle/Data/Images/Normal/0899.JPG
visa,candle,train,normal,,train/good/0450.JPG,,data/datasets/visa/candle/Data/Images/Normal/0450.JPG
visa,candle,train,normal,,train/good/0332.JPG,,data/datasets/visa/candle/Data/Images/Normal/0332.JPG
visa,candle,train,normal,,train/good/0844.JPG,,data/datasets/visa/candle/Data/Images/Normal/0844.JPG
visa,candle,train,normal,,train/good/0588.JPG,,data/datasets/visa/candle/Data/Images/Normal/0588.JPG
visa,candle,train,normal,,train/good/0270.JPG,,data/datasets/visa/candle/Data/Images/Normal/0270.JPG
visa,candle,train,normal,,train/good/0090.JPG,,data/datasets/visa/candle/Data/Images/Normal/0090.JPG
visa,candle,train,normal,,train/good/0003.JPG,,data/datasets/visa/candle/Data/Images/Normal/0003.JPG
visa,candle,train,normal,,train/good/0440.JPG,,data/datasets/visa/candle/Data/Images/Normal/0440.JPG
visa,candle,train,normal,,train/good/0119.JPG,,data/datasets/visa/candle/Data/Images/Normal/0119.JPG
visa,candle,train,normal,,train/good/0045.JPG,,data/datasets/visa/candle/Data/Images/Normal/0045.JPG
visa,candle,train,normal,,train/good/0715.JPG,,data/datasets/visa/candle/Data/Images/Normal/0715.JPG
visa,candle,train,normal,,train/good/0945.JPG,,data/datasets/visa/candle/Data/Images/Normal/0945.JPG
visa,candle,train,normal,,train/good/0671.JPG,,data/datasets/visa/candle/Data/Images/Normal/0671.JPG
visa,candle,train,normal,,train/good/0674.JPG,,data/datasets/visa/candle/Data/Images/Normal/0674.JPG
visa,candle,train,normal,,train/good/0649.JPG,,data/datasets/visa/candle/Data/Images/Normal/0649.JPG
visa,candle,train,normal,,train/good/0141.JPG,,data/datasets/visa/candle/Data/Images/Normal/0141.JPG
visa,candle,train,normal,,train/good/0819.JPG,,data/datasets/visa/candle/Data/Images/Normal/0819.JPG
visa,candle,train,normal,,train/good/0793.JPG,,data/datasets/visa/candle/Data/Images/Normal/0793.JPG
visa,candle,train,normal,,train/good/0429.JPG,,data/datasets/visa/candle/Data/Images/Normal/0429.JPG
visa,candle,train,normal,,train/good/0901.JPG,,data/datasets/visa/candle/Data/Images/Normal/0901.JPG
visa,candle,train,normal,,train/good/0683.JPG,,data/datasets/visa/candle/Data/Images/Normal/0683.JPG
visa,candle,train,normal,,train/good/0070.JPG,,data/datasets/visa/candle/Data/Images/Normal/0070.JPG
visa,candle,train,normal,,train/good/0936.JPG,,data/datasets/visa/candle/Data/Images/Normal/0936.JPG
visa,candle,train,normal,,train/good/0813.JPG,,data/datasets/visa/candle/Data/Images/Normal/0813.JPG
visa,candle,train,normal,,train/good/0818.JPG,,data/datasets/visa/candle/Data/Images/Normal/0818.JPG
visa,candle,train,normal,,train/good/0791.JPG,,data/datasets/visa/candle/Data/Images/Normal/0791.JPG
visa,candle,train,normal,,train/good/0957.JPG,,data/datasets/visa/candle/Data/Images/Normal/0957.JPG
visa,candle,train,normal,,train/good/0292.JPG,,data/datasets/visa/candle/Data/Images/Normal/0292.JPG
visa,candle,train,normal,,train/good/0213.JPG,,data/datasets/visa/candle/Data/Images/Normal/0213.JPG
visa,candle,train,normal,,train/good/0330.JPG,,data/datasets/visa/candle/Data/Images/Normal/0330.JPG
visa,candle,train,normal,,train/good/0888.JPG,,data/datasets/visa/candle/Data/Images/Normal/0888.JPG
visa,candle,train,normal,,train/good/0602.JPG,,data/datasets/visa/candle/Data/Images/Normal/0602.JPG
visa,candle,train,normal,,train/good/0900.JPG,,data/datasets/visa/candle/Data/Images/Normal/0900.JPG
visa,candle,train,normal,,train/good/0835.JPG,,data/datasets/visa/candle/Data/Images/Normal/0835.JPG
visa,candle,train,normal,,train/good/0087.JPG,,data/datasets/visa/candle/Data/Images/Normal/0087.JPG
visa,candle,train,normal,,train/good/0651.JPG,,data/datasets/visa/candle/Data/Images/Normal/0651.JPG
visa,candle,train,normal,,train/good/0428.JPG,,data/datasets/visa/candle/Data/Images/Normal/0428.JPG
visa,candle,train,normal,,train/good/0202.JPG,,data/datasets/visa/candle/Data/Images/Normal/0202.JPG
visa,candle,train,normal,,train/good/0841.JPG,,data/datasets/visa/candle/Data/Images/Normal/0841.JPG
visa,candle,train,normal,,train/good/0542.JPG,,data/datasets/visa/candle/Data/Images/Normal/0542.JPG
visa,candle,train,normal,,train/good/0467.JPG,,data/datasets/visa/candle/Data/Images/Normal/0467.JPG
visa,candle,train,normal,,train/good/0435.JPG,,data/datasets/visa/candle/Data/Images/Normal/0435.JPG
visa,candle,train,normal,,train/good/0939.JPG,,data/datasets/visa/candle/Data/Images/Normal/0939.JPG
visa,candle,train,normal,,train/good/0277.JPG,,data/datasets/visa/candle/Data/Images/Normal/0277.JPG
visa,candle,train,normal,,train/good/0624.JPG,,data/datasets/visa/candle/Data/Images/Normal/0624.JPG
visa,candle,train,normal,,train/good/0281.JPG,,data/datasets/visa/candle/Data/Images/Normal/0281.JPG
visa,candle,train,normal,,train/good/0661.JPG,,data/datasets/visa/candle/Data/Images/Normal/0661.JPG
visa,candle,train,normal,,train/good/0897.JPG,,data/datasets/visa/candle/Data/Images/Normal/0897.JPG
visa,candle,train,normal,,train/good/0731.JPG,,data/datasets/visa/candle/Data/Images/Normal/0731.JPG
visa,candle,train,normal,,train/good/0843.JPG,,data/datasets/visa/candle/Data/Images/Normal/0843.JPG
visa,candle,train,normal,,train/good/0032.JPG,,data/datasets/visa/candle/Data/Images/Normal/0032.JPG
visa,candle,train,normal,,train/good/0398.JPG,,data/datasets/visa/candle/Data/Images/Normal/0398.JPG
visa,candle,train,normal,,train/good/0129.JPG,,data/datasets/visa/candle/Data/Images/Normal/0129.JPG
visa,candle,train,normal,,train/good/0126.JPG,,data/datasets/visa/candle/Data/Images/Normal/0126.JPG
visa,candle,train,normal,,train/good/0341.JPG,,data/datasets/visa/candle/Data/Images/Normal/0341.JPG
visa,candle,train,normal,,train/good/0441.JPG,,data/datasets/visa/candle/Data/Images/Normal/0441.JPG
visa,candle,train,normal,,train/good/0820.JPG,,data/datasets/visa/candle/Data/Images/Normal/0820.JPG
visa,candle,train,normal,,train/good/0764.JPG,,data/datasets/visa/candle/Data/Images/Normal/0764.JPG
visa,candle,train,normal,,train/good/0080.JPG,,data/datasets/visa/candle/Data/Images/Normal/0080.JPG
visa,candle,train,normal,,train/good/0787.JPG,,data/datasets/visa/candle/Data/Images/Normal/0787.JPG
visa,candle,train,normal,,train/good/0953.JPG,,data/datasets/visa/candle/Data/Images/Normal/0953.JPG
visa,candle,train,normal,,train/good/0153.JPG,,data/datasets/visa/candle/Data/Images/Normal/0153.JPG
visa,candle,train,normal,,train/good/0506.JPG,,data/datasets/visa/candle/Data/Images/Normal/0506.JPG
visa,candle,train,normal,,train/good/0489.JPG,,data/datasets/visa/candle/Data/Images/Normal/0489.JPG
visa,candle,train,normal,,train/good/0942.JPG,,data/datasets/visa/candle/Data/Images/Normal/0942.JPG
visa,candle,train,normal,,train/good/0382.JPG,,data/datasets/visa/candle/Data/Images/Normal/0382.JPG
visa,candle,train,normal,,train/good/0430.JPG,,data/datasets/visa/candle/Data/Images/Normal/0430.JPG
visa,candle,train,normal,,train/good/0606.JPG,,data/datasets/visa/candle/Data/Images/Normal/0606.JPG
visa,candle,train,normal,,train/good/0464.JPG,,data/datasets/visa/candle/Data/Images/Normal/0464.JPG
visa,candle,train,normal,,train/good/0344.JPG,,data/datasets/visa/candle/Data/Images/Normal/0344.JPG
visa,candle,train,normal,,train/good/0851.JPG,,data/datasets/visa/candle/Data/Images/Normal/0851.JPG
visa,candle,train,normal,,train/good/0763.JPG,,data/datasets/visa/candle/Data/Images/Normal/0763.JPG
visa,candle,train,normal,,train/good/0462.JPG,,data/datasets/visa/candle/Data/Images/Normal/0462.JPG
visa,candle,train,normal,,train/good/0502.JPG,,data/datasets/visa/candle/Data/Images/Normal/0502.JPG
visa,candle,train,normal,,train/good/0161.JPG,,data/datasets/visa/candle/Data/Images/Normal/0161.JPG
visa,candle,train,normal,,train/good/0541.JPG,,data/datasets/visa/candle/Data/Images/Normal/0541.JPG
visa,candle,train,normal,,train/good/0016.JPG,,data/datasets/visa/candle/Data/Images/Normal/0016.JPG
visa,candle,train,normal,,train/good/0549.JPG,,data/datasets/visa/candle/Data/Images/Normal/0549.JPG
visa,candle,train,normal,,train/good/0998.JPG,,data/datasets/visa/candle/Data/Images/Normal/0998.JPG
visa,candle,train,normal,,train/good/0774.JPG,,data/datasets/visa/candle/Data/Images/Normal/0774.JPG
visa,candle,train,normal,,train/good/0503.JPG,,data/datasets/visa/candle/Data/Images/Normal/0503.JPG
visa,candle,train,normal,,train/good/0881.JPG,,data/datasets/visa/candle/Data/Images/Normal/0881.JPG
visa,candle,train,normal,,train/good/0457.JPG,,data/datasets/visa/candle/Data/Images/Normal/0457.JPG
visa,candle,train,normal,,train/good/0944.JPG,,data/datasets/visa/candle/Data/Images/Normal/0944.JPG
visa,candle,train,normal,,train/good/0625.JPG,,data/datasets/visa/candle/Data/Images/Normal/0625.JPG
visa,candle,train,normal,,train/good/0308.JPG,,data/datasets/visa/candle/Data/Images/Normal/0308.JPG
visa,candle,train,normal,,train/good/0847.JPG,,data/datasets/visa/candle/Data/Images/Normal/0847.JPG
visa,candle,train,normal,,train/good/0427.JPG,,data/datasets/visa/candle/Data/Images/Normal/0427.JPG
visa,candle,train,normal,,train/good/0263.JPG,,data/datasets/visa/candle/Data/Images/Normal/0263.JPG
visa,candle,train,normal,,train/good/0363.JPG,,data/datasets/visa/candle/Data/Images/Normal/0363.JPG
visa,candle,train,normal,,train/good/0054.JPG,,data/datasets/visa/candle/Data/Images/Normal/0054.JPG
visa,candle,train,normal,,train/good/0156.JPG,,data/datasets/visa/candle/Data/Images/Normal/0156.JPG
visa,candle,train,normal,,train/good/0938.JPG,,data/datasets/visa/candle/Data/Images/Normal/0938.JPG
visa,candle,train,normal,,train/good/0688.JPG,,data/datasets/visa/candle/Data/Images/Normal/0688.JPG
visa,candle,train,normal,,train/good/0420.JPG,,data/datasets/visa/candle/Data/Images/Normal/0420.JPG
visa,candle,train,normal,,train/good/0523.JPG,,data/datasets/visa/candle/Data/Images/Normal/0523.JPG
visa,candle,train,normal,,train/good/0754.JPG,,data/datasets/visa/candle/Data/Images/Normal/0754.JPG
visa,candle,train,normal,,train/good/0397.JPG,,data/datasets/visa/candle/Data/Images/Normal/0397.JPG
visa,candle,train,normal,,train/good/0546.JPG,,data/datasets/visa/candle/Data/Images/Normal/0546.JPG
visa,candle,train,normal,,train/good/0886.JPG,,data/datasets/visa/candle/Data/Images/Normal/0886.JPG
visa,candle,train,normal,,train/good/0722.JPG,,data/datasets/visa/candle/Data/Images/Normal/0722.JPG
visa,candle,train,normal,,train/good/0486.JPG,,data/datasets/visa/candle/Data/Images/Normal/0486.JPG
visa,candle,train,normal,,train/good/0260.JPG,,data/datasets/visa/candle/Data/Images/Normal/0260.JPG
visa,candle,train,normal,,train/good/0619.JPG,,data/datasets/visa/candle/Data/Images/Normal/0619.JPG
visa,candle,train,normal,,train/good/0538.JPG,,data/datasets/visa/candle/Data/Images/Normal/0538.JPG
visa,candle,train,normal,,train/good/0513.JPG,,data/datasets/visa/candle/Data/Images/Normal/0513.JPG
visa,candle,train,normal,,train/good/0532.JPG,,data/datasets/visa/candle/Data/Images/Normal/0532.JPG
visa,candle,train,normal,,train/good/0157.JPG,,data/datasets/visa/candle/Data/Images/Normal/0157.JPG
visa,candle,train,normal,,train/good/0558.JPG,,data/datasets/visa/candle/Data/Images/Normal/0558.JPG
visa,candle,train,normal,,train/good/0505.JPG,,data/datasets/visa/candle/Data/Images/Normal/0505.JPG
visa,candle,train,normal,,train/good/0367.JPG,,data/datasets/visa/candle/Data/Images/Normal/0367.JPG
visa,candle,train,normal,,train/good/0947.JPG,,data/datasets/visa/candle/Data/Images/Normal/0947.JPG
visa,candle,train,normal,,train/good/0573.JPG,,data/datasets/visa/candle/Data/Images/Normal/0573.JPG
visa,candle,train,normal,,train/good/0935.JPG,,data/datasets/visa/candle/Data/Images/Normal/0935.JPG
visa,candle,train,normal,,train/good/0076.JPG,,data/datasets/visa/candle/Data/Images/Normal/0076.JPG
visa,candle,train,normal,,train/good/0714.JPG,,data/datasets/visa/candle/Data/Images/Normal/0714.JPG
visa,candle,train,normal,,train/good/0647.JPG,,data/datasets/visa/candle/Data/Images/Normal/0647.JPG
visa,candle,train,normal,,train/good/0812.JPG,,data/datasets/visa/candle/Data/Images/Normal/0812.JPG
visa,candle,train,normal,,train/good/0723.JPG,,data/datasets/visa/candle/Data/Images/Normal/0723.JPG
visa,candle,train,normal,,train/good/0249.JPG,,data/datasets/visa/candle/Data/Images/Normal/0249.JPG
visa,candle,train,normal,,train/good/0020.JPG,,data/datasets/visa/candle/Data/Images/Normal/0020.JPG
visa,candle,train,normal,,train/good/0744.JPG,,data/datasets/visa/candle/Data/Images/Normal/0744.JPG
visa,candle,train,normal,,train/good/0250.JPG,,data/datasets/visa/candle/Data/Images/Normal/0250.JPG
visa,candle,train,normal,,train/good/0094.JPG,,data/datasets/visa/candle/Data/Images/Normal/0094.JPG
visa,candle,train,normal,,train/good/0103.JPG,,data/datasets/visa/candle/Data/Images/Normal/0103.JPG
visa,candle,train,normal,,train/good/0342.JPG,,data/datasets/visa/candle/Data/Images/Normal/0342.JPG
visa,candle,train,normal,,train/good/0251.JPG,,data/datasets/visa/candle/Data/Images/Normal/0251.JPG
visa,candle,train,normal,,train/good/0912.JPG,,data/datasets/visa/candle/Data/Images/Normal/0912.JPG
visa,candle,train,normal,,train/good/0632.JPG,,data/datasets/visa/candle/Data/Images/Normal/0632.JPG
visa,candle,train,normal,,train/good/0191.JPG,,data/datasets/visa/candle/Data/Images/Normal/0191.JPG
visa,candle,train,normal,,train/good/0670.JPG,,data/datasets/visa/candle/Data/Images/Normal/0670.JPG
visa,candle,train,normal,,train/good/0042.JPG,,data/datasets/visa/candle/Data/Images/Normal/0042.JPG
visa,candle,train,normal,,train/good/0979.JPG,,data/datasets/visa/candle/Data/Images/Normal/0979.JPG
visa,candle,train,normal,,train/good/0682.JPG,,data/datasets/visa/candle/Data/Images/Normal/0682.JPG
visa,candle,train,normal,,train/good/0859.JPG,,data/datasets/visa/candle/Data/Images/Normal/0859.JPG
visa,candle,train,normal,,train/good/0987.JPG,,data/datasets/visa/candle/Data/Images/Normal/0987.JPG
visa,candle,train,normal,,train/good/0092.JPG,,data/datasets/visa/candle/Data/Images/Normal/0092.JPG
visa,candle,train,normal,,train/good/0458.JPG,,data/datasets/visa/candle/Data/Images/Normal/0458.JPG
visa,candle,train,normal,,train/good/0091.JPG,,data/datasets/visa/candle/Data/Images/Normal/0091.JPG
visa,candle,train,normal,,train/good/0933.JPG,,data/datasets/visa/candle/Data/Images/Normal/0933.JPG
visa,candle,train,normal,,train/good/0735.JPG,,data/datasets/visa/candle/Data/Images/Normal/0735.JPG
visa,candle,train,normal,,train/good/0369.JPG,,data/datasets/visa/candle/Data/Images/Normal/0369.JPG
visa,candle,train,normal,,train/good/0252.JPG,,data/datasets/visa/candle/Data/Images/Normal/0252.JPG
visa,candle,train,normal,,train/good/0203.JPG,,data/datasets/visa/candle/Data/Images/Normal/0203.JPG
visa,candle,train,normal,,train/good/0314.JPG,,data/datasets/visa/candle/Data/Images/Normal/0314.JPG
visa,candle,train,normal,,train/good/0610.JPG,,data/datasets/visa/candle/Data/Images/Normal/0610.JPG
visa,candle,train,normal,,train/good/0958.JPG,,data/datasets/visa/candle/Data/Images/Normal/0958.JPG
visa,candle,train,normal,,train/good/0187.JPG,,data/datasets/visa/candle/Data/Images/Normal/0187.JPG
visa,candle,train,normal,,train/good/0265.JPG,,data/datasets/visa/candle/Data/Images/Normal/0265.JPG
visa,candle,train,normal,,train/good/0364.JPG,,data/datasets/visa/candle/Data/Images/Normal/0364.JPG
visa,candle,train,normal,,train/good/0872.JPG,,data/datasets/visa/candle/Data/Images/Normal/0872.JPG
visa,candle,train,normal,,train/good/0636.JPG,,data/datasets/visa/candle/Data/Images/Normal/0636.JPG
visa,candle,train,normal,,train/good/0220.JPG,,data/datasets/visa/candle/Data/Images/Normal/0220.JPG
visa,candle,train,normal,,train/good/0256.JPG,,data/datasets/visa/candle/Data/Images/Normal/0256.JPG
visa,candle,train,normal,,train/good/0114.JPG,,data/datasets/visa/candle/Data/Images/Normal/0114.JPG
visa,candle,train,normal,,train/good/0466.JPG,,data/datasets/visa/candle/Data/Images/Normal/0466.JPG
visa,candle,train,normal,,train/good/0324.JPG,,data/datasets/visa/candle/Data/Images/Normal/0324.JPG
visa,candle,train,normal,,train/good/0065.JPG,,data/datasets/visa/candle/Data/Images/Normal/0065.JPG
visa,candle,train,normal,,train/good/0994.JPG,,data/datasets/visa/candle/Data/Images/Normal/0994.JPG
visa,candle,train,normal,,train/good/0408.JPG,,data/datasets/visa/candle/Data/Images/Normal/0408.JPG
visa,candle,train,normal,,train/good/0320.JPG,,data/datasets/visa/candle/Data/Images/Normal/0320.JPG
visa,candle,train,normal,,train/good/0400.JPG,,data/datasets/visa/candle/Data/Images/Normal/0400.JPG
visa,candle,train,normal,,train/good/0989.JPG,,data/datasets/visa/candle/Data/Images/Normal/0989.JPG
visa,candle,train,normal,,train/good/0327.JPG,,data/datasets/visa/candle/Data/Images/Normal/0327.JPG
visa,candle,train,normal,,train/good/0904.JPG,,data/datasets/visa/candle/Data/Images/Normal/0904.JPG
visa,candle,train,normal,,train/good/0010.JPG,,data/datasets/visa/candle/Data/Images/Normal/0010.JPG
visa,candle,train,normal,,train/good/0027.JPG,,data/datasets/visa/candle/Data/Images/Normal/0027.JPG
visa,candle,train,normal,,train/good/0597.JPG,,data/datasets/visa/candle/Data/Images/Normal/0597.JPG
visa,candle,train,normal,,train/good/0963.JPG,,data/datasets/visa/candle/Data/Images/Normal/0963.JPG
visa,candle,train,normal,,train/good/0212.JPG,,data/datasets/visa/candle/Data/Images/Normal/0212.JPG
visa,candle,train,normal,,train/good/0930.JPG,,data/datasets/visa/candle/Data/Images/Normal/0930.JPG
visa,candle,train,normal,,train/good/0322.JPG,,data/datasets/visa/candle/Data/Images/Normal/0322.JPG
visa,candle,train,normal,,train/good/0488.JPG,,data/datasets/visa/candle/Data/Images/Normal/0488.JPG
visa,candle,train,normal,,train/good/0756.JPG,,data/datasets/visa/candle/Data/Images/Normal/0756.JPG
visa,candle,train,normal,,train/good/0617.JPG,,data/datasets/visa/candle/Data/Images/Normal/0617.JPG
visa,candle,train,normal,,train/good/0771.JPG,,data/datasets/visa/candle/Data/Images/Normal/0771.JPG
visa,candle,train,normal,,train/good/0555.JPG,,data/datasets/visa/candle/Data/Images/Normal/0555.JPG
visa,candle,train,normal,,train/good/0752.JPG,,data/datasets/visa/candle/Data/Images/Normal/0752.JPG
visa,candle,train,normal,,train/good/0445.JPG,,data/datasets/visa/candle/Data/Images/Normal/0445.JPG
visa,candle,train,normal,,train/good/0105.JPG,,data/datasets/visa/candle/Data/Images/Normal/0105.JPG
visa,candle,train,normal,,train/good/0710.JPG,,data/datasets/visa/candle/Data/Images/Normal/0710.JPG
visa,candle,train,normal,,train/good/0247.JPG,,data/datasets/visa/candle/Data/Images/Normal/0247.JPG
visa,candle,train,normal,,train/good/0975.JPG,,data/datasets/visa/candle/Data/Images/Normal/0975.JPG
visa,candle,train,normal,,train/good/0732.JPG,,data/datasets/visa/candle/Data/Images/Normal/0732.JPG
visa,candle,train,normal,,train/good/0118.JPG,,data/datasets/visa/candle/Data/Images/Normal/0118.JPG
visa,candle,train,normal,,train/good/0165.JPG,,data/datasets/visa/candle/Data/Images/Normal/0165.JPG
visa,candle,train,normal,,train/good/0964.JPG,,data/datasets/visa/candle/Data/Images/Normal/0964.JPG
visa,candle,train,normal,,train/good/0245.JPG,,data/datasets/visa/candle/Data/Images/Normal/0245.JPG
visa,candle,train,normal,,train/good/0759.JPG,,data/datasets/visa/candle/Data/Images/Normal/0759.JPG
visa,candle,train,normal,,train/good/0997.JPG,,data/datasets/visa/candle/Data/Images/Normal/0997.JPG
visa,candle,train,normal,,train/good/0608.JPG,,data/datasets/visa/candle/Data/Images/Normal/0608.JPG
visa,candle,train,normal,,train/good/0822.JPG,,data/datasets/visa/candle/Data/Images/Normal/0822.JPG
visa,candle,train,anomaly,,train/anomaly/053.JPG,train/masks/053.png,data/datasets/visa/candle/Data/Images/Anomaly/053.JPG
visa,candle,train,anomaly,,train/anomaly/037.JPG,train/masks/037.png,data/datasets/visa/candle/Data/Images/Anomaly/037.JPG
visa,candle,train,anomaly,,train/anomaly/065.JPG,train/masks/065.png,data/datasets/visa/candle/Data/Images/Anomaly/065.JPG
visa,candle,train,anomaly,,train/anomaly/051.JPG,train/masks/051.png,data/datasets/visa/candle/Data/Images/Anomaly/051.JPG
visa,candle,train,anomaly,,train/anomaly/004.JPG,train/masks/004.png,data/datasets/visa/candle/Data/Images/Anomaly/004.JPG
visa,candle,train,anomaly,,train/anomaly/020.JPG,train/masks/020.png,data/datasets/visa/candle/Data/Images/Anomaly/020.JPG
visa,candle,train,anomaly,,train/anomaly/038.JPG,train/masks/038.png,data/datasets/visa/candle/Data/Images/Anomaly/038.JPG
visa,candle,train,anomaly,,train/anomaly/009.JPG,train/masks/009.png,data/datasets/visa/candle/Data/Images/Anomaly/009.JPG
visa,candle,train,anomaly,,train/anomaly/010.JPG,train/masks/010.png,data/datasets/visa/candle/Data/Images/Anomaly/010.JPG
visa,candle,train,anomaly,,train/anomaly/081.JPG,train/masks/081.png,data/datasets/visa/candle/Data/Images/Anomaly/081.JPG
visa,candle,train,anomaly,,train/anomaly/044.JPG,train/masks/044.png,data/datasets/visa/candle/Data/Images/Anomaly/044.JPG
visa,candle,train,anomaly,,train/anomaly/036.JPG,train/masks/036.png,data/datasets/visa/candle/Data/Images/Anomaly/036.JPG
visa,candle,train,anomaly,,train/anomaly/084.JPG,train/masks/084.png,data/datasets/visa/candle/Data/Images/Anomaly/084.JPG
visa,candle,train,anomaly,,train/anomaly/050.JPG,train/masks/050.png,data/datasets/visa/candle/Data/Images/Anomaly/050.JPG
visa,candle,train,anomaly,,train/anomaly/096.JPG,train/masks/096.png,data/datasets/visa/candle/Data/Images/Anomaly/096.JPG
visa,candle,train,anomaly,,train/anomaly/090.JPG,train/masks/090.png,data/datasets/visa/candle/Data/Images/Anomaly/090.JPG
visa,candle,train,anomaly,,train/anomaly/066.JPG,train/masks/066.png,data/datasets/visa/candle/Data/Images/Anomaly/066.JPG
visa,candle,train,anomaly,,train/anomaly/016.JPG,train/masks/016.png,data/datasets/visa/candle/Data/Images/Anomaly/016.JPG
visa,candle,train,anomaly,,train/anomaly/080.JPG,train/masks/080.png,data/datasets/visa/candle/Data/Images/Anomaly/080.JPG
visa,candle,train,anomaly,,train/anomaly/033.JPG,train/masks/033.png,data/datasets/visa/candle/Data/Images/Anomaly/033.JPG
visa,candle,train,anomaly,,train/anomaly/024.JPG,train/masks/024.png,data/datasets/visa/candle/Data/Images/Anomaly/024.JPG
visa,candle,train,anomaly,,train/anomaly/052.JPG,train/masks/052.png,data/datasets/visa/candle/Data/Images/Anomaly/052.JPG
visa,candle,train,anomaly,,train/anomaly/091.JPG,train/masks/091.png,data/datasets/visa/candle/Data/Images/Anomaly/091.JPG
visa,candle,train,anomaly,,train/anomaly/099.JPG,train/masks/099.png,data/datasets/visa/candle/Data/Images/Anomaly/099.JPG
visa,candle,train,anomaly,,train/anomaly/064.JPG,train/masks/064.png,data/datasets/visa/candle/Data/Images/Anomaly/064.JPG
visa,candle,train,anomaly,,train/anomaly/005.JPG,train/masks/005.png,data/datasets/visa/candle/Data/Images/Anomaly/005.JPG
visa,candle,train,anomaly,,train/anomaly/058.JPG,train/masks/058.png,data/datasets/visa/candle/Data/Images/Anomaly/058.JPG
visa,candle,train,anomaly,,train/anomaly/076.JPG,train/masks/076.png,data/datasets/visa/candle/Data/Images/Anomaly/076.JPG
visa,candle,train,anomaly,,train/anomaly/039.JPG,train/masks/039.png,data/datasets/visa/candle/Data/Images/Anomaly/039.JPG
visa,candle,train,anomaly,,train/anomaly/079.JPG,train/masks/079.png,data/datasets/visa/candle/Data/Images/Anomaly/079.JPG
visa,candle,train,anomaly,,train/anomaly/023.JPG,train/masks/023.png,data/datasets/visa/candle/Data/Images/Anomaly/023.JPG
visa,candle,train,anomaly,,train/anomaly/094.JPG,train/masks/094.png,data/datasets/visa/candle/Data/Images/Anomaly/094.JPG
visa,candle,train,anomaly,,train/anomaly/030.JPG,train/masks/030.png,data/datasets/visa/candle/Data/Images/Anomaly/030.JPG
visa,candle,train,anomaly,,train/anomaly/073.JPG,train/masks/073.png,data/datasets/visa/candle/Data/Images/Anomaly/073.JPG
visa,candle,train,anomaly,,train/anomaly/025.JPG,train/masks/025.png,data/datasets/visa/candle/Data/Images/Anomaly/025.JPG
visa,candle,train,anomaly,,train/anomaly/047.JPG,train/masks/047.png,data/datasets/visa/candle/Data/Images/Anomaly/047.JPG
visa,candle,train,anomaly,,train/anomaly/031.JPG,train/masks/031.png,data/datasets/visa/candle/Data/Images/Anomaly/031.JPG
visa,candle,train,anomaly,,train/anomaly/045.JPG,train/masks/045.png,data/datasets/visa/candle/Data/Images/Anomaly/045.JPG
visa,candle,train,anomaly,,train/anomaly/019.JPG,train/masks/019.png,data/datasets/visa/candle/Data/Images/Anomaly/019.JPG
visa,candle,train,anomaly,,train/anomaly/087.JPG,train/masks/087.png,data/datasets/visa/candle/Data/Images/Anomaly/087.JPG
visa,candle,train,anomaly,,train/anomaly/042.JPG,train/masks/042.png,data/datasets/visa/candle/Data/Images/Anomaly/042.JPG
visa,candle,train,anomaly,,train/anomaly/068.JPG,train/masks/068.png,data/datasets/visa/candle/Data/Images/Anomaly/068.JPG
visa,candle,train,anomaly,,train/anomaly/095.JPG,train/masks/095.png,data/datasets/visa/candle/Data/Images/Anomaly/095.JPG
visa,candle,train,anomaly,,train/anomaly/021.JPG,train/masks/021.png,data/datasets/visa/candle/Data/Images/Anomaly/021.JPG
visa,candle,train,anomaly,,train/anomaly/007.JPG,train/masks/007.png,data/datasets/visa/candle/Data/Images/Anomaly/007.JPG
visa,candle,train,anomaly,,train/anomaly/067.JPG,train/masks/067.png,data/datasets/visa/candle/Data/Images/Anomaly/067.JPG
visa,candle,train,anomaly,,train/anomaly/046.JPG,train/masks/046.png,data/datasets/visa/candle/Data/Images/Anomaly/046.JPG
visa,candle,train,anomaly,,train/anomaly/082.JPG,train/masks/082.png,data/datasets/visa/candle/Data/Images/Anomaly/082.JPG
visa,candle,train,anomaly,,train/anomaly/011.JPG,train/masks/011.png,data/datasets/visa/candle/Data/Images/Anomaly/011.JPG
visa,candle,train,anomaly,,train/anomaly/006.JPG,train/masks/006.png,data/datasets/visa/candle/Data/Images/Anomaly/006.JPG
visa,candle,train,anomaly,,train/anomaly/041.JPG,train/masks/041.png,data/datasets/visa/candle/Data/Images/Anomaly/041.JPG
visa,candle,train,anomaly,,train/anomaly/086.JPG,train/masks/086.png,data/datasets/visa/candle/Data/Images/Anomaly/086.JPG
visa,candle,train,anomaly,,train/anomaly/088.JPG,train/masks/088.png,data/datasets/visa/candle/Data/Images/Anomaly/088.JPG
visa,candle,train,anomaly,,train/anomaly/070.JPG,train/masks/070.png,data/datasets/visa/candle/Data/Images/Anomaly/070.JPG
visa,candle,train,anomaly,,train/anomaly/018.JPG,train/masks/018.png,data/datasets/visa/candle/Data/Images/Anomaly/018.JPG
visa,candle,train,anomaly,,train/anomaly/078.JPG,train/masks/078.png,data/datasets/visa/candle/Data/Images/Anomaly/078.JPG
visa,candle,train,anomaly,,train/anomaly/071.JPG,train/masks/071.png,data/datasets/visa/candle/Data/Images/Anomaly/071.JPG
visa,candle,train,anomaly,,train/anomaly/059.JPG,train/masks/059.png,data/datasets/visa/candle/Data/Images/Anomaly/059.JPG
visa,candle,train,anomaly,,train/anomaly/043.JPG,train/masks/043.png,data/datasets/visa/candle/Data/Images/Anomaly/043.JPG
visa,candle,train,anomaly,,train/anomaly/061.JPG,train/masks/061.png,data/datasets/visa/candle/Data/Images/Anomaly/061.JPG
visa,candle,test,normal,,test/good/0801.JPG,,data/datasets/visa/candle/Data/Images/Normal/0801.JPG
visa,candle,test,normal,,test/good/0792.JPG,,data/datasets/visa/candle/Data/Images/Normal/0792.JPG
visa,candle,test,normal,,test/good/0858.JPG,,data/datasets/visa/candle/Data/Images/Normal/0858.JPG
visa,candle,test,normal,,test/good/0611.JPG,,data/datasets/visa/candle/Data/Images/Normal/0611.JPG
visa,candle,test,normal,,test/good/0046.JPG,,data/datasets/visa/candle/Data/Images/Normal/0046.JPG
visa,candle,test,normal,,test/good/0882.JPG,,data/datasets/visa/candle/Data/Images/Normal/0882.JPG
visa,candle,test,normal,,test/good/0283.JPG,,data/datasets/visa/candle/Data/Images/Normal/0283.JPG
visa,candle,test,normal,,test/good/0468.JPG,,data/datasets/visa/candle/Data/Images/Normal/0468.JPG
visa,candle,test,normal,,test/good/0976.JPG,,data/datasets/visa/candle/Data/Images/Normal/0976.JPG
visa,candle,test,normal,,test/good/0659.JPG,,data/datasets/visa/candle/Data/Images/Normal/0659.JPG
visa,candle,test,normal,,test/good/0577.JPG,,data/datasets/visa/candle/Data/Images/Normal/0577.JPG
visa,candle,test,normal,,test/good/0302.JPG,,data/datasets/visa/candle/Data/Images/Normal/0302.JPG
visa,candle,test,normal,,test/good/0827.JPG,,data/datasets/visa/candle/Data/Images/Normal/0827.JPG
visa,candle,test,normal,,test/good/0273.JPG,,data/datasets/visa/candle/Data/Images/Normal/0273.JPG
visa,candle,test,normal,,test/good/0083.JPG,,data/datasets/visa/candle/Data/Images/Normal/0083.JPG
visa,candle,test,normal,,test/good/0579.JPG,,data/datasets/visa/candle/Data/Images/Normal/0579.JPG
visa,candle,test,normal,,test/good/0229.JPG,,data/datasets/visa/candle/Data/Images/Normal/0229.JPG
visa,candle,test,normal,,test/good/0804.JPG,,data/datasets/visa/candle/Data/Images/Normal/0804.JPG
visa,candle,test,normal,,test/good/0584.JPG,,data/datasets/visa/candle/Data/Images/Normal/0584.JPG
visa,candle,test,normal,,test/good/0713.JPG,,data/datasets/visa/candle/Data/Images/Normal/0713.JPG
visa,candle,test,normal,,test/good/0739.JPG,,data/datasets/visa/candle/Data/Images/Normal/0739.JPG
visa,candle,test,normal,,test/good/0910.JPG,,data/datasets/visa/candle/Data/Images/Normal/0910.JPG
visa,candle,test,normal,,test/good/0117.JPG,,data/datasets/visa/candle/Data/Images/Normal/0117.JPG
visa,candle,test,normal,,test/good/0349.JPG,,data/datasets/visa/candle/Data/Images/Normal/0349.JPG
visa,candle,test,normal,,test/good/0718.JPG,,data/datasets/visa/candle/Data/Images/Normal/0718.JPG
visa,candle,test,normal,,test/good/0150.JPG,,data/datasets/visa/candle/Data/Images/Normal/0150.JPG
visa,candle,test,normal,,test/good/0389.JPG,,data/datasets/visa/candle/Data/Images/Normal/0389.JPG
visa,candle,test,normal,,test/good/0074.JPG,,data/datasets/visa/candle/Data/Images/Normal/0074.JPG
visa,candle,test,normal,,test/good/0416.JPG,,data/datasets/visa/candle/Data/Images/Normal/0416.JPG
visa,candle,test,normal,,test/good/0040.JPG,,data/datasets/visa/candle/Data/Images/Normal/0040.JPG
visa,candle,test,normal,,test/good/0724.JPG,,data/datasets/visa/candle/Data/Images/Normal/0724.JPG
visa,candle,test,normal,,test/good/0684.JPG,,data/datasets/visa/candle/Data/Images/Normal/0684.JPG
visa,candle,test,normal,,test/good/0800.JPG,,data/datasets/visa/candle/Data/Images/Normal/0800.JPG
visa,candle,test,normal,,test/good/0593.JPG,,data/datasets/visa/candle/Data/Images/Normal/0593.JPG
visa,candle,test,normal,,test/good/0668.JPG,,data/datasets/visa/candle/Data/Images/Normal/0668.JPG
visa,candle,test,normal,,test/good/0500.JPG,,data/datasets/visa/candle/Data/Images/Normal/0500.JPG
visa,candle,test,normal,,test/good/0618.JPG,,data/datasets/visa/candle/Data/Images/Normal/0618.JPG
visa,candle,test,normal,,test/good/0656.JPG,,data/datasets/visa/candle/Data/Images/Normal/0656.JPG
visa,candle,test,normal,,test/good/0298.JPG,,data/datasets/visa/candle/Data/Images/Normal/0298.JPG
visa,candle,test,normal,,test/good/0765.JPG,,data/datasets/visa/candle/Data/Images/Normal/0765.JPG
visa,candle,test,normal,,test/good/0348.JPG,,data/datasets/visa/candle/Data/Images/Normal/0348.JPG
visa,candle,test,normal,,test/good/0346.JPG,,data/datasets/visa/candle/Data/Images/Normal/0346.JPG
visa,candle,test,normal,,test/good/0376.JPG,,data/datasets/visa/candle/Data/Images/Normal/0376.JPG
visa,candle,test,normal,,test/good/0778.JPG,,data/datasets/visa/candle/Data/Images/Normal/0778.JPG
visa,candle,test,normal,,test/good/0740.JPG,,data/datasets/visa/candle/Data/Images/Normal/0740.JPG
visa,candle,test,normal,,test/good/0809.JPG,,data/datasets/visa/candle/Data/Images/Normal/0809.JPG
visa,candle,test,normal,,test/good/0922.JPG,,data/datasets/visa/candle/Data/Images/Normal/0922.JPG
visa,candle,test,normal,,test/good/0274.JPG,,data/datasets/visa/candle/Data/Images/Normal/0274.JPG
visa,candle,test,normal,,test/good/0959.JPG,,data/datasets/visa/candle/Data/Images/Normal/0959.JPG
visa,candle,test,normal,,test/good/0898.JPG,,data/datasets/visa/candle/Data/Images/Normal/0898.JPG
visa,candle,test,normal,,test/good/0170.JPG,,data/datasets/visa/candle/Data/Images/Normal/0170.JPG
visa,candle,test,normal,,test/good/0173.JPG,,data/datasets/visa/candle/Data/Images/Normal/0173.JPG
visa,candle,test,normal,,test/good/0136.JPG,,data/datasets/visa/candle/Data/Images/Normal/0136.JPG
visa,candle,test,normal,,test/good/0086.JPG,,data/datasets/visa/candle/Data/Images/Normal/0086.JPG
visa,candle,test,normal,,test/good/0041.JPG,,data/datasets/visa/candle/Data/Images/Normal/0041.JPG
visa,candle,test,normal,,test/good/0066.JPG,,data/datasets/visa/candle/Data/Images/Normal/0066.JPG
visa,candle,test,normal,,test/good/0240.JPG,,data/datasets/visa/candle/Data/Images/Normal/0240.JPG
visa,candle,test,normal,,test/good/0545.JPG,,data/datasets/visa/candle/Data/Images/Normal/0545.JPG
visa,candle,test,normal,,test/good/0968.JPG,,data/datasets/visa/candle/Data/Images/Normal/0968.JPG
visa,candle,test,normal,,test/good/0547.JPG,,data/datasets/visa/candle/Data/Images/Normal/0547.JPG
visa,candle,test,normal,,test/good/0783.JPG,,data/datasets/visa/candle/Data/Images/Normal/0783.JPG
visa,candle,test,normal,,test/good/0560.JPG,,data/datasets/visa/candle/Data/Images/Normal/0560.JPG
visa,candle,test,normal,,test/good/0986.JPG,,data/datasets/visa/candle/Data/Images/Normal/0986.JPG
visa,candle,test,normal,,test/good/0098.JPG,,data/datasets/visa/candle/Data/Images/Normal/0098.JPG
visa,candle,test,normal,,test/good/0970.JPG,,data/datasets/visa/candle/Data/Images/Normal/0970.JPG
visa,candle,test,normal,,test/good/0218.JPG,,data/datasets/visa/candle/Data/Images/Normal/0218.JPG
visa,candle,test,normal,,test/good/0439.JPG,,data/datasets/visa/candle/Data/Images/Normal/0439.JPG
visa,candle,test,normal,,test/good/0347.JPG,,data/datasets/visa/candle/Data/Images/Normal/0347.JPG
visa,candle,test,normal,,test/good/0138.JPG,,data/datasets/visa/candle/Data/Images/Normal/0138.JPG
visa,candle,test,normal,,test/good/0576.JPG,,data/datasets/visa/candle/Data/Images/Normal/0576.JPG
visa,candle,test,normal,,test/good/0335.JPG,,data/datasets/visa/candle/Data/Images/Normal/0335.JPG
visa,candle,test,normal,,test/good/0940.JPG,,data/datasets/visa/candle/Data/Images/Normal/0940.JPG
visa,candle,test,normal,,test/good/0160.JPG,,data/datasets/visa/candle/Data/Images/Normal/0160.JPG
visa,candle,test,normal,,test/good/0748.JPG,,data/datasets/visa/candle/Data/Images/Normal/0748.JPG
visa,candle,test,normal,,test/good/0288.JPG,,data/datasets/visa/candle/Data/Images/Normal/0288.JPG
visa,candle,test,normal,,test/good/0411.JPG,,data/datasets/visa/candle/Data/Images/Normal/0411.JPG
visa,candle,test,normal,,test/good/0626.JPG,,data/datasets/visa/candle/Data/Images/Normal/0626.JPG
visa,candle,test,normal,,test/good/0333.JPG,,data/datasets/visa/candle/Data/Images/Normal/0333.JPG
visa,candle,test,normal,,test/good/0890.JPG,,data/datasets/visa/candle/Data/Images/Normal/0890.JPG
visa,candle,test,normal,,test/good/0908.JPG,,data/datasets/visa/candle/Data/Images/Normal/0908.JPG
visa,candle,test,normal,,test/good/0823.JPG,,data/datasets/visa/candle/Data/Images/Normal/0823.JPG
visa,candle,test,normal,,test/good/0925.JPG,,data/datasets/visa/candle/Data/Images/Normal/0925.JPG
visa,candle,test,normal,,test/good/0978.JPG,,data/datasets/visa/candle/Data/Images/Normal/0978.JPG
visa,candle,test,normal,,test/good/0681.JPG,,data/datasets/visa/candle/Data/Images/Normal/0681.JPG
visa,candle,test,normal,,test/good/0106.JPG,,data/datasets/visa/candle/Data/Images/Normal/0106.JPG
visa,candle,test,normal,,test/good/0504.JPG,,data/datasets/visa/candle/Data/Images/Normal/0504.JPG
visa,candle,test,normal,,test/good/0198.JPG,,data/datasets/visa/candle/Data/Images/Normal/0198.JPG
visa,candle,test,normal,,test/good/0966.JPG,,data/datasets/visa/candle/Data/Images/Normal/0966.JPG
visa,candle,test,normal,,test/good/0977.JPG,,data/datasets/visa/candle/Data/Images/Normal/0977.JPG
visa,candle,test,normal,,test/good/0587.JPG,,data/datasets/visa/candle/Data/Images/Normal/0587.JPG
visa,candle,test,normal,,test/good/0831.JPG,,data/datasets/visa/candle/Data/Images/Normal/0831.JPG
visa,candle,test,normal,,test/good/0101.JPG,,data/datasets/visa/candle/Data/Images/Normal/0101.JPG
visa,candle,test,normal,,test/good/0355.JPG,,data/datasets/visa/candle/Data/Images/Normal/0355.JPG
visa,candle,test,normal,,test/good/0205.JPG,,data/datasets/visa/candle/Data/Images/Normal/0205.JPG
visa,candle,test,normal,,test/good/0387.JPG,,data/datasets/visa/candle/Data/Images/Normal/0387.JPG
visa,candle,test,normal,,test/good/0703.JPG,,data/datasets/visa/candle/Data/Images/Normal/0703.JPG
visa,candle,test,normal,,test/good/0521.JPG,,data/datasets/visa/candle/Data/Images/Normal/0521.JPG
visa,candle,test,normal,,test/good/0637.JPG,,data/datasets/visa/candle/Data/Images/Normal/0637.JPG
visa,candle,test,normal,,test/good/0175.JPG,,data/datasets/visa/candle/Data/Images/Normal/0175.JPG
visa,candle,test,normal,,test/good/0471.JPG,,data/datasets/visa/candle/Data/Images/Normal/0471.JPG
visa,candle,test,normal,,test/good/0826.JPG,,data/datasets/visa/candle/Data/Images/Normal/0826.JPG
visa,candle,test,normal,,test/good/0222.JPG,,data/datasets/visa/candle/Data/Images/Normal/0222.JPG
visa,candle,test,normal,,test/good/0604.JPG,,data/datasets/visa/candle/Data/Images/Normal/0604.JPG
visa,candle,test,normal,,test/good/0038.JPG,,data/datasets/visa/candle/Data/Images/Normal/0038.JPG
visa,candle,test,normal,,test/good/0832.JPG,,data/datasets/visa/candle/Data/Images/Normal/0832.JPG
visa,candle,test,normal,,test/good/0008.JPG,,data/datasets/visa/candle/Data/Images/Normal/0008.JPG
visa,candle,test,normal,,test/good/0133.JPG,,data/datasets/visa/candle/Data/Images/Normal/0133.JPG
visa,candle,test,normal,,test/good/0258.JPG,,data/datasets/visa/candle/Data/Images/Normal/0258.JPG
visa,candle,test,normal,,test/good/0578.JPG,,data/datasets/visa/candle/Data/Images/Normal/0578.JPG
visa,candle,test,normal,,test/good/0934.JPG,,data/datasets/visa/candle/Data/Images/Normal/0934.JPG
visa,candle,test,normal,,test/good/0162.JPG,,data/datasets/visa/candle/Data/Images/Normal/0162.JPG
visa,candle,test,normal,,test/good/0769.JPG,,data/datasets/visa/candle/Data/Images/Normal/0769.JPG
visa,candle,test,normal,,test/good/0317.JPG,,data/datasets/visa/candle/Data/Images/Normal/0317.JPG
visa,candle,test,normal,,test/good/0078.JPG,,data/datasets/visa/candle/Data/Images/Normal/0078.JPG
visa,candle,test,normal,,test/good/0833.JPG,,data/datasets/visa/candle/Data/Images/Normal/0833.JPG
visa,candle,test,normal,,test/good/0313.JPG,,data/datasets/visa/candle/Data/Images/Normal/0313.JPG
visa,candle,test,normal,,test/good/0048.JPG,,data/datasets/visa/candle/Data/Images/Normal/0048.JPG
visa,candle,test,normal,,test/good/0217.JPG,,data/datasets/visa/candle/Data/Images/Normal/0217.JPG
visa,candle,test,normal,,test/good/0128.JPG,,data/datasets/visa/candle/Data/Images/Normal/0128.JPG
visa,candle,test,normal,,test/good/0305.JPG,,data/datasets/visa/candle/Data/Images/Normal/0305.JPG
visa,candle,test,normal,,test/good/0060.JPG,,data/datasets/visa/candle/Data/Images/Normal/0060.JPG
visa,candle,test,normal,,test/good/0920.JPG,,data/datasets/visa/candle/Data/Images/Normal/0920.JPG
visa,candle,test,normal,,test/good/0646.JPG,,data/datasets/visa/candle/Data/Images/Normal/0646.JPG
visa,candle,test,normal,,test/good/0845.JPG,,data/datasets/visa/candle/Data/Images/Normal/0845.JPG
visa,candle,test,normal,,test/good/0328.JPG,,data/datasets/visa/candle/Data/Images/Normal/0328.JPG
visa,candle,test,normal,,test/good/0589.JPG,,data/datasets/visa/candle/Data/Images/Normal/0589.JPG
visa,candle,test,normal,,test/good/0691.JPG,,data/datasets/visa/candle/Data/Images/Normal/0691.JPG
visa,candle,test,normal,,test/good/0404.JPG,,data/datasets/visa/candle/Data/Images/Normal/0404.JPG
visa,candle,test,normal,,test/good/0962.JPG,,data/datasets/visa/candle/Data/Images/Normal/0962.JPG
visa,candle,test,normal,,test/good/0664.JPG,,data/datasets/visa/candle/Data/Images/Normal/0664.JPG
visa,candle,test,normal,,test/good/0536.JPG,,data/datasets/visa/candle/Data/Images/Normal/0536.JPG
visa,candle,test,normal,,test/good/0228.JPG,,data/datasets/visa/candle/Data/Images/Normal/0228.JPG
visa,candle,test,normal,,test/good/0461.JPG,,data/datasets/visa/candle/Data/Images/Normal/0461.JPG
visa,candle,test,normal,,test/good/0528.JPG,,data/datasets/visa/candle/Data/Images/Normal/0528.JPG
visa,candle,test,normal,,test/good/0711.JPG,,data/datasets/visa/candle/Data/Images/Normal/0711.JPG
visa,candle,test,normal,,test/good/0645.JPG,,data/datasets/visa/candle/Data/Images/Normal/0645.JPG
visa,candle,test,normal,,test/good/0225.JPG,,data/datasets/visa/candle/Data/Images/Normal/0225.JPG
visa,candle,test,normal,,test/good/0557.JPG,,data/datasets/visa/candle/Data/Images/Normal/0557.JPG
visa,candle,test,normal,,test/good/0830.JPG,,data/datasets/visa/candle/Data/Images/Normal/0830.JPG
visa,candle,test,normal,,test/good/0694.JPG,,data/datasets/visa/candle/Data/Images/Normal/0694.JPG
visa,candle,test,normal,,test/good/0518.JPG,,data/datasets/visa/candle/Data/Images/Normal/0518.JPG
visa,candle,test,normal,,test/good/0721.JPG,,data/datasets/visa/candle/Data/Images/Normal/0721.JPG
visa,candle,test,normal,,test/good/0971.JPG,,data/datasets/visa/candle/Data/Images/Normal/0971.JPG
visa,candle,test,normal,,test/good/0164.JPG,,data/datasets/visa/candle/Data/Images/Normal/0164.JPG
visa,candle,test,normal,,test/good/0736.JPG,,data/datasets/visa/candle/Data/Images/Normal/0736.JPG
visa,candle,test,normal,,test/good/0036.JPG,,data/datasets/visa/candle/Data/Images/Normal/0036.JPG
visa,candle,test,normal,,test/good/0149.JPG,,data/datasets/visa/candle/Data/Images/Normal/0149.JPG
visa,candle,test,normal,,test/good/0406.JPG,,data/datasets/visa/candle/Data/Images/Normal/0406.JPG
visa,candle,test,normal,,test/good/0018.JPG,,data/datasets/visa/candle/Data/Images/Normal/0018.JPG
visa,candle,test,normal,,test/good/0230.JPG,,data/datasets/visa/candle/Data/Images/Normal/0230.JPG
visa,candle,test,normal,,test/good/0021.JPG,,data/datasets/visa/candle/Data/Images/Normal/0021.JPG
visa,candle,test,normal,,test/good/0442.JPG,,data/datasets/visa/candle/Data/Images/Normal/0442.JPG
visa,candle,test,normal,,test/good/0620.JPG,,data/datasets/visa/candle/Data/Images/Normal/0620.JPG
visa,candle,test,normal,,test/good/0984.JPG,,data/datasets/visa/candle/Data/Images/Normal/0984.JPG
visa,candle,test,normal,,test/good/0522.JPG,,data/datasets/visa/candle/Data/Images/Normal/0522.JPG
visa,candle,test,normal,,test/good/0747.JPG,,data/datasets/visa/candle/Data/Images/Normal/0747.JPG
visa,candle,test,normal,,test/good/0259.JPG,,data/datasets/visa/candle/Data/Images/Normal/0259.JPG
visa,candle,test,normal,,test/good/0111.JPG,,data/datasets/visa/candle/Data/Images/Normal/0111.JPG
visa,candle,test,normal,,test/good/0264.JPG,,data/datasets/visa/candle/Data/Images/Normal/0264.JPG
visa,candle,test,normal,,test/good/0192.JPG,,data/datasets/visa/candle/Data/Images/Normal/0192.JPG
visa,candle,test,normal,,test/good/0431.JPG,,data/datasets/visa/candle/Data/Images/Normal/0431.JPG
visa,candle,test,normal,,test/good/0351.JPG,,data/datasets/visa/candle/Data/Images/Normal/0351.JPG
visa,candle,test,normal,,test/good/0395.JPG,,data/datasets/visa/candle/Data/Images/Normal/0395.JPG
visa,candle,test,normal,,test/good/0319.JPG,,data/datasets/visa/candle/Data/Images/Normal/0319.JPG
visa,candle,test,normal,,test/good/0024.JPG,,data/datasets/visa/candle/Data/Images/Normal/0024.JPG
visa,candle,test,normal,,test/good/0116.JPG,,data/datasets/visa/candle/Data/Images/Normal/0116.JPG
visa,candle,test,normal,,test/good/0485.JPG,,data/datasets/visa/candle/Data/Images/Normal/0485.JPG
visa,candle,test,normal,,test/good/0508.JPG,,data/datasets/visa/candle/Data/Images/Normal/0508.JPG
visa,candle,test,normal,,test/good/0329.JPG,,data/datasets/visa/candle/Data/Images/Normal/0329.JPG
visa,candle,test,normal,,test/good/0891.JPG,,data/datasets/visa/candle/Data/Images/Normal/0891.JPG
visa,candle,test,normal,,test/good/0465.JPG,,data/datasets/visa/candle/Data/Images/Normal/0465.JPG
visa,candle,test,normal,,test/good/0301.JPG,,data/datasets/visa/candle/Data/Images/Normal/0301.JPG
visa,candle,test,normal,,test/good/0919.JPG,,data/datasets/visa/candle/Data/Images/Normal/0919.JPG
visa,candle,test,normal,,test/good/0663.JPG,,data/datasets/visa/candle/Data/Images/Normal/0663.JPG
visa,candle,test,normal,,test/good/0279.JPG,,data/datasets/visa/candle/Data/Images/Normal/0279.JPG
visa,candle,test,normal,,test/good/0672.JPG,,data/datasets/visa/candle/Data/Images/Normal/0672.JPG
visa,candle,test,normal,,test/good/0861.JPG,,data/datasets/visa/candle/Data/Images/Normal/0861.JPG
visa,candle,test,normal,,test/good/0949.JPG,,data/datasets/visa/candle/Data/Images/Normal/0949.JPG
visa,candle,test,normal,,test/good/0799.JPG,,data/datasets/visa/candle/Data/Images/Normal/0799.JPG
visa,candle,test,normal,,test/good/0163.JPG,,data/datasets/visa/candle/Data/Images/Normal/0163.JPG
visa,candle,test,normal,,test/good/0171.JPG,,data/datasets/visa/candle/Data/Images/Normal/0171.JPG
visa,candle,test,normal,,test/good/0071.JPG,,data/datasets/visa/candle/Data/Images/Normal/0071.JPG
visa,candle,test,normal,,test/good/0297.JPG,,data/datasets/visa/candle/Data/Images/Normal/0297.JPG
visa,candle,test,normal,,test/good/0850.JPG,,data/datasets/visa/candle/Data/Images/Normal/0850.JPG
visa,candle,test,normal,,test/good/0189.JPG,,data/datasets/visa/candle/Data/Images/Normal/0189.JPG
visa,candle,test,normal,,test/good/0639.JPG,,data/datasets/visa/candle/Data/Images/Normal/0639.JPG
visa,candle,test,normal,,test/good/0112.JPG,,data/datasets/visa/candle/Data/Images/Normal/0112.JPG
visa,candle,test,normal,,test/good/0846.JPG,,data/datasets/visa/candle/Data/Images/Normal/0846.JPG
visa,candle,test,normal,,test/good/0255.JPG,,data/datasets/visa/candle/Data/Images/Normal/0255.JPG
visa,candle,test,normal,,test/good/0287.JPG,,data/datasets/visa/candle/Data/Images/Normal/0287.JPG
visa,candle,test,normal,,test/good/0773.JPG,,data/datasets/visa/candle/Data/Images/Normal/0773.JPG
visa,candle,test,normal,,test/good/0772.JPG,,data/datasets/visa/candle/Data/Images/Normal/0772.JPG
visa,candle,test,normal,,test/good/0014.JPG,,data/datasets/visa/candle/Data/Images/Normal/0014.JPG
visa,candle,test,normal,,test/good/0463.JPG,,data/datasets/visa/candle/Data/Images/Normal/0463.JPG
visa,candle,test,normal,,test/good/0017.JPG,,data/datasets/visa/candle/Data/Images/Normal/0017.JPG
visa,candle,test,normal,,test/good/0085.JPG,,data/datasets/visa/candle/Data/Images/Normal/0085.JPG
visa,candle,test,normal,,test/good/0072.JPG,,data/datasets/visa/candle/Data/Images/Normal/0072.JPG
visa,candle,test,normal,,test/good/0689.JPG,,data/datasets/visa/candle/Data/Images/Normal/0689.JPG
visa,candle,test,normal,,test/good/0033.JPG,,data/datasets/visa/candle/Data/Images/Normal/0033.JPG
visa,candle,test,normal,,test/good/0993.JPG,,data/datasets/visa/candle/Data/Images/Normal/0993.JPG
visa,candle,test,normal,,test/good/0564.JPG,,data/datasets/visa/candle/Data/Images/Normal/0564.JPG
visa,candle,test,normal,,test/good/0093.JPG,,data/datasets/visa/candle/Data/Images/Normal/0093.JPG
visa,candle,test,normal,,test/good/0185.JPG,,data/datasets/visa/candle/Data/Images/Normal/0185.JPG
visa,candle,test,normal,,test/good/0598.JPG,,data/datasets/visa/candle/Data/Images/Normal/0598.JPG
visa,candle,test,normal,,test/good/0563.JPG,,data/datasets/visa/candle/Data/Images/Normal/0563.JPG
visa,candle,test,normal,,test/good/0181.JPG,,data/datasets/visa/candle/Data/Images/Normal/0181.JPG
visa,candle,test,normal,,test/good/0650.JPG,,data/datasets/visa/candle/Data/Images/Normal/0650.JPG
visa,candle,test,normal,,test/good/0235.JPG,,data/datasets/visa/candle/Data/Images/Normal/0235.JPG
visa,candle,test,normal,,test/good/0028.JPG,,data/datasets/visa/candle/Data/Images/Normal/0028.JPG
visa,candle,test,normal,,test/good/0614.JPG,,data/datasets/visa/candle/Data/Images/Normal/0614.JPG
visa,candle,test,normal,,test/good/0469.JPG,,data/datasets/visa/candle/Data/Images/Normal/0469.JPG
visa,candle,test,normal,,test/good/0339.JPG,,data/datasets/visa/candle/Data/Images/Normal/0339.JPG
visa,candle,test,normal,,test/good/0627.JPG,,data/datasets/visa/candle/Data/Images/Normal/0627.JPG
visa,candle,test,normal,,test/good/0805.JPG,,data/datasets/visa/candle/Data/Images/Normal/0805.JPG
visa,candle,test,normal,,test/good/0638.JPG,,data/datasets/visa/candle/Data/Images/Normal/0638.JPG
visa,candle,test,normal,,test/good/0553.JPG,,data/datasets/visa/candle/Data/Images/Normal/0553.JPG
visa,candle,test,normal,,test/good/0551.JPG,,data/datasets/visa/candle/Data/Images/Normal/0551.JPG
visa,candle,test,normal,,test/good/0001.JPG,,data/datasets/visa/candle/Data/Images/Normal/0001.JPG
visa,candle,test,normal,,test/good/0354.JPG,,data/datasets/visa/candle/Data/Images/Normal/0354.JPG
visa,candle,test,normal,,test/good/0896.JPG,,data/datasets/visa/candle/Data/Images/Normal/0896.JPG
visa,candle,test,normal,,test/good/0365.JPG,,data/datasets/visa/candle/Data/Images/Normal/0365.JPG
visa,candle,test,normal,,test/good/0496.JPG,,data/datasets/visa/candle/Data/Images/Normal/0496.JPG
visa,candle,test,normal,,test/good/0423.JPG,,data/datasets/visa/candle/Data/Images/Normal/0423.JPG
visa,candle,test,normal,,test/good/0516.JPG,,data/datasets/visa/candle/Data/Images/Normal/0516.JPG
visa,candle,test,normal,,test/good/0856.JPG,,data/datasets/visa/candle/Data/Images/Normal/0856.JPG
visa,candle,test,normal,,test/good/0567.JPG,,data/datasets/visa/candle/Data/Images/Normal/0567.JPG
visa,candle,test,normal,,test/good/0583.JPG,,data/datasets/visa/candle/Data/Images/Normal/0583.JPG
visa,candle,test,normal,,test/good/0373.JPG,,data/datasets/visa/candle/Data/Images/Normal/0373.JPG
visa,candle,test,normal,,test/good/0492.JPG,,data/datasets/visa/candle/Data/Images/Normal/0492.JPG
visa,candle,test,normal,,test/good/0057.JPG,,data/datasets/visa/candle/Data/Images/Normal/0057.JPG
visa,candle,test,normal,,test/good/0436.JPG,,data/datasets/visa/candle/Data/Images/Normal/0436.JPG
visa,candle,test,normal,,test/good/0210.JPG,,data/datasets/visa/candle/Data/Images/Normal/0210.JPG
visa,candle,test,normal,,test/good/0574.JPG,,data/datasets/visa/candle/Data/Images/Normal/0574.JPG
visa,candle,test,normal,,test/good/0796.JPG,,data/datasets/visa/candle/Data/Images/Normal/0796.JPG
visa,candle,test,normal,,test/good/0531.JPG,,data/datasets/visa/candle/Data/Images/Normal/0531.JPG
visa,candle,test,normal,,test/good/0132.JPG,,data/datasets/visa/candle/Data/Images/Normal/0132.JPG
visa,candle,test,normal,,test/good/0828.JPG,,data/datasets/visa/candle/Data/Images/Normal/0828.JPG
visa,candle,test,normal,,test/good/0524.JPG,,data/datasets/visa/candle/Data/Images/Normal/0524.JPG
visa,candle,test,normal,,test/good/0758.JPG,,data/datasets/visa/candle/Data/Images/Normal/0758.JPG
visa,candle,test,normal,,test/good/0802.JPG,,data/datasets/visa/candle/Data/Images/Normal/0802.JPG
visa,candle,test,normal,,test/good/0392.JPG,,data/datasets/visa/candle/Data/Images/Normal/0392.JPG
visa,candle,test,normal,,test/good/0005.JPG,,data/datasets/visa/candle/Data/Images/Normal/0005.JPG
visa,candle,test,normal,,test/good/0746.JPG,,data/datasets/visa/candle/Data/Images/Normal/0746.JPG
visa,candle,test,normal,,test/good/0623.JPG,,data/datasets/visa/candle/Data/Images/Normal/0623.JPG
visa,candle,test,normal,,test/good/0854.JPG,,data/datasets/visa/candle/Data/Images/Normal/0854.JPG
visa,candle,test,normal,,test/good/0675.JPG,,data/datasets/visa/candle/Data/Images/Normal/0675.JPG
visa,candle,test,normal,,test/good/0275.JPG,,data/datasets/visa/candle/Data/Images/Normal/0275.JPG
visa,candle,test,normal,,test/good/0937.JPG,,data/datasets/visa/candle/Data/Images/Normal/0937.JPG
visa,candle,test,normal,,test/good/0361.JPG,,data/datasets/visa/candle/Data/Images/Normal/0361.JPG
visa,candle,test,normal,,test/good/0591.JPG,,data/datasets/visa/candle/Data/Images/Normal/0591.JPG
visa,candle,test,normal,,test/good/0352.JPG,,data/datasets/visa/candle/Data/Images/Normal/0352.JPG
visa,candle,test,normal,,test/good/0526.JPG,,data/datasets/visa/candle/Data/Images/Normal/0526.JPG
visa,candle,test,normal,,test/good/0414.JPG,,data/datasets/visa/candle/Data/Images/Normal/0414.JPG
visa,candle,test,normal,,test/good/0237.JPG,,data/datasets/visa/candle/Data/Images/Normal/0237.JPG
visa,candle,test,normal,,test/good/0892.JPG,,data/datasets/visa/candle/Data/Images/Normal/0892.JPG
visa,candle,test,normal,,test/good/0552.JPG,,data/datasets/visa/candle/Data/Images/Normal/0552.JPG
visa,candle,test,normal,,test/good/0204.JPG,,data/datasets/visa/candle/Data/Images/Normal/0204.JPG
visa,candle,test,normal,,test/good/0789.JPG,,data/datasets/visa/candle/Data/Images/Normal/0789.JPG
visa,candle,test,normal,,test/good/0012.JPG,,data/datasets/visa/candle/Data/Images/Normal/0012.JPG
visa,candle,test,normal,,test/good/0232.JPG,,data/datasets/visa/candle/Data/Images/Normal/0232.JPG
visa,candle,test,normal,,test/good/0514.JPG,,data/datasets/visa/candle/Data/Images/Normal/0514.JPG
visa,candle,test,normal,,test/good/0172.JPG,,data/datasets/visa/candle/Data/Images/Normal/0172.JPG
visa,candle,test,normal,,test/good/0174.JPG,,data/datasets/visa/candle/Data/Images/Normal/0174.JPG
visa,candle,test,normal,,test/good/0662.JPG,,data/datasets/visa/candle/Data/Images/Normal/0662.JPG
visa,candle,test,normal,,test/good/0403.JPG,,data/datasets/visa/candle/Data/Images/Normal/0403.JPG
visa,candle,test,normal,,test/good/0592.JPG,,data/datasets/visa/candle/Data/Images/Normal/0592.JPG
visa,candle,test,normal,,test/good/0607.JPG,,data/datasets/visa/candle/Data/Images/Normal/0607.JPG
visa,candle,test,normal,,test/good/0629.JPG,,data/datasets/visa/candle/Data/Images/Normal/0629.JPG
visa,candle,test,normal,,test/good/0868.JPG,,data/datasets/visa/candle/Data/Images/Normal/0868.JPG
visa,candle,test,normal,,test/good/0720.JPG,,data/datasets/visa/candle/Data/Images/Normal/0720.JPG
visa,candle,test,normal,,test/good/0315.JPG,,data/datasets/visa/candle/Data/Images/Normal/0315.JPG
visa,candle,test,normal,,test/good/0044.JPG,,data/datasets/visa/candle/Data/Images/Normal/0044.JPG
visa,candle,test,normal,,test/good/0480.JPG,,data/datasets/visa/candle/Data/Images/Normal/0480.JPG
visa,candle,test,normal,,test/good/0030.JPG,,data/datasets/visa/candle/Data/Images/Normal/0030.JPG
visa,candle,test,normal,,test/good/0750.JPG,,data/datasets/visa/candle/Data/Images/Normal/0750.JPG
visa,candle,test,normal,,test/good/0501.JPG,,data/datasets/visa/candle/Data/Images/Normal/0501.JPG
visa,candle,test,normal,,test/good/0379.JPG,,data/datasets/visa/candle/Data/Images/Normal/0379.JPG
visa,candle,test,normal,,test/good/0905.JPG,,data/datasets/visa/candle/Data/Images/Normal/0905.JPG
visa,candle,test,normal,,test/good/0860.JPG,,data/datasets/visa/candle/Data/Images/Normal/0860.JPG
visa,candle,test,normal,,test/good/0533.JPG,,data/datasets/visa/candle/Data/Images/Normal/0533.JPG
visa,candle,test,normal,,test/good/0167.JPG,,data/datasets/visa/candle/Data/Images/Normal/0167.JPG
visa,candle,test,normal,,test/good/0797.JPG,,data/datasets/visa/candle/Data/Images/Normal/0797.JPG
visa,candle,test,normal,,test/good/0110.JPG,,data/datasets/visa/candle/Data/Images/Normal/0110.JPG
visa,candle,test,normal,,test/good/0520.JPG,,data/datasets/visa/candle/Data/Images/Normal/0520.JPG
visa,candle,test,normal,,test/good/0679.JPG,,data/datasets/visa/candle/Data/Images/Normal/0679.JPG
visa,candle,test,normal,,test/good/0449.JPG,,data/datasets/visa/candle/Data/Images/Normal/0449.JPG
visa,candle,test,normal,,test/good/0088.JPG,,data/datasets/visa/candle/Data/Images/Normal/0088.JPG
visa,candle,test,normal,,test/good/0383.JPG,,data/datasets/visa/candle/Data/Images/Normal/0383.JPG
visa,candle,test,normal,,test/good/0755.JPG,,data/datasets/visa/candle/Data/Images/Normal/0755.JPG
visa,candle,test,normal,,test/good/0690.JPG,,data/datasets/visa/candle/Data/Images/Normal/0690.JPG
visa,candle,test,normal,,test/good/0794.JPG,,data/datasets/visa/candle/Data/Images/Normal/0794.JPG
visa,candle,test,normal,,test/good/0719.JPG,,data/datasets/visa/candle/Data/Images/Normal/0719.JPG
visa,candle,test,normal,,test/good/0561.JPG,,data/datasets/visa/candle/Data/Images/Normal/0561.JPG
visa,candle,test,normal,,test/good/0375.JPG,,data/datasets/visa/candle/Data/Images/Normal/0375.JPG
visa,candle,test,normal,,test/good/0177.JPG,,data/datasets/visa/candle/Data/Images/Normal/0177.JPG
visa,candle,test,normal,,test/good/0680.JPG,,data/datasets/visa/candle/Data/Images/Normal/0680.JPG
visa,candle,test,normal,,test/good/0424.JPG,,data/datasets/visa/candle/Data/Images/Normal/0424.JPG
visa,candle,test,normal,,test/good/0413.JPG,,data/datasets/visa/candle/Data/Images/Normal/0413.JPG
visa,candle,test,normal,,test/good/0816.JPG,,data/datasets/visa/candle/Data/Images/Normal/0816.JPG
visa,candle,test,normal,,test/good/0761.JPG,,data/datasets/visa/candle/Data/Images/Normal/0761.JPG
visa,candle,test,normal,,test/good/0248.JPG,,data/datasets/visa/candle/Data/Images/Normal/0248.JPG
visa,candle,test,normal,,test/good/0491.JPG,,data/datasets/visa/candle/Data/Images/Normal/0491.JPG
visa,candle,test,normal,,test/good/0035.JPG,,data/datasets/visa/candle/Data/Images/Normal/0035.JPG
visa,candle,test,normal,,test/good/0873.JPG,,data/datasets/visa/candle/Data/Images/Normal/0873.JPG
visa,candle,test,normal,,test/good/0603.JPG,,data/datasets/visa/candle/Data/Images/Normal/0603.JPG
visa,candle,test,normal,,test/good/0402.JPG,,data/datasets/visa/candle/Data/Images/Normal/0402.JPG
visa,candle,test,normal,,test/good/0517.JPG,,data/datasets/visa/candle/Data/Images/Normal/0517.JPG
visa,candle,test,normal,,test/good/0866.JPG,,data/datasets/visa/candle/Data/Images/Normal/0866.JPG
visa,candle,test,normal,,test/good/0511.JPG,,data/datasets/visa/candle/Data/Images/Normal/0511.JPG
visa,candle,test,normal,,test/good/0903.JPG,,data/datasets/visa/candle/Data/Images/Normal/0903.JPG
visa,candle,test,normal,,test/good/0601.JPG,,data/datasets/visa/candle/Data/Images/Normal/0601.JPG
visa,candle,test,normal,,test/good/0290.JPG,,data/datasets/visa/candle/Data/Images/Normal/0290.JPG
visa,candle,test,normal,,test/good/0310.JPG,,data/datasets/visa/candle/Data/Images/Normal/0310.JPG
visa,candle,test,normal,,test/good/0194.JPG,,data/datasets/visa/candle/Data/Images/Normal/0194.JPG
visa,candle,test,normal,,test/good/0686.JPG,,data/datasets/visa/candle/Data/Images/Normal/0686.JPG
visa,candle,test,normal,,test/good/0849.JPG,,data/datasets/visa/candle/Data/Images/Normal/0849.JPG
visa,candle,test,normal,,test/good/0519.JPG,,data/datasets/visa/candle/Data/Images/Normal/0519.JPG
visa,candle,test,normal,,test/good/0952.JPG,,data/datasets/visa/candle/Data/Images/Normal/0952.JPG
visa,candle,test,normal,,test/good/0512.JPG,,data/datasets/visa/candle/Data/Images/Normal/0512.JPG
visa,candle,test,normal,,test/good/0728.JPG,,data/datasets/visa/candle/Data/Images/Normal/0728.JPG
visa,candle,test,normal,,test/good/0969.JPG,,data/datasets/visa/candle/Data/Images/Normal/0969.JPG
visa,candle,test,normal,,test/good/0917.JPG,,data/datasets/visa/candle/Data/Images/Normal/0917.JPG
visa,candle,test,normal,,test/good/0340.JPG,,data/datasets/visa/candle/Data/Images/Normal/0340.JPG
visa,candle,test,normal,,test/good/0760.JPG,,data/datasets/visa/candle/Data/Images/Normal/0760.JPG
visa,candle,test,normal,,test/good/0123.JPG,,data/datasets/visa/candle/Data/Images/Normal/0123.JPG
visa,candle,test,normal,,test/good/0303.JPG,,data/datasets/visa/candle/Data/Images/Normal/0303.JPG
visa,candle,test,normal,,test/good/0880.JPG,,data/datasets/visa/candle/Data/Images/Normal/0880.JPG
visa,candle,test,normal,,test/good/0741.JPG,,data/datasets/visa/candle/Data/Images/Normal/0741.JPG
visa,candle,test,normal,,test/good/0644.JPG,,data/datasets/visa/candle/Data/Images/Normal/0644.JPG
visa,candle,test,normal,,test/good/0190.JPG,,data/datasets/visa/candle/Data/Images/Normal/0190.JPG
visa,candle,test,normal,,test/good/0102.JPG,,data/datasets/visa/candle/Data/Images/Normal/0102.JPG
visa,candle,test,normal,,test/good/0657.JPG,,data/datasets/visa/candle/Data/Images/Normal/0657.JPG
visa,candle,test,normal,,test/good/0569.JPG,,data/datasets/visa/candle/Data/Images/Normal/0569.JPG
visa,candle,test,normal,,test/good/0857.JPG,,data/datasets/visa/candle/Data/Images/Normal/0857.JPG
visa,candle,test,normal,,test/good/0426.JPG,,data/datasets/visa/candle/Data/Images/Normal/0426.JPG
visa,candle,test,normal,,test/good/0961.JPG,,data/datasets/visa/candle/Data/Images/Normal/0961.JPG
visa,candle,test,normal,,test/good/0296.JPG,,data/datasets/visa/candle/Data/Images/Normal/0296.JPG
visa,candle,test,normal,,test/good/0470.JPG,,data/datasets/visa/candle/Data/Images/Normal/0470.JPG
visa,candle,test,normal,,test/good/0990.JPG,,data/datasets/visa/candle/Data/Images/Normal/0990.JPG
visa,candle,test,normal,,test/good/0224.JPG,,data/datasets/visa/candle/Data/Images/Normal/0224.JPG
visa,candle,test,normal,,test/good/0693.JPG,,data/datasets/visa/candle/Data/Images/Normal/0693.JPG
visa,candle,test,normal,,test/good/0236.JPG,,data/datasets/visa/candle/Data/Images/Normal/0236.JPG
visa,candle,test,normal,,test/good/0353.JPG,,data/datasets/visa/candle/Data/Images/Normal/0353.JPG
visa,candle,test,normal,,test/good/0238.JPG,,data/datasets/visa/candle/Data/Images/Normal/0238.JPG
visa,candle,test,normal,,test/good/0566.JPG,,data/datasets/visa/candle/Data/Images/Normal/0566.JPG
visa,candle,test,normal,,test/good/0991.JPG,,data/datasets/visa/candle/Data/Images/Normal/0991.JPG
visa,candle,test,normal,,test/good/0448.JPG,,data/datasets/visa/candle/Data/Images/Normal/0448.JPG
visa,candle,test,normal,,test/good/0995.JPG,,data/datasets/visa/candle/Data/Images/Normal/0995.JPG
visa,candle,test,normal,,test/good/0227.JPG,,data/datasets/visa/candle/Data/Images/Normal/0227.JPG
visa,candle,test,normal,,test/good/0540.JPG,,data/datasets/visa/candle/Data/Images/Normal/0540.JPG
visa,candle,test,normal,,test/good/0981.JPG,,data/datasets/visa/candle/Data/Images/Normal/0981.JPG
visa,candle,test,normal,,test/good/0743.JPG,,data/datasets/visa/candle/Data/Images/Normal/0743.JPG
visa,candle,test,normal,,test/good/0432.JPG,,data/datasets/visa/candle/Data/Images/Normal/0432.JPG
visa,candle,test,normal,,test/good/0221.JPG,,data/datasets/visa/candle/Data/Images/Normal/0221.JPG
visa,candle,test,normal,,test/good/0702.JPG,,data/datasets/visa/candle/Data/Images/Normal/0702.JPG
visa,candle,test,normal,,test/good/0390.JPG,,data/datasets/visa/candle/Data/Images/Normal/0390.JPG
visa,candle,test,normal,,test/good/0902.JPG,,data/datasets/visa/candle/Data/Images/Normal/0902.JPG
visa,candle,test,normal,,test/good/0009.JPG,,data/datasets/visa/candle/Data/Images/Normal/0009.JPG
visa,candle,test,normal,,test/good/0554.JPG,,data/datasets/visa/candle/Data/Images/Normal/0554.JPG
visa,candle,test,normal,,test/good/0665.JPG,,data/datasets/visa/candle/Data/Images/Normal/0665.JPG
visa,candle,test,normal,,test/good/0026.JPG,,data/datasets/visa/candle/Data/Images/Normal/0026.JPG
visa,candle,test,normal,,test/good/0022.JPG,,data/datasets/visa/candle/Data/Images/Normal/0022.JPG
visa,candle,test,normal,,test/good/0031.JPG,,data/datasets/visa/candle/Data/Images/Normal/0031.JPG
visa,candle,test,normal,,test/good/0325.JPG,,data/datasets/visa/candle/Data/Images/Normal/0325.JPG
visa,candle,test,normal,,test/good/0923.JPG,,data/datasets/visa/candle/Data/Images/Normal/0923.JPG
visa,candle,test,normal,,test/good/0104.JPG,,data/datasets/visa/candle/Data/Images/Normal/0104.JPG
visa,candle,test,normal,,test/good/0605.JPG,,data/datasets/visa/candle/Data/Images/Normal/0605.JPG
visa,candle,test,normal,,test/good/0234.JPG,,data/datasets/visa/candle/Data/Images/Normal/0234.JPG
visa,candle,test,normal,,test/good/0996.JPG,,data/datasets/visa/candle/Data/Images/Normal/0996.JPG
visa,candle,test,normal,,test/good/0738.JPG,,data/datasets/visa/candle/Data/Images/Normal/0738.JPG
visa,candle,test,normal,,test/good/0272.JPG,,data/datasets/visa/candle/Data/Images/Normal/0272.JPG
visa,candle,test,normal,,test/good/0456.JPG,,data/datasets/visa/candle/Data/Images/Normal/0456.JPG
visa,candle,test,normal,,test/good/0712.JPG,,data/datasets/visa/candle/Data/Images/Normal/0712.JPG
visa,candle,test,normal,,test/good/0002.JPG,,data/datasets/visa/candle/Data/Images/Normal/0002.JPG
visa,candle,test,normal,,test/good/0785.JPG,,data/datasets/visa/candle/Data/Images/Normal/0785.JPG
visa,candle,test,normal,,test/good/0780.JPG,,data/datasets/visa/candle/Data/Images/Normal/0780.JPG
visa,candle,test,normal,,test/good/0622.JPG,,data/datasets/visa/candle/Data/Images/Normal/0622.JPG
visa,candle,test,normal,,test/good/0443.JPG,,data/datasets/visa/candle/Data/Images/Normal/0443.JPG
visa,candle,test,normal,,test/good/0399.JPG,,data/datasets/visa/candle/Data/Images/Normal/0399.JPG
visa,candle,test,normal,,test/good/0855.JPG,,data/datasets/visa/candle/Data/Images/Normal/0855.JPG
visa,candle,test,normal,,test/good/0914.JPG,,data/datasets/visa/candle/Data/Images/Normal/0914.JPG
visa,candle,test,normal,,test/good/0029.JPG,,data/datasets/visa/candle/Data/Images/Normal/0029.JPG
visa,candle,test,normal,,test/good/0499.JPG,,data/datasets/visa/candle/Data/Images/Normal/0499.JPG
visa,candle,test,normal,,test/good/0096.JPG,,data/datasets/visa/candle/Data/Images/Normal/0096.JPG
visa,candle,test,normal,,test/good/0214.JPG,,data/datasets/visa/candle/Data/Images/Normal/0214.JPG
visa,candle,test,normal,,test/good/0807.JPG,,data/datasets/visa/candle/Data/Images/Normal/0807.JPG
visa,candle,test,normal,,test/good/0388.JPG,,data/datasets/visa/candle/Data/Images/Normal/0388.JPG
visa,candle,test,normal,,test/good/0667.JPG,,data/datasets/visa/candle/Data/Images/Normal/0667.JPG
visa,candle,test,normal,,test/good/0483.JPG,,data/datasets/visa/candle/Data/Images/Normal/0483.JPG
visa,candle,test,normal,,test/good/0460.JPG,,data/datasets/visa/candle/Data/Images/Normal/0460.JPG
visa,candle,test,normal,,test/good/0779.JPG,,data/datasets/visa/candle/Data/Images/Normal/0779.JPG
visa,candle,test,normal,,test/good/0507.JPG,,data/datasets/visa/candle/Data/Images/Normal/0507.JPG
visa,candle,test,normal,,test/good/0120.JPG,,data/datasets/visa/candle/Data/Images/Normal/0120.JPG
visa,candle,test,normal,,test/good/0261.JPG,,data/datasets/visa/candle/Data/Images/Normal/0261.JPG
visa,candle,test,normal,,test/good/0064.JPG,,data/datasets/visa/candle/Data/Images/Normal/0064.JPG
visa,candle,test,normal,,test/good/0782.JPG,,data/datasets/visa/candle/Data/Images/Normal/0782.JPG
visa,candle,test,normal,,test/good/0821.JPG,,data/datasets/visa/candle/Data/Images/Normal/0821.JPG
visa,candle,test,normal,,test/good/0867.JPG,,data/datasets/visa/candle/Data/Images/Normal/0867.JPG
visa,candle,test,normal,,test/good/0582.JPG,,data/datasets/visa/candle/Data/Images/Normal/0582.JPG
visa,candle,test,normal,,test/good/0137.JPG,,data/datasets/visa/candle/Data/Images/Normal/0137.JPG
visa,candle,test,anomaly,,test/anomaly/022.JPG,test/masks/022.png,data/datasets/visa/candle/Data/Images/Anomaly/022.JPG
visa,candle,test,anomaly,,test/anomaly/014.JPG,test/masks/014.png,data/datasets/visa/candle/Data/Images/Anomaly/014.JPG
visa,candle,test,anomaly,,test/anomaly/035.JPG,test/masks/035.png,data/datasets/visa/candle/Data/Images/Anomaly/035.JPG
visa,candle,test,anomaly,,test/anomaly/093.JPG,test/masks/093.png,data/datasets/visa/candle/Data/Images/Anomaly/093.JPG
visa,candle,test,anomaly,,test/anomaly/056.JPG,test/masks/056.png,data/datasets/visa/candle/Data/Images/Anomaly/056.JPG
visa,candle,test,anomaly,,test/anomaly/028.JPG,test/masks/028.png,data/datasets/visa/candle/Data/Images/Anomaly/028.JPG
visa,candle,test,anomaly,,test/anomaly/098.JPG,test/masks/098.png,data/datasets/visa/candle/Data/Images/Anomaly/098.JPG
visa,candle,test,anomaly,,test/anomaly/054.JPG,test/masks/054.png,data/datasets/visa/candle/Data/Images/Anomaly/054.JPG
visa,candle,test,anomaly,,test/anomaly/027.JPG,test/masks/027.png,data/datasets/visa/candle/Data/Images/Anomaly/027.JPG
visa,candle,test,anomaly,,test/anomaly/089.JPG,test/masks/089.png,data/datasets/visa/candle/Data/Images/Anomaly/089.JPG
visa,candle,test,anomaly,,test/anomaly/001.JPG,test/masks/001.png,data/datasets/visa/candle/Data/Images/Anomaly/001.JPG
visa,candle,test,anomaly,,test/anomaly/069.JPG,test/masks/069.png,data/datasets/visa/candle/Data/Images/Anomaly/069.JPG
visa,candle,test,anomaly,,test/anomaly/074.JPG,test/masks/074.png,data/datasets/visa/candle/Data/Images/Anomaly/074.JPG
visa,candle,test,anomaly,,test/anomaly/002.JPG,test/masks/002.png,data/datasets/visa/candle/Data/Images/Anomaly/002.JPG
visa,candle,test,anomaly,,test/anomaly/085.JPG,test/masks/085.png,data/datasets/visa/candle/Data/Images/Anomaly/085.JPG
visa,candle,test,anomaly,,test/anomaly/040.JPG,test/masks/040.png,data/datasets/visa/candle/Data/Images/Anomaly/040.JPG
visa,candle,test,anomaly,,test/anomaly/013.JPG,test/masks/013.png,data/datasets/visa/candle/Data/Images/Anomaly/013.JPG
visa,candle,test,anomaly,,test/anomaly/075.JPG,test/masks/075.png,data/datasets/visa/candle/Data/Images/Anomaly/075.JPG
visa,candle,test,anomaly,,test/anomaly/029.JPG,test/masks/029.png,data/datasets/visa/candle/Data/Images/Anomaly/029.JPG
visa,candle,test,anomaly,,test/anomaly/034.JPG,test/masks/034.png,data/datasets/visa/candle/Data/Images/Anomaly/034.JPG
visa,candle,test,anomaly,,test/anomaly/092.JPG,test/masks/092.png,data/datasets/visa/candle/Data/Images/Anomaly/092.JPG
visa,candle,test,anomaly,,test/anomaly/000.JPG,test/masks/000.png,data/datasets/visa/candle/Data/Images/Anomaly/000.JPG
visa,candle,test,anomaly,,test/anomaly/077.JPG,test/masks/077.png,data/datasets/visa/candle/Data/Images/Anomaly/077.JPG
visa,candle,test,anomaly,,test/anomaly/055.JPG,test/masks/055.png,data/datasets/visa/candle/Data/Images/Anomaly/055.JPG
visa,candle,test,anomaly,,test/anomaly/049.JPG,test/masks/049.png,data/datasets/visa/candle/Data/Images/Anomaly/049.JPG
visa,candle,test,anomaly,,test/anomaly/003.JPG,test/masks/003.png,data/datasets/visa/candle/Data/Images/Anomaly/003.JPG
visa,candle,test,anomaly,,test/anomaly/062.JPG,test/masks/062.png,data/datasets/visa/candle/Data/Images/Anomaly/062.JPG
visa,candle,test,anomaly,,test/anomaly/012.JPG,test/masks/012.png,data/datasets/visa/candle/Data/Images/Anomaly/012.JPG
visa,candle,test,anomaly,,test/anomaly/026.JPG,test/masks/026.png,data/datasets/visa/candle/Data/Images/Anomaly/026.JPG
visa,candle,test,anomaly,,test/anomaly/048.JPG,test/masks/048.png,data/datasets/visa/candle/Data/Images/Anomaly/048.JPG
visa,candle,test,anomaly,,test/anomaly/083.JPG,test/masks/083.png,data/datasets/visa/candle/Data/Images/Anomaly/083.JPG
visa,candle,test,anomaly,,test/anomaly/060.JPG,test/masks/060.png,data/datasets/visa/candle/Data/Images/Anomaly/060.JPG
visa,candle,test,anomaly,,test/anomaly/057.JPG,test/masks/057.png,data/datasets/visa/candle/Data/Images/Anomaly/057.JPG
visa,candle,test,anomaly,,test/anomaly/063.JPG,test/masks/063.png,data/datasets/visa/candle/Data/Images/Anomaly/063.JPG
visa,candle,test,anomaly,,test/anomaly/015.JPG,test/masks/015.png,data/datasets/visa/candle/Data/Images/Anomaly/015.JPG
visa,candle,test,anomaly,,test/anomaly/032.JPG,test/masks/032.png,data/datasets/visa/candle/Data/Images/Anomaly/032.JPG
visa,candle,test,anomaly,,test/anomaly/008.JPG,test/masks/008.png,data/datasets/visa/candle/Data/Images/Anomaly/008.JPG
visa,candle,test,anomaly,,test/anomaly/097.JPG,test/masks/097.png,data/datasets/visa/candle/Data/Images/Anomaly/097.JPG
visa,candle,test,anomaly,,test/anomaly/072.JPG,test/masks/072.png,data/datasets/visa/candle/Data/Images/Anomaly/072.JPG
visa,candle,test,anomaly,,test/anomaly/017.JPG,test/masks/017.png,data/datasets/visa/candle/Data/Images/Anomaly/017.JPG
visa,pcb1,train,normal,,train/good/0417.JPG,,data/datasets/visa/pcb1/Data/Images/Normal/0417.JPG
visa,pcb1,train,normal,,train/good/0495.JPG,,data/datasets/visa/pcb1/Data/Images/Normal/0495.JPG
visa,pcb1,train,normal,,train/good/0378.JPG,,data/datasets/visa/pcb1/Data/Images/Normal/0378.JPG
visa,pcb1,train,normal,,train/good/0670.JPG,,data/datasets/visa/pcb1/Data/Images/Normal/0670.JPG
visa,pcb1,train,normal,,train/good/0345.JPG,,data/datasets/visa/pcb1/Data/Images/Normal/0345.JPG
visa,pcb1,train,normal,,train/good/0289.JPG,,data/datasets/visa/pcb1/Data/Images/Normal/0289.JPG
visa,pcb1,train,normal,,train/good/0380.JPG,,data/datasets/visa/pcb1/Data/Images/Normal/0380.JPG
visa,pcb1,train,normal,,train/good/0242.JPG,,data/datasets/visa/pcb1/Data/Images/Normal/0242.JPG
visa,pcb1,train,normal,,train/good/0047.JPG,,data/datasets/visa/pcb1/Data/Images/Normal/0047.JPG
visa,pcb1,train,normal,,train/good/0929.JPG,,data/datasets/visa/pcb1/Data/Images/Normal/0929.JPG
visa,pcb1,train,normal,,train/good/0714.JPG,,data/datasets/visa/pcb1/Data/Images/Normal/0714.JPG
visa,pcb1,train,normal,,train/good/0260.JPG,,data/datasets/visa/pcb1/Data/Images/Normal/0260.JPG
visa,pcb1,train,normal,,train/good/0155.JPG,,data/datasets/visa/pcb1/Data/Images/Normal/0155.JPG
visa,pcb1,train,normal,,train/good/0793.JPG,,data/datasets/visa/pcb1/Data/Images/Normal/0793.JPG
visa,pcb1,train,normal,,train/good/0865.JPG,,data/datasets/visa/pcb1/Data/Images/Normal/0865.JPG
visa,pcb1,train,normal,,train/good/0731.JPG,,data/datasets/visa/pcb1/Data/Images/Normal/0731.JPG
visa,pcb1,train,normal,,train/good/0764.JPG,,data/datasets/visa/pcb1/Data/Images/Normal/0764.JPG
visa,pcb1,train,normal,,train/good/0243.JPG,,data/datasets/visa/pcb1/Data/Images/Normal/0243.JPG
visa,pcb1,train,normal,,train/good/0996.JPG,,data/datasets/visa/pcb1/Data/Images/Normal/0996.JPG
visa,pcb1,train,normal,,train/good/0619.JPG,,data/datasets/visa/pcb1/Data/Images/Normal/0619.JPG
visa,pcb1,train,normal,,train/good/0200.JPG,,data/datasets/visa/pcb1/Data/Images/Normal/0200.JPG
visa,pcb1,train,normal,,train/good/0878.JPG,,data/datasets/visa/pcb1/Data/Images/Normal/0878.JPG
visa,pcb1,train,normal,,train/good/0107.JPG,,data/datasets/visa/pcb1/Data/Images/Normal/0107.JPG
visa,pcb1,train,normal,,train/good/0343.JPG,,data/datasets/visa/pcb1/Data/Images/Normal/0343.JPG
visa,pcb1,train,normal,,train/good/0804.JPG,,data/datasets/visa/pcb1/Data/Images/Normal/0804.JPG
visa,pcb1,train,normal,,train/good/0871.JPG,,data/datasets/visa/pcb1/Data/Images/Normal/0871.JPG
visa,pcb1,train,normal,,train/good/0573.JPG,,data/datasets/visa/pcb1/Data/Images/Normal/0573.JPG
visa,pcb1,train,normal,,train/good/0814.JPG,,data/datasets/visa/pcb1/Data/Images/Normal/0814.JPG
visa,pcb1,train,normal,,train/good/0926.JPG,,data/datasets/visa/pcb1/Data/Images/Normal/0926.JPG
visa,pcb1,train,normal,,train/good/0581.JPG,,data/datasets/visa/pcb1/Data/Images/Normal/0581.JPG
visa,pcb1,train,normal,,train/good/0049.JPG,,data/datasets/visa/pcb1/Data/Images/Normal/0049.JPG
visa,pcb1,train,normal,,train/good/0771.JPG,,data/datasets/visa/pcb1/Data/Images/Normal/0771.JPG
visa,pcb1,train,normal,,train/good/0386.JPG,,data/datasets/visa/pcb1/Data/Images/Normal/0386.JPG
visa,pcb1,train,normal,,train/good/0073.JPG,,data/datasets/visa/pcb1/Data/Images/Normal/0073.JPG
visa,pcb1,train,normal,,train/good/0125.JPG,,data/datasets/visa/pcb1/Data/Images/Normal/0125.JPG
visa,pcb1,train,normal,,train/good/0947.JPG,,data/datasets/visa/pcb1/Data/Images/Normal/0947.JPG
visa,pcb1,train,normal,,train/good/0600.JPG,,data/datasets/visa/pcb1/Data/Images/Normal/0600.JPG
visa,pcb1,train,normal,,train/good/0362.JPG,,data/datasets/visa/pcb1/Data/Images/Normal/0362.JPG
visa,pcb1,train,normal,,train/good/0597.JPG,,data/datasets/visa/pcb1/Data/Images/Normal/0597.JPG
visa,pcb1,train,normal,,train/good/0267.JPG,,data/datasets/visa/pcb1/Data/Images/Normal/0267.JPG
visa,pcb1,train,normal,,train/good/0919.JPG,,data/datasets/visa/pcb1/Data/Images/Normal/0919.JPG
visa,pcb1,train,normal,,train/good/0599.JPG,,data/datasets/visa/pcb1/Data/Images/Normal/0599.JPG
visa,pcb1,train,normal,,train/good/0405.JPG,,data/datasets/visa/pcb1/Data/Images/Normal/0405.JPG
visa,pcb1,train,normal,,train/good/0570.JPG,,data/datasets/visa/pcb1/Data/Images/Normal/0570.JPG
visa,pcb1,train,normal,,train/good/0904.JPG,,data/datasets/visa/pcb1/Data/Images/Normal/0904.JPG
visa,pcb1,train,normal,,train/good/0489.JPG,,data/datasets/visa/pcb1/Data/Images/Normal/0489.JPG
visa,pcb1,train,normal,,train/good/0233.JPG,,data/datasets/visa/pcb1/Data/Images/Normal/0233.JPG
visa,pcb1,train,normal,,train/good/0487.JPG,,data/datasets/visa/pcb1/Data/Images/Normal/0487.JPG
visa,pcb1,train,normal,,train/good/0197.JPG,,data/datasets/visa/pcb1/Data/Images/Normal/0197.JPG
visa,pcb1,train,normal,,train/good/0147.JPG,,data/datasets/visa/pcb1/Data/Images/Normal/0147.JPG
visa,pcb1,train,normal,,train/good/0231.JPG,,data/datasets/visa/pcb1/Data/Images/Normal/0231.JPG
visa,pcb1,train,normal,,train/good/0611.JPG,,data/datasets/visa/pcb1/Data/Images/Normal/0611.JPG
visa,pcb1,train,normal,,train/good/0037.JPG,,data/datasets/visa/pcb1/Data/Images/Normal/0037.JPG
visa,pcb1,train,normal,,train/good/0678.JPG,,data/datasets/visa/pcb1/Data/Images/Normal/0678.JPG
visa,pcb1,train,normal,,train/good/0770.JPG,,data/datasets/visa/pcb1/Data/Images/Normal/0770.JPG
visa,pcb1,train,normal,,train/good/0703.JPG,,data/datasets/visa/pcb1/Data/Images/Normal/0703.JPG
visa,pcb1,train,normal,,train/good/0052.JPG,,data/datasets/visa/pcb1/Data/Images/Normal/0052.JPG
visa,pcb1,train,normal,,train/good/0845.JPG,,data/datasets/visa/pcb1/Data/Images/Normal/0845.JPG
visa,pcb1,train,normal,,train/good/0606.JPG,,data/datasets/visa/pcb1/Data/Images/Normal/0606.JPG
visa,pcb1,train,normal,,train/good/0309.JPG,,data/datasets/visa/pcb1/Data/Images/Normal/0309.JPG
visa,pcb1,train,normal,,train/good/0718.JPG,,data/datasets/visa/pcb1/Data/Images/Normal/0718.JPG
visa,pcb1,train,normal,,train/good/0613.JPG,,data/datasets/visa/pcb1/Data/Images/Normal/0613.JPG
visa,pcb1,train,normal,,train/good/0131.JPG,,data/datasets/visa/pcb1/Data/Images/Normal/0131.JPG
visa,pcb1,train,normal,,train/good/0957.JPG,,data/datasets/visa/pcb1/Data/Images/Normal/0957.JPG
visa,pcb1,train,normal,,train/good/0537.JPG,,data/datasets/visa/pcb1/Data/Images/Normal/0537.JPG
visa,pcb1,train,normal,,train/good/0095.JPG,,data/datasets/visa/pcb1/Data/Images/Normal/0095.JPG
visa,pcb1,train,normal,,train/good/0810.JPG,,data/datasets/visa/pcb1/Data/Images/Normal/0810.JPG
visa,pcb1,train,normal,,train/good/0082.JPG,,data/datasets/visa/pcb1/Data/Images/Normal/0082.JPG
visa,pcb1,train,normal,,train/good/0756.JPG,,data/datasets/visa/pcb1/Data/Images/Normal/0756.JPG
visa,pcb1,train,normal,,train/good/0659.JPG,,data/datasets/visa/pcb1/Data/Images/Normal/0659.JPG
visa,pcb1,train,normal,,train/good/0905.JPG,,data/datasets/visa/pcb1/Data/Images/Normal/0905.JPG
visa,pcb1,train,normal,,train/good/0144.JPG,,data/datasets/visa/pcb1/Data/Images/Normal/0144.JPG
visa,pcb1,train,normal,,train/good/1003.JPG,,data/datasets/visa/pcb1/Data/Images/Normal/1003.JPG
visa,pcb1,train,normal,,train/good/0836.JPG,,data/datasets/visa/pcb1/Data/Images/Normal/0836.JPG
visa,pcb1,train,normal,,train/good/0549.JPG,,data/datasets/visa/pcb1/Data/Images/Normal/0549.JPG
visa,pcb1,train,normal,,train/good/0004.JPG,,data/datasets/visa/pcb1/Data/Images/Normal/0004.JPG
visa,pcb1,train,normal,,train/good/0575.JPG,,data/datasets/visa/pcb1/Data/Images/Normal/0575.JPG
visa,pcb1,train,normal,,train/good/1002.JPG,,data/datasets/visa/pcb1/Data/Images/Normal/1002.JPG
visa,pcb1,train,normal,,train/good/0143.JPG,,data/datasets/visa/pcb1/Data/Images/Normal/0143.JPG
visa,pcb1,train,normal,,train/good/0271.JPG,,data/datasets/visa/pcb1/Data/Images/Normal/0271.JPG
visa,pcb1,train,normal,,train/good/0883.JPG,,data/datasets/visa/pcb1/Data/Images/Normal/0883.JPG
visa,pcb1,train,normal,,train/good/0692.JPG,,data/datasets/visa/pcb1/Data/Images/Normal/0692.JPG
visa,pcb1,train,normal,,train/good/0647.JPG,,data/datasets/visa/pcb1/Data/Images/Normal/0647.JPG
visa,pcb1,train,normal,,train/good/0486.JPG,,data/datasets/visa/pcb1/Data/Images/Normal/0486.JPG
visa,pcb1,train,normal,,train/good/0745.JPG,,data/datasets/visa/pcb1/Data/Images/Normal/0745.JPG
visa,pcb1,train,normal,,train/good/0617.JPG,,data/datasets/visa/pcb1/Data/Images/Normal/0617.JPG
visa,pcb1,train,normal,,train/good/0953.JPG,,data/datasets/visa/pcb1/Data/Images/Normal/0953.JPG
visa,pcb1,train,normal,,train/good/0013.JPG,,data/datasets/visa/pcb1/Data/Images/Normal/0013.JPG
visa,pcb1,train,normal,,train/good/0707.JPG,,data/datasets/visa/pcb1/Data/Images/Normal/0707.JPG
visa,pcb1,train,normal,,train/good/0684.JPG,,data/datasets/visa/pcb1/Data/Images/Normal/0684.JPG
visa,pcb1,train,normal,,train/good/0774.JPG,,data/datasets/visa/pcb1/Data/Images/Normal/0774.JPG
visa,pcb1,train,normal,,train/good/0568.JPG,,data/datasets/visa/pcb1/Data/Images/Normal/0568.JPG
visa,pcb1,train,normal,,train/good/0121.JPG,,data/datasets/visa/pcb1/Data/Images/Normal/0121.JPG
visa,pcb1,train,normal,,train/good/0602.JPG,,data/datasets/visa/pcb1/Data/Images/Normal/0602.JPG
visa,pcb1,train,normal,,train/good/0876.JPG,,data/datasets/visa/pcb1/Data/Images/Normal/0876.JPG
visa,pcb1,train,normal,,train/good/0909.JPG,,data/datasets/visa/pcb1/Data/Images/Normal/0909.JPG
visa,pcb1,train,normal,,train/good/0987.JPG,,data/datasets/visa/pcb1/Data/Images/Normal/0987.JPG
visa,pcb1,train,normal,,train/good/0949.JPG,,data/datasets/visa/pcb1/Data/Images/Normal/0949.JPG
visa,pcb1,train,normal,,train/good/0544.JPG,,data/datasets/visa/pcb1/Data/Images/Normal/0544.JPG
visa,pcb1,train,normal,,train/good/0391.JPG,,data/datasets/visa/pcb1/Data/Images/Normal/0391.JPG
visa,pcb1,train,normal,,train/good/0393.JPG,,data/datasets/visa/pcb1/Data/Images/Normal/0393.JPG
visa,pcb1,train,normal,,train/good/0886.JPG,,data/datasets/visa/pcb1/Data/Images/Normal/0886.JPG
visa,pcb1,train,normal,,train/good/0311.JPG,,data/datasets/visa/pcb1/Data/Images/Normal/0311.JPG
visa,pcb1,train,normal,,train/good/0381.JPG,,data/datasets/visa/pcb1/Data/Images/Normal/0381.JPG
visa,pcb1,train,normal,,train/good/0571.JPG,,data/datasets/visa/pcb1/Data/Images/Normal/0571.JPG
visa,pcb1,train,normal,,train/good/0360.JPG,,data/datasets/visa/pcb1/Data/Images/Normal/0360.JPG
visa,pcb1,train,normal,,train/good/0058.JPG,,data/datasets/visa/pcb1/Data/Images/Normal/0058.JPG
visa,pcb1,train,normal,,train/good/0800.JPG,,data/datasets/visa/pcb1/Data/Images/Normal/0800.JPG
visa,pcb1,train,normal,,train/good/0219.JPG,,data/datasets/visa/pcb1/Data/Images/Normal/0219.JPG
visa,pcb1,train,normal,,train/good/0709.JPG,,data/datasets/visa/pcb1/Data/Images/Normal/0709.JPG
visa,pcb1,train,normal,,train/good/0640.JPG,,data/datasets/visa/pcb1/Data/Images/Normal/0640.JPG
visa,pcb1,train,normal,,train/good/0169.JPG,,data/datasets/visa/pcb1/Data/Images/Normal/0169.JPG
visa,pcb1,train,normal,,train/good/0241.JPG,,data/datasets/visa/pcb1/Data/Images/Normal/0241.JPG
visa,pcb1,train,normal,,train/good/0208.JPG,,data/datasets/visa/pcb1/Data/Images/Normal/0208.JPG
visa,pcb1,train,normal,,train/good/0851.JPG,,data/datasets/visa/pcb1/Data/Images/Normal/0851.JPG
visa,pcb1,train,normal,,train/good/0752.JPG,,data/datasets/visa/pcb1/Data/Images/Normal/0752.JPG
visa,pcb1,train,normal,,train/good/0980.JPG,,data/datasets/visa/pcb1/Data/Images/Normal/0980.JPG
visa,pcb1,train,normal,,train/good/0812.JPG,,data/datasets/visa/pcb1/Data/Images/Normal/0812.JPG
visa,pcb1,train,normal,,train/good/0437.JPG,,data/datasets/visa/pcb1/Data/Images/Normal/0437.JPG
visa,pcb1,train,normal,,train/good/0958.JPG,,data/datasets/visa/pcb1/Data/Images/Normal/0958.JPG
visa,pcb1,train,normal,,train/good/0034.JPG,,data/datasets/visa/pcb1/Data/Images/Normal/0034.JPG
visa,pcb1,train,normal,,train/good/0635.JPG,,data/datasets/visa/pcb1/Data/Images/Normal/0635.JPG
visa,pcb1,train,normal,,train/good/0723.JPG,,data/datasets/visa/pcb1/Data/Images/Normal/0723.JPG
visa,pcb1,train,normal,,train/good/0421.JPG,,data/datasets/visa/pcb1/Data/Images/Normal/0421.JPG
visa,pcb1,train,normal,,train/good/0525.JPG,,data/datasets/visa/pcb1/Data/Images/Normal/0525.JPG
visa,pcb1,train,normal,,train/good/0285.JPG,,data/datasets/visa/pcb1/Data/Images/Normal/0285.JPG
visa,pcb1,train,normal,,train/good/0661.JPG,,data/datasets/visa/pcb1/Data/Images/Normal/0661.JPG
visa,pcb1,train,normal,,train/good/0385.JPG,,data/datasets/visa/pcb1/Data/Images/Normal/0385.JPG
visa,pcb1,train,normal,,train/good/0394.JPG,,data/datasets/visa/pcb1/Data/Images/Normal/0394.JPG
visa,pcb1,train,normal,,train/good/0007.JPG,,data/datasets/visa/pcb1/Data/Images/Normal/0007.JPG
visa,pcb1,train,normal,,train/good/0984.JPG,,data/datasets/visa/pcb1/Data/Images/Normal/0984.JPG
visa,pcb1,train,normal,,train/good/0813.JPG,,data/datasets/visa/pcb1/Data/Images/Normal/0813.JPG
visa,pcb1,train,normal,,train/good/0056.JPG,,data/datasets/visa/pcb1/Data/Images/Normal/0056.JPG
visa,pcb1,train,normal,,train/good/0412.JPG,,data/datasets/visa/pcb1/Data/Images/Normal/0412.JPG
visa,pcb1,train,normal,,train/good/0183.JPG,,data/datasets/visa/pcb1/Data/Images/Normal/0183.JPG
visa,pcb1,train,normal,,train/good/0336.JPG,,data/datasets/visa/pcb1/Data/Images/Normal/0336.JPG
visa,pcb1,train,normal,,train/good/0874.JPG,,data/datasets/visa/pcb1/Data/Images/Normal/0874.JPG
visa,pcb1,train,normal,,train/good/0356.JPG,,data/datasets/visa/pcb1/Data/Images/Normal/0356.JPG
visa,pcb1,train,normal,,train/good/0100.JPG,,data/datasets/visa/pcb1/Data/Images/Normal/0100.JPG
visa,pcb1,train,normal,,train/good/0059.JPG,,data/datasets/visa/pcb1/Data/Images/Normal/0059.JPG
visa,pcb1,train,normal,,train/good/0473.JPG,,data/datasets/visa/pcb1/Data/Images/Normal/0473.JPG
visa,pcb1,train,normal,,train/good/0898.JPG,,data/datasets/visa/pcb1/Data/Images/Normal/0898.JPG
visa,pcb1,train,normal,,train/good/0146.JPG,,data/datasets/visa/pcb1/Data/Images/Normal/0146.JPG
visa,pcb1,train,normal,,train/good/0769.JPG,,data/datasets/visa/pcb1/Data/Images/Normal/0769.JPG
visa,pcb1,train,normal,,train/good/0409.JPG,,data/datasets/visa/pcb1/Data/Images/Normal/0409.JPG
visa,pcb1,train,normal,,train/good/0284.JPG,,data/datasets/visa/pcb1/Data/Images/Normal/0284.JPG
visa,pcb1,train,normal,,train/good/0790.JPG,,data/datasets/visa/pcb1/Data/Images/Normal/0790.JPG
visa,pcb1,train,normal,,train/good/0176.JPG,,data/datasets/visa/pcb1/Data/Images/Normal/0176.JPG
visa,pcb1,train,normal,,train/good/0180.JPG,,data/datasets/visa/pcb1/Data/Images/Normal/0180.JPG
visa,pcb1,train,normal,,train/good/0532.JPG,,data/datasets/visa/pcb1/Data/Images/Normal/0532.JPG
visa,pcb1,train,normal,,train/good/0306.JPG,,data/datasets/visa/pcb1/Data/Images/Normal/0306.JPG
visa,pcb1,train,normal,,train/good/0019.JPG,,data/datasets/visa/pcb1/Data/Images/Normal/0019.JPG
visa,pcb1,train,normal,,train/good/0651.JPG,,data/datasets/visa/pcb1/Data/Images/Normal/0651.JPG
visa,pcb1,train,normal,,train/good/0068.JPG,,data/datasets/visa/pcb1/Data/Images/Normal/0068.JPG
visa,pcb1,train,normal,,train/good/0884.JPG,,data/datasets/visa/pcb1/Data/Images/Normal/0884.JPG
visa,pcb1,train,normal,,train/good/0478.JPG,,data/datasets/visa/pcb1/Data/Images/Normal/0478.JPG
visa,pcb1,train,normal,,train/good/0450.JPG,,data/datasets/visa/pcb1/Data/Images/Normal/0450.JPG
visa,pcb1,train,normal,,train/good/0266.JPG,,data/datasets/visa/pcb1/Data/Images/Normal/0266.JPG
visa,pcb1,train,normal,,train/good/0053.JPG,,data/datasets/visa/pcb1/Data/Images/Normal/0053.JPG
visa,pcb1,train,normal,,train/good/0418.JPG,,data/datasets/visa/pcb1/Data/Images/Normal/0418.JPG
visa,pcb1,train,normal,,train/good/0916.JPG,,data/datasets/visa/pcb1/Data/Images/Normal/0916.JPG
visa,pcb1,train,normal,,train/good/0429.JPG,,data/datasets/visa/pcb1/Data/Images/Normal/0429.JPG
visa,pcb1,train,normal,,train/good/0300.JPG,,data/datasets/visa/pcb1/Data/Images/Normal/0300.JPG
visa,pcb1,train,normal,,train/good/0023.JPG,,data/datasets/visa/pcb1/Data/Images/Normal/0023.JPG
visa,pcb1,train,normal,,train/good/0338.JPG,,data/datasets/visa/pcb1/Data/Images/Normal/0338.JPG
visa,pcb1,train,normal,,train/good/0795.JPG,,data/datasets/visa/pcb1/Data/Images/Normal/0795.JPG
visa,pcb1,train,normal,,train/good/0534.JPG,,data/datasets/visa/pcb1/Data/Images/Normal/0534.JPG
visa,pcb1,train,normal,,train/good/0206.JPG,,data/datasets/visa/pcb1/Data/Images/Normal/0206.JPG
visa,pcb1,train,normal,,train/good/0113.JPG,,data/datasets/visa/pcb1/Data/Images/Normal/0113.JPG
visa,pcb1,train,normal,,train/good/0168.JPG,,data/datasets/visa/pcb1/Data/Images/Normal/0168.JPG
visa,pcb1,train,normal,,train/good/0992.JPG,,data/datasets/visa/pcb1/Data/Images/Normal/0992.JPG
visa,pcb1,train,normal,,train/good/0467.JPG,,data/datasets/visa/pcb1/Data/Images/Normal/0467.JPG
visa,pcb1,train,normal,,train/good/0891.JPG,,data/datasets/visa/pcb1/Data/Images/Normal/0891.JPG
visa,pcb1,train,normal,,train/good/0930.JPG,,data/datasets/visa/pcb1/Data/Images/Normal/0930.JPG
visa,pcb1,train,normal,,train/good/0280.JPG,,data/datasets/visa/pcb1/Data/Images/Normal/0280.JPG
visa,pcb1,train,normal,,train/good/0025.JPG,,data/datasets/visa/pcb1/Data/Images/Normal/0025.JPG
visa,pcb1,train,normal,,train/good/0216.JPG,,data/datasets/visa/pcb1/Data/Images/Normal/0216.JPG
visa,pcb1,train,normal,,train/good/0687.JPG,,data/datasets/visa/pcb1/Data/Images/Normal/0687.JPG
visa,pcb1,train,normal,,train/good/0011.JPG,,data/datasets/visa/pcb1/Data/Images/Normal/0011.JPG
visa,pcb1,train,normal,,train/good/0590.JPG,,data/datasets/visa/pcb1/Data/Images/Normal/0590.JPG
visa,pcb1,train,normal,,train/good/0419.JPG,,data/datasets/visa/pcb1/Data/Images/Normal/0419.JPG
visa,pcb1,train,normal,,train/good/0971.JPG,,data/datasets/visa/pcb1/Data/Images/Normal/0971.JPG
visa,pcb1,train,normal,,train/good/0323.JPG,,data/datasets/visa/pcb1/Data/Images/Normal/0323.JPG
visa,pcb1,train,normal,,train/good/0656.JPG,,data/datasets/visa/pcb1/Data/Images/Normal/0656.JPG
visa,pcb1,train,normal,,train/good/0244.JPG,,data/datasets/visa/pcb1/Data/Images/Normal/0244.JPG
visa,pcb1,train,normal,,train/good/0350.JPG,,data/datasets/visa/pcb1/Data/Images/Normal/0350.JPG
visa,pcb1,train,normal,,train/good/0077.JPG,,data/datasets/visa/pcb1/Data/Images/Normal/0077.JPG
visa,pcb1,train,normal,,train/good/0299.JPG,,data/datasets/visa/pcb1/Data/Images/Normal/0299.JPG
visa,pcb1,train,normal,,train/good/0700.JPG,,data/datasets/visa/pcb1/Data/Images/Normal/0700.JPG
visa,pcb1,train,normal,,train/good/0713.JPG,,data/datasets/visa/pcb1/Data/Images/Normal/0713.JPG
visa,pcb1,train,normal,,train/good/0434.JPG,,data/datasets/visa/pcb1/Data/Images/Normal/0434.JPG
visa,pcb1,train,normal,,train/good/0067.JPG,,data/datasets/visa/pcb1/Data/Images/Normal/0067.JPG
visa,pcb1,train,normal,,train/good/0089.JPG,,data/datasets/visa/pcb1/Data/Images/Normal/0089.JPG
visa,pcb1,train,normal,,train/good/0541.JPG,,data/datasets/visa/pcb1/Data/Images/Normal/0541.JPG
visa,pcb1,train,normal,,train/good/0154.JPG,,data/datasets/visa/pcb1/Data/Images/Normal/0154.JPG
visa,pcb1,train,normal,,train/good/0674.JPG,,data/datasets/visa/pcb1/Data/Images/Normal/0674.JPG
visa,pcb1,train,normal,,train/good/0498.JPG,,data/datasets/visa/pcb1/Data/Images/Normal/0498.JPG
visa,pcb1,train,normal,,train/good/0484.JPG,,data/datasets/visa/pcb1/Data/Images/Normal/0484.JPG
visa,pcb1,train,normal,,train/good/0744.JPG,,data/datasets/visa/pcb1/Data/Images/Normal/0744.JPG
visa,pcb1,train,normal,,train/good/0943.JPG,,data/datasets/visa/pcb1/Data/Images/Normal/0943.JPG
visa,pcb1,train,normal,,train/good/0199.JPG,,data/datasets/visa/pcb1/Data/Images/Normal/0199.JPG
visa,pcb1,train,normal,,train/good/0254.JPG,,data/datasets/visa/pcb1/Data/Images/Normal/0254.JPG
visa,pcb1,train,normal,,train/good/0039.JPG,,data/datasets/visa/pcb1/Data/Images/Normal/0039.JPG
visa,pcb1,train,normal,,train/good/0207.JPG,,data/datasets/visa/pcb1/Data/Images/Normal/0207.JPG
visa,pcb1,train,normal,,train/good/0384.JPG,,data/datasets/visa/pcb1/Data/Images/Normal/0384.JPG
visa,pcb1,train,normal,,train/good/0901.JPG,,data/datasets/visa/pcb1/Data/Images/Normal/0901.JPG
visa,pcb1,train,normal,,train/good/0888.JPG,,data/datasets/visa/pcb1/Data/Images/Normal/0888.JPG
visa,pcb1,train,normal,,train/good/0768.JPG,,data/datasets/visa/pcb1/Data/Images/Normal/0768.JPG
visa,pcb1,train,normal,,train/good/0854.JPG,,data/datasets/visa/pcb1/Data/Images/Normal/0854.JPG
visa,pcb1,train,normal,,train/good/0331.JPG,,data/datasets/visa/pcb1/Data/Images/Normal/0331.JPG
visa,pcb1,train,normal,,train/good/0503.JPG,,data/datasets/visa/pcb1/Data/Images/Normal/0503.JPG
visa,pcb1,train,normal,,train/good/0357.JPG,,data/datasets/visa/pcb1/Data/Images/Normal/0357.JPG
visa,pcb1,train,normal,,train/good/0946.JPG,,data/datasets/visa/pcb1/Data/Images/Normal/0946.JPG
visa,pcb1,train,normal,,train/good/0479.JPG,,data/datasets/visa/pcb1/Data/Images/Normal/0479.JPG
visa,pcb1,train,normal,,train/good/0887.JPG,,data/datasets/visa/pcb1/Data/Images/Normal/0887.JPG
visa,pcb1,train,normal,,train/good/0276.JPG,,data/datasets/visa/pcb1/Data/Images/Normal/0276.JPG
visa,pcb1,train,normal,,train/good/0809.JPG,,data/datasets/visa/pcb1/Data/Images/Normal/0809.JPG
visa,pcb1,train,normal,,train/good/0556.JPG,,data/datasets/visa/pcb1/Data/Images/Normal/0556.JPG
visa,pcb1,train,normal,,train/good/0748.JPG,,data/datasets/visa/pcb1/Data/Images/Normal/0748.JPG
visa,pcb1,train,normal,,train/good/0451.JPG,,data/datasets/visa/pcb1/Data/Images/Normal/0451.JPG
visa,pcb1,train,normal,,train/good/0295.JPG,,data/datasets/visa/pcb1/Data/Images/Normal/0295.JPG
visa,pcb1,train,normal,,train/good/0515.JPG,,data/datasets/visa/pcb1/Data/Images/Normal/0515.JPG
visa,pcb1,train,normal,,train/good/0109.JPG,,data/datasets/visa/pcb1/Data/Images/Normal/0109.JPG
visa,pcb1,train,normal,,train/good/0148.JPG,,data/datasets/visa/pcb1/Data/Images/Normal/0148.JPG
visa,pcb1,train,normal,,train/good/0099.JPG,,data/datasets/visa/pcb1/Data/Images/Normal/0099.JPG
visa,pcb1,train,normal,,train/good/0262.JPG,,data/datasets/visa/pcb1/Data/Images/Normal/0262.JPG
visa,pcb1,train,normal,,train/good/0269.JPG,,data/datasets/visa/pcb1/Data/Images/Normal/0269.JPG
visa,pcb1,train,normal,,train/good/0134.JPG,,data/datasets/visa/pcb1/Data/Images/Normal/0134.JPG
visa,pcb1,train,normal,,train/good/0658.JPG,,data/datasets/visa/pcb1/Data/Images/Normal/0658.JPG
visa,pcb1,train,normal,,train/good/0246.JPG,,data/datasets/visa/pcb1/Data/Images/Normal/0246.JPG
visa,pcb1,train,normal,,train/good/0135.JPG,,data/datasets/visa/pcb1/Data/Images/Normal/0135.JPG
visa,pcb1,train,normal,,train/good/0852.JPG,,data/datasets/visa/pcb1/Data/Images/Normal/0852.JPG
visa,pcb1,train,normal,,train/good/0158.JPG,,data/datasets/visa/pcb1/Data/Images/Normal/0158.JPG
visa,pcb1,train,normal,,train/good/0401.JPG,,data/datasets/visa/pcb1/Data/Images/Normal/0401.JPG
visa,pcb1,train,normal,,train/good/0371.JPG,,data/datasets/visa/pcb1/Data/Images/Normal/0371.JPG
visa,pcb1,train,normal,,train/good/0739.JPG,,data/datasets/visa/pcb1/Data/Images/Normal/0739.JPG
visa,pcb1,train,normal,,train/good/0921.JPG,,data/datasets/visa/pcb1/Data/Images/Normal/0921.JPG
visa,pcb1,train,normal,,train/good/0962.JPG,,data/datasets/visa/pcb1/Data/Images/Normal/0962.JPG
visa,pcb1,train,normal,,train/good/0377.JPG,,data/datasets/visa/pcb1/Data/Images/Normal/0377.JPG
visa,pcb1,train,normal,,train/good/0239.JPG,,data/datasets/visa/pcb1/Data/Images/Normal/0239.JPG
visa,pcb1,train,normal,,train/good/0580.JPG,,data/datasets/visa/pcb1/Data/Images/Normal/0580.JPG
visa,pcb1,train,normal,,train/good/0447.JPG,,data/datasets/visa/pcb1/Data/Images/Normal/0447.JPG
visa,pcb1,train,normal,,train/good/0991.JPG,,data/datasets/visa/pcb1/Data/Images/Normal/0991.JPG
visa,pcb1,train,normal,,train/good/0358.JPG,,data/datasets/visa/pcb1/Data/Images/Normal/0358.JPG
visa,pcb1,train,normal,,train/good/0634.JPG,,data/datasets/visa/pcb1/Data/Images/Normal/0634.JPG
visa,pcb1,train,normal,,train/good/0944.JPG,,data/datasets/visa/pcb1/Data/Images/Normal/0944.JPG
visa,pcb1,train,normal,,train/good/0050.JPG,,data/datasets/visa/pcb1/Data/Images/Normal/0050.JPG
visa,pcb1,train,normal,,train/good/0642.JPG,,data/datasets/visa/pcb1/Data/Images/Normal/0642.JPG
visa,pcb1,train,normal,,train/good/0186.JPG,,data/datasets/visa/pcb1/Data/Images/Normal/0186.JPG
visa,pcb1,train,normal,,train/good/0910.JPG,,data/datasets/visa/pcb1/Data/Images/Normal/0910.JPG
visa,pcb1,train,normal,,train/good/0786.JPG,,data/datasets/visa/pcb1/Data/Images/Normal/0786.JPG
visa,pcb1,train,normal,,train/good/0530.JPG,,data/datasets/visa/pcb1/Data/Images/Normal/0530.JPG
visa,pcb1,train,normal,,train/good/0184.JPG,,data/datasets/visa/pcb1/Data/Images/Normal/0184.JPG
visa,pcb1,train,normal,,train/good/0879.JPG,,data/datasets/visa/pcb1/Data/Images/Normal/0879.JPG
visa,pcb1,train,normal,,train/good/0983.JPG,,data/datasets/visa/pcb1/Data/Images/Normal/0983.JPG
visa,pcb1,train,normal,,train/good/0631.JPG,,data/datasets/visa/pcb1/Data/Images/Normal/0631.JPG
visa,pcb1,train,normal,,train/good/0819.JPG,,data/datasets/visa/pcb1/Data/Images/Normal/0819.JPG
visa,pcb1,train,normal,,train/good/0548.JPG,,data/datasets/visa/pcb1/Data/Images/Normal/0548.JPG
visa,pcb1,train,normal,,train/good/0863.JPG,,data/datasets/visa/pcb1/Data/Images/Normal/0863.JPG
visa,pcb1,train,normal,,train/good/0316.JPG,,data/datasets/visa/pcb1/Data/Images/Normal/0316.JPG
visa,pcb1,train,normal,,train/good/0831.JPG,,data/datasets/visa/pcb1/Data/Images/Normal/0831.JPG
visa,pcb1,train,normal,,train/good/0808.JPG,,data/datasets/visa/pcb1/Data/Images/Normal/0808.JPG
visa,pcb1,train,normal,,train/good/0446.JPG,,data/datasets/visa/pcb1/Data/Images/Normal/0446.JPG
visa,pcb1,train,normal,,train/good/0826.JPG,,data/datasets/visa/pcb1/Data/Images/Normal/0826.JPG
visa,pcb1,train,normal,,train/good/0502.JPG,,data/datasets/visa/pcb1/Data/Images/Normal/0502.JPG
visa,pcb1,train,normal,,train/good/0179.JPG,,data/datasets/visa/pcb1/Data/Images/Normal/0179.JPG
visa,pcb1,train,normal,,train/good/0751.JPG,,data/datasets/visa/pcb1/Data/Images/Normal/0751.JPG
visa,pcb1,train,normal,,train/good/0226.JPG,,data/datasets/visa/pcb1/Data/Images/Normal/0226.JPG
visa,pcb1,train,normal,,train/good/0370.JPG,,data/datasets/visa/pcb1/Data/Images/Normal/0370.JPG
visa,pcb1,train,normal,,train/good/0000.JPG,,data/datasets/visa/pcb1/Data/Images/Normal/0000.JPG
visa,pcb1,train,normal,,train/good/0594.JPG,,data/datasets/visa/pcb1/Data/Images/Normal/0594.JPG
visa,pcb1,train,normal,,train/good/0396.JPG,,data/datasets/visa/pcb1/Data/Images/Normal/0396.JPG
visa,pcb1,train,normal,,train/good/0293.JPG,,data/datasets/visa/pcb1/Data/Images/Normal/0293.JPG
visa,pcb1,train,normal,,train/good/0257.JPG,,data/datasets/visa/pcb1/Data/Images/Normal/0257.JPG
visa,pcb1,train,normal,,train/good/0223.JPG,,data/datasets/visa/pcb1/Data/Images/Normal/0223.JPG
visa,pcb1,train,normal,,train/good/0787.JPG,,data/datasets/visa/pcb1/Data/Images/Normal/0787.JPG
visa,pcb1,train,normal,,train/good/0538.JPG,,data/datasets/visa/pcb1/Data/Images/Normal/0538.JPG
visa,pcb1,train,normal,,train/good/0546.JPG,,data/datasets/visa/pcb1/Data/Images/Normal/0546.JPG
visa,pcb1,train,normal,,train/good/0697.JPG,,data/datasets/visa/pcb1/Data/Images/Normal/0697.JPG
visa,pcb1,train,normal,,train/good/0069.JPG,,data/datasets/visa/pcb1/Data/Images/Normal/0069.JPG
visa,pcb1,train,normal,,train/good/0482.JPG,,data/datasets/visa/pcb1/Data/Images/Normal/0482.JPG
visa,pcb1,train,normal,,train/good/0294.JPG,,data/datasets/visa/pcb1/Data/Images/Normal/0294.JPG
visa,pcb1,train,normal,,train/good/0006.JPG,,data/datasets/visa/pcb1/Data/Images/Normal/0006.JPG
visa,pcb1,train,normal,,train/good/0935.JPG,,data/datasets/visa/pcb1/Data/Images/Normal/0935.JPG
visa,pcb1,train,normal,,train/good/0753.JPG,,data/datasets/visa/pcb1/Data/Images/Normal/0753.JPG
visa,pcb1,train,normal,,train/good/0055.JPG,,data/datasets/visa/pcb1/Data/Images/Normal/0055.JPG
visa,pcb1,train,normal,,train/good/0595.JPG,,data/datasets/visa/pcb1/Data/Images/Normal/0595.JPG
visa,pcb1,train,normal,,train/good/0890.JPG,,data/datasets/visa/pcb1/Data/Images/Normal/0890.JPG
visa,pcb1,train,normal,,train/good/0475.JPG,,data/datasets/visa/pcb1/Data/Images/Normal/0475.JPG
visa,pcb1,train,normal,,train/good/0632.JPG,,data/datasets/visa/pcb1/Data/Images/Normal/0632.JPG
visa,pcb1,train,normal,,train/good/0062.JPG,,data/datasets/visa/pcb1/Data/Images/Normal/0062.JPG
visa,pcb1,train,normal,,train/good/0215.JPG,,data/datasets/visa/pcb1/Data/Images/Normal/0215.JPG
visa,pcb1,train,normal,,train/good/0535.JPG,,data/datasets/visa/pcb1/Data/Images/Normal/0535.JPG
visa,pcb1,train,normal,,train/good/0182.JPG,,data/datasets/visa/pcb1/Data/Images/Normal/0182.JPG
visa,pcb1,train,normal,,train/good/0490.JPG,,data/datasets/visa/pcb1/Data/Images/Normal/0490.JPG
visa,pcb1,train,normal,,train/good/0654.JPG,,data/datasets/visa/pcb1/Data/Images/Normal/0654.JPG
visa,pcb1,train,normal,,train/good/0459.JPG,,data/datasets/visa/pcb1/Data/Images/Normal/0459.JPG
visa,pcb1,train,normal,,train/good/0636.JPG,,data/datasets/visa/pcb1/Data/Images/Normal/0636.JPG
visa,pcb1,train,normal,,train/good/0476.JPG,,data/datasets/visa/pcb1/Data/Images/Normal/0476.JPG
visa,pcb1,train,normal,,train/good/0139.JPG,,data/datasets/visa/pcb1/Data/Images/Normal/0139.JPG
visa,pcb1,train,normal,,train/good/0616.JPG,,data/datasets/visa/pcb1/Data/Images/Normal/0616.JPG
visa,pcb1,train,normal,,train/good/0454.JPG,,data/datasets/visa/pcb1/Data/Images/Normal/0454.JPG
visa,pcb1,train,normal,,train/good/0075.JPG,,data/datasets/visa/pcb1/Data/Images/Normal/0075.JPG
visa,pcb1,train,normal,,train/good/0145.JPG,,data/datasets/visa/pcb1/Data/Images/Normal/0145.JPG
visa,pcb1,train,normal,,train/good/0422.JPG,,data/datasets/visa/pcb1/Data/Images/Normal/0422.JPG
visa,pcb1,train,normal,,train/good/0474.JPG,,data/datasets/visa/pcb1/Data/Images/Normal/0474.JPG
visa,pcb1,train,normal,,train/good/0708.JPG,,data/datasets/visa/pcb1/Data/Images/Normal/0708.JPG
visa,pcb1,train,normal,,train/good/0124.JPG,,data/datasets/visa/pcb1/Data/Images/Normal/0124.JPG
visa,pcb1,train,normal,,train/good/0015.JPG,,data/datasets/visa/pcb1/Data/Images/Normal/0015.JPG
visa,pcb1,train,normal,,train/good/0698.JPG,,data/datasets/visa/pcb1/Data/Images/Normal/0698.JPG
visa,pcb1,train,normal,,train/good/0433.JPG,,data/datasets/visa/pcb1/Data/Images/Normal/0433.JPG
visa,pcb1,train,normal,,train/good/0586.JPG,,data/datasets/visa/pcb1/Data/Images/Normal/0586.JPG
visa,pcb1,train,normal,,train/good/0415.JPG,,data/datasets/visa/pcb1/Data/Images/Normal/0415.JPG
visa,pcb1,train,normal,,train/good/0097.JPG,,data/datasets/visa/pcb1/Data/Images/Normal/0097.JPG
visa,pcb1,train,normal,,train/good/0977.JPG,,data/datasets/visa/pcb1/Data/Images/Normal/0977.JPG
visa,pcb1,train,normal,,train/good/0509.JPG,,data/datasets/visa/pcb1/Data/Images/Normal/0509.JPG
visa,pcb1,train,normal,,train/good/0366.JPG,,data/datasets/visa/pcb1/Data/Images/Normal/0366.JPG
visa,pcb1,train,normal,,train/good/0127.JPG,,data/datasets/visa/pcb1/Data/Images/Normal/0127.JPG
visa,pcb1,train,normal,,train/good/0142.JPG,,data/datasets/visa/pcb1/Data/Images/Normal/0142.JPG
visa,pcb1,train,normal,,train/good/0151.JPG,,data/datasets/visa/pcb1/Data/Images/Normal/0151.JPG
visa,pcb1,train,normal,,train/good/0722.JPG,,data/datasets/visa/pcb1/Data/Images/Normal/0722.JPG
visa,pcb1,train,normal,,train/good/0209.JPG,,data/datasets/visa/pcb1/Data/Images/Normal/0209.JPG
visa,pcb1,train,normal,,train/good/0724.JPG,,data/datasets/visa/pcb1/Data/Images/Normal/0724.JPG
visa,pcb1,train,normal,,train/good/0307.JPG,,data/datasets/visa/pcb1/Data/Images/Normal/0307.JPG
visa,pcb1,train,normal,,train/good/0493.JPG,,data/datasets/visa/pcb1/Data/Images/Normal/0493.JPG
visa,pcb1,train,normal,,train/good/0061.JPG,,data/datasets/visa/pcb1/Data/Images/Normal/0061.JPG
visa,pcb1,train,normal,,train/good/0108.JPG,,data/datasets/visa/pcb1/Data/Images/Normal/0108.JPG
visa,pcb1,train,normal,,train/good/0735.JPG,,data/datasets/visa/pcb1/Data/Images/Normal/0735.JPG
visa,pcb1,train,normal,,train/good/0318.JPG,,data/datasets/visa/pcb1/Data/Images/Normal/0318.JPG
visa,pcb1,train,normal,,train/good/0477.JPG,,data/datasets/visa/pcb1/Data/Images/Normal/0477.JPG
visa,pcb1,train,normal,,train/good/0481.JPG,,data/datasets/visa/pcb1/Data/Images/Normal/0481.JPG
visa,pcb1,train,normal,,train/good/0166.JPG,,data/datasets/visa/pcb1/Data/Images/Normal/0166.JPG
visa,pcb1,train,normal,,train/good/1001.JPG,,data/datasets/visa/pcb1/Data/Images/Normal/1001.JPG
visa,pcb1,train,normal,,train/good/0425.JPG,,data/datasets/visa/pcb1/Data/Images/Normal/0425.JPG
visa,pcb1,train,normal,,train/good/0701.JPG,,data/datasets/visa/pcb1/Data/Images/Normal/0701.JPG
visa,pcb1,train,normal,,train/good/0195.JPG,,data/datasets/visa/pcb1/Data/Images/Normal/0195.JPG
visa,pcb1,train,normal,,train/good/0927.JPG,,data/datasets/visa/pcb1/Data/Images/Normal/0927.JPG
visa,pcb1,train,normal,,train/good/0951.JPG,,data/datasets/visa/pcb1/Data/Images/Normal/0951.JPG
visa,pcb1,train,normal,,train/good/0655.JPG,,data/datasets/visa/pcb1/Data/Images/Normal/0655.JPG
visa,pcb1,train,normal,,train/good/0337.JPG,,data/datasets/visa/pcb1/Data/Images/Normal/0337.JPG
visa,pcb1,train,normal,,train/good/0906.JPG,,data/datasets/visa/pcb1/Data/Images/Normal/0906.JPG
visa,pcb1,train,normal,,train/good/0783.JPG,,data/datasets/visa/pcb1/Data/Images/Normal/0783.JPG
visa,pcb1,train,normal,,train/good/0941.JPG,,data/datasets/visa/pcb1/Data/Images/Normal/0941.JPG
visa,pcb1,train,normal,,train/good/0653.JPG,,data/datasets/visa/pcb1/Data/Images/Normal/0653.JPG
visa,pcb1,train,normal,,train/good/0051.JPG,,data/datasets/visa/pcb1/Data/Images/Normal/0051.JPG
visa,pcb1,train,normal,,train/good/0321.JPG,,data/datasets/visa/pcb1/Data/Images/Normal/0321.JPG
visa,pcb1,train,normal,,train/good/0130.JPG,,data/datasets/visa/pcb1/Data/Images/Normal/0130.JPG
visa,pcb1,train,normal,,train/good/0688.JPG,,data/datasets/visa/pcb1/Data/Images/Normal/0688.JPG
visa,pcb1,train,normal,,train/good/0268.JPG,,data/datasets/visa/pcb1/Data/Images/Normal/0268.JPG
visa,pcb1,train,normal,,train/good/0529.JPG,,data/datasets/visa/pcb1/Data/Images/Normal/0529.JPG
visa,pcb1,train,normal,,train/good/0278.JPG,,data/datasets/visa/pcb1/Data/Images/Normal/0278.JPG
visa,pcb1,train,normal,,train/good/0643.JPG,,data/datasets/visa/pcb1/Data/Images/Normal/0643.JPG
visa,pcb1,train,normal,,train/good/0368.JPG,,data/datasets/visa/pcb1/Data/Images/Normal/0368.JPG
visa,pcb1,train,normal,,train/good/0196.JPG,,data/datasets/visa/pcb1/Data/Images/Normal/0196.JPG
visa,pcb1,train,normal,,train/good/0178.JPG,,data/datasets/visa/pcb1/Data/Images/Normal/0178.JPG
visa,pcb1,train,normal,,train/good/0326.JPG,,data/datasets/visa/pcb1/Data/Images/Normal/0326.JPG
visa,pcb1,train,normal,,train/good/0201.JPG,,data/datasets/visa/pcb1/Data/Images/Normal/0201.JPG
visa,pcb1,train,normal,,train/good/0641.JPG,,data/datasets/visa/pcb1/Data/Images/Normal/0641.JPG
visa,pcb1,train,normal,,train/good/0729.JPG,,data/datasets/visa/pcb1/Data/Images/Normal/0729.JPG
visa,pcb1,train,normal,,train/good/0963.JPG,,data/datasets/visa/pcb1/Data/Images/Normal/0963.JPG
visa,pcb1,train,normal,,train/good/0291.JPG,,data/datasets/visa/pcb1/Data/Images/Normal/0291.JPG
visa,pcb1,train,normal,,train/good/0759.JPG,,data/datasets/visa/pcb1/Data/Images/Normal/0759.JPG
visa,pcb1,train,normal,,train/good/0649.JPG,,data/datasets/visa/pcb1/Data/Images/Normal/0649.JPG
visa,pcb1,train,normal,,train/good/0455.JPG,,data/datasets/visa/pcb1/Data/Images/Normal/0455.JPG
visa,pcb1,train,normal,,train/good/0079.JPG,,data/datasets/visa/pcb1/Data/Images/Normal/0079.JPG
visa,pcb1,train,normal,,train/good/0870.JPG,,data/datasets/visa/pcb1/Data/Images/Normal/0870.JPG
visa,pcb1,train,normal,,train/good/0193.JPG,,data/datasets/visa/pcb1/Data/Images/Normal/0193.JPG
visa,pcb1,train,normal,,train/good/0438.JPG,,data/datasets/visa/pcb1/Data/Images/Normal/0438.JPG
visa,pcb1,train,normal,,train/good/0986.JPG,,data/datasets/visa/pcb1/Data/Images/Normal/0986.JPG
visa,pcb1,train,normal,,train/good/0732.JPG,,data/datasets/visa/pcb1/Data/Images/Normal/0732.JPG
visa,pcb1,train,normal,,train/good/0063.JPG,,data/datasets/visa/pcb1/Data/Images/Normal/0063.JPG
visa,pcb1,train,normal,,train/good/0043.JPG,,data/datasets/visa/pcb1/Data/Images/Normal/0043.JPG
visa,pcb1,train,normal,,train/good/0304.JPG,,data/datasets/visa/pcb1/Data/Images/Normal/0304.JPG
visa,pcb1,train,normal,,train/good/0856.JPG,,data/datasets/visa/pcb1/Data/Images/Normal/0856.JPG
visa,pcb1,train,normal,,train/good/0896.JPG,,data/datasets/visa/pcb1/Data/Images/Normal/0896.JPG
visa,pcb1,train,normal,,train/good/0359.JPG,,data/datasets/visa/pcb1/Data/Images/Normal/0359.JPG
visa,pcb1,train,normal,,train/good/0084.JPG,,data/datasets/visa/pcb1/Data/Images/Normal/0084.JPG
visa,pcb1,train,normal,,train/good/0932.JPG,,data/datasets/visa/pcb1/Data/Images/Normal/0932.JPG
visa,pcb1,train,normal,,train/good/0282.JPG,,data/datasets/visa/pcb1/Data/Images/Normal/0282.JPG
visa,pcb1,train,normal,,train/good/0472.JPG,,data/datasets/visa/pcb1/Data/Images/Normal/0472.JPG
visa,pcb1,train,normal,,train/good/0452.JPG,,data/datasets/visa/pcb1/Data/Images/Normal/0452.JPG
visa,pcb1,train,normal,,train/good/0152.JPG,,data/datasets/visa/pcb1/Data/Images/Normal/0152.JPG
visa,pcb1,train,normal,,train/good/0159.JPG,,data/datasets/visa/pcb1/Data/Images/Normal/0159.JPG
visa,pcb1,train,normal,,train/good/0968.JPG,,data/datasets/visa/pcb1/Data/Images/Normal/0968.JPG
visa,pcb1,train,normal,,train/good/0775.JPG,,data/datasets/visa/pcb1/Data/Images/Normal/0775.JPG
visa,pcb1,train,normal,,train/good/0081.JPG,,data/datasets/visa/pcb1/Data/Images/Normal/0081.JPG
visa,pcb1,train,normal,,train/good/0188.JPG,,data/datasets/visa/pcb1/Data/Images/Normal/0188.JPG
visa,pcb1,train,normal,,train/good/0843.JPG,,data/datasets/visa/pcb1/Data/Images/Normal/0843.JPG
visa,pcb1,train,normal,,train/good/0931.JPG,,data/datasets/visa/pcb1/Data/Images/Normal/0931.JPG
visa,pcb1,train,normal,,train/good/0757.JPG,,data/datasets/visa/pcb1/Data/Images/Normal/0757.JPG
visa,pcb1,train,normal,,train/good/0608.JPG,,data/datasets/visa/pcb1/Data/Images/Normal/0608.JPG
visa,pcb1,train,normal,,train/good/0788.JPG,,data/datasets/visa/pcb1/Data/Images/Normal/0788.JPG
visa,pcb1,train,normal,,train/good/0440.JPG,,data/datasets/visa/pcb1/Data/Images/Normal/0440.JPG
visa,pcb1,train,normal,,train/good/0140.JPG,,data/datasets/visa/pcb1/Data/Images/Normal/0140.JPG
visa,pcb1,train,normal,,train/good/0334.JPG,,data/datasets/visa/pcb1/Data/Images/Normal/0334.JPG
visa,pcb1,train,normal,,train/good/0372.JPG,,data/datasets/visa/pcb1/Data/Images/Normal/0372.JPG
visa,pcb1,train,normal,,train/good/0312.JPG,,data/datasets/visa/pcb1/Data/Images/Normal/0312.JPG
visa,pcb1,train,normal,,train/good/0286.JPG,,data/datasets/visa/pcb1/Data/Images/Normal/0286.JPG
visa,pcb1,train,normal,,train/good/0778.JPG,,data/datasets/visa/pcb1/Data/Images/Normal/0778.JPG
visa,pcb1,train,normal,,train/good/0211.JPG,,data/datasets/visa/pcb1/Data/Images/Normal/0211.JPG
visa,pcb1,train,normal,,train/good/0558.JPG,,data/datasets/visa/pcb1/Data/Images/Normal/0558.JPG
visa,pcb1,train,normal,,train/good/0407.JPG,,data/datasets/visa/pcb1/Data/Images/Normal/0407.JPG
visa,pcb1,train,normal,,train/good/0596.JPG,,data/datasets/visa/pcb1/Data/Images/Normal/0596.JPG
visa,pcb1,train,normal,,train/good/0410.JPG,,data/datasets/visa/pcb1/Data/Images/Normal/0410.JPG
visa,pcb1,train,normal,,train/good/0253.JPG,,data/datasets/visa/pcb1/Data/Images/Normal/0253.JPG
visa,pcb1,train,normal,,train/good/0673.JPG,,data/datasets/visa/pcb1/Data/Images/Normal/0673.JPG
visa,pcb1,train,normal,,train/good/0122.JPG,,data/datasets/visa/pcb1/Data/Images/Normal/0122.JPG
visa,pcb1,train,normal,,train/good/0115.JPG,,data/datasets/visa/pcb1/Data/Images/Normal/0115.JPG
visa,pcb1,train,normal,,train/good/0374.JPG,,data/datasets/visa/pcb1/Data/Images/Normal/0374.JPG
visa,pcb1,train,normal,,train/good/0572.JPG,,data/datasets/visa/pcb1/Data/Images/Normal/0572.JPG
visa,pcb1,train,normal,,train/good/0763.JPG,,data/datasets/visa/pcb1/Data/Images/Normal/0763.JPG
visa,pcb1,train,normal,,train/good/0453.JPG,,data/datasets/visa/pcb1/Data/Images/Normal/0453.JPG
visa,pcb1,train,normal,,train/good/0332.JPG,,data/datasets/visa/pcb1/Data/Images/Normal/0332.JPG
visa,pcb1,train,normal,,train/good/0562.JPG,,data/datasets/visa/pcb1/Data/Images/Normal/0562.JPG
visa,pcb1,train,normal,,train/good/0727.JPG,,data/datasets/visa/pcb1/Data/Images/Normal/0727.JPG
visa,pcb1,train,normal,,train/good/0270.JPG,,data/datasets/visa/pcb1/Data/Images/Normal/0270.JPG
visa,pcb1,train,normal,,train/good/0090.JPG,,data/datasets/visa/pcb1/Data/Images/Normal/0090.JPG
visa,pcb1,train,normal,,train/good/0003.JPG,,data/datasets/visa/pcb1/Data/Images/Normal/0003.JPG
visa,pcb1,train,normal,,train/good/0948.JPG,,data/datasets/visa/pcb1/Data/Images/Normal/0948.JPG
visa,pcb1,train,normal,,train/good/0119.JPG,,data/datasets/visa/pcb1/Data/Images/Normal/0119.JPG
visa,pcb1,train,normal,,train/good/0045.JPG,,data/datasets/visa/pcb1/Data/Images/Normal/0045.JPG
visa,pcb1,train,normal,,train/good/0717.JPG,,data/datasets/visa/pcb1/Data/Images/Normal/0717.JPG
visa,pcb1,train,normal,,train/good/0889.JPG,,data/datasets/visa/pcb1/Data/Images/Normal/0889.JPG
visa,pcb1,train,normal,,train/good/0777.JPG,,data/datasets/visa/pcb1/Data/Images/Normal/0777.JPG
visa,pcb1,train,normal,,train/good/0725.JPG,,data/datasets/visa/pcb1/Data/Images/Normal/0725.JPG
visa,pcb1,train,normal,,train/good/0858.JPG,,data/datasets/visa/pcb1/Data/Images/Normal/0858.JPG
visa,pcb1,train,normal,,train/good/0141.JPG,,data/datasets/visa/pcb1/Data/Images/Normal/0141.JPG
visa,pcb1,train,normal,,train/good/0972.JPG,,data/datasets/visa/pcb1/Data/Images/Normal/0972.JPG
visa,pcb1,train,normal,,train/good/0444.JPG,,data/datasets/visa/pcb1/Data/Images/Normal/0444.JPG
visa,pcb1,train,normal,,train/good/0920.JPG,,data/datasets/visa/pcb1/Data/Images/Normal/0920.JPG
visa,pcb1,train,normal,,train/good/0494.JPG,,data/datasets/visa/pcb1/Data/Images/Normal/0494.JPG
visa,pcb1,train,normal,,train/good/0682.JPG,,data/datasets/visa/pcb1/Data/Images/Normal/0682.JPG
visa,pcb1,train,normal,,train/good/0070.JPG,,data/datasets/visa/pcb1/Data/Images/Normal/0070.JPG
visa,pcb1,train,normal,,train/good/0939.JPG,,data/datasets/visa/pcb1/Data/Images/Normal/0939.JPG
visa,pcb1,train,normal,,train/good/0989.JPG,,data/datasets/visa/pcb1/Data/Images/Normal/0989.JPG
visa,pcb1,train,normal,,train/good/0820.JPG,,data/datasets/visa/pcb1/Data/Images/Normal/0820.JPG
visa,pcb1,train,normal,,train/good/0730.JPG,,data/datasets/visa/pcb1/Data/Images/Normal/0730.JPG
visa,pcb1,train,normal,,train/good/0960.JPG,,data/datasets/visa/pcb1/Data/Images/Normal/0960.JPG
visa,pcb1,train,normal,,train/good/0292.JPG,,data/datasets/visa/pcb1/Data/Images/Normal/0292.JPG
visa,pcb1,train,normal,,train/good/0213.JPG,,data/datasets/visa/pcb1/Data/Images/Normal/0213.JPG
visa,pcb1,train,normal,,train/good/0330.JPG,,data/datasets/visa/pcb1/Data/Images/Normal/0330.JPG
visa,pcb1,train,normal,,train/good/0749.JPG,,data/datasets/visa/pcb1/Data/Images/Normal/0749.JPG
visa,pcb1,train,normal,,train/good/0907.JPG,,data/datasets/visa/pcb1/Data/Images/Normal/0907.JPG
visa,pcb1,train,normal,,train/good/0912.JPG,,data/datasets/visa/pcb1/Data/Images/Normal/0912.JPG
visa,pcb1,train,normal,,train/good/0837.JPG,,data/datasets/visa/pcb1/Data/Images/Normal/0837.JPG
visa,pcb1,train,normal,,train/good/0087.JPG,,data/datasets/visa/pcb1/Data/Images/Normal/0087.JPG
visa,pcb1,train,normal,,train/good/0652.JPG,,data/datasets/visa/pcb1/Data/Images/Normal/0652.JPG
visa,pcb1,train,normal,,train/good/0428.JPG,,data/datasets/visa/pcb1/Data/Images/Normal/0428.JPG
visa,pcb1,train,normal,,train/good/0202.JPG,,data/datasets/visa/pcb1/Data/Images/Normal/0202.JPG
visa,pcb1,train,normal,,train/good/0844.JPG,,data/datasets/visa/pcb1/Data/Images/Normal/0844.JPG
visa,pcb1,train,normal,,train/good/0543.JPG,,data/datasets/visa/pcb1/Data/Images/Normal/0543.JPG
visa,pcb1,train,normal,,train/good/0497.JPG,,data/datasets/visa/pcb1/Data/Images/Normal/0497.JPG
visa,pcb1,train,normal,,train/good/0435.JPG,,data/datasets/visa/pcb1/Data/Images/Normal/0435.JPG
visa,pcb1,train,normal,,train/good/0942.JPG,,data/datasets/visa/pcb1/Data/Images/Normal/0942.JPG
visa,pcb1,train,normal,,train/good/0277.JPG,,data/datasets/visa/pcb1/Data/Images/Normal/0277.JPG
visa,pcb1,train,normal,,train/good/0625.JPG,,data/datasets/visa/pcb1/Data/Images/Normal/0625.JPG
visa,pcb1,train,normal,,train/good/0281.JPG,,data/datasets/visa/pcb1/Data/Images/Normal/0281.JPG
visa,pcb1,train,normal,,train/good/0847.JPG,,data/datasets/visa/pcb1/Data/Images/Normal/0847.JPG
visa,pcb1,train,normal,,train/good/0900.JPG,,data/datasets/visa/pcb1/Data/Images/Normal/0900.JPG
visa,pcb1,train,normal,,train/good/0733.JPG,,data/datasets/visa/pcb1/Data/Images/Normal/0733.JPG
visa,pcb1,train,normal,,train/good/0624.JPG,,data/datasets/visa/pcb1/Data/Images/Normal/0624.JPG
visa,pcb1,train,normal,,train/good/0032.JPG,,data/datasets/visa/pcb1/Data/Images/Normal/0032.JPG
visa,pcb1,train,normal,,train/good/0398.JPG,,data/datasets/visa/pcb1/Data/Images/Normal/0398.JPG
visa,pcb1,train,normal,,train/good/0129.JPG,,data/datasets/visa/pcb1/Data/Images/Normal/0129.JPG
visa,pcb1,train,normal,,train/good/0126.JPG,,data/datasets/visa/pcb1/Data/Images/Normal/0126.JPG
visa,pcb1,train,normal,,train/good/0341.JPG,,data/datasets/visa/pcb1/Data/Images/Normal/0341.JPG
visa,pcb1,train,normal,,train/good/0441.JPG,,data/datasets/visa/pcb1/Data/Images/Normal/0441.JPG
visa,pcb1,train,normal,,train/good/0822.JPG,,data/datasets/visa/pcb1/Data/Images/Normal/0822.JPG
visa,pcb1,train,normal,,train/good/0766.JPG,,data/datasets/visa/pcb1/Data/Images/Normal/0766.JPG
visa,pcb1,train,normal,,train/good/0080.JPG,,data/datasets/visa/pcb1/Data/Images/Normal/0080.JPG
visa,pcb1,train,normal,,train/good/0881.JPG,,data/datasets/visa/pcb1/Data/Images/Normal/0881.JPG
visa,pcb1,train,normal,,train/good/0956.JPG,,data/datasets/visa/pcb1/Data/Images/Normal/0956.JPG
visa,pcb1,train,normal,,train/good/0153.JPG,,data/datasets/visa/pcb1/Data/Images/Normal/0153.JPG
visa,pcb1,train,normal,,train/good/0510.JPG,,data/datasets/visa/pcb1/Data/Images/Normal/0510.JPG
visa,pcb1,train,normal,,train/good/0830.JPG,,data/datasets/visa/pcb1/Data/Images/Normal/0830.JPG
visa,pcb1,train,normal,,train/good/0945.JPG,,data/datasets/visa/pcb1/Data/Images/Normal/0945.JPG
visa,pcb1,train,normal,,train/good/0382.JPG,,data/datasets/visa/pcb1/Data/Images/Normal/0382.JPG
visa,pcb1,train,normal,,train/good/0430.JPG,,data/datasets/visa/pcb1/Data/Images/Normal/0430.JPG
visa,pcb1,train,normal,,train/good/0869.JPG,,data/datasets/visa/pcb1/Data/Images/Normal/0869.JPG
visa,pcb1,train,normal,,train/good/0464.JPG,,data/datasets/visa/pcb1/Data/Images/Normal/0464.JPG
visa,pcb1,train,normal,,train/good/0344.JPG,,data/datasets/visa/pcb1/Data/Images/Normal/0344.JPG
visa,pcb1,train,normal,,train/good/0527.JPG,,data/datasets/visa/pcb1/Data/Images/Normal/0527.JPG
visa,pcb1,train,normal,,train/good/0765.JPG,,data/datasets/visa/pcb1/Data/Images/Normal/0765.JPG
visa,pcb1,train,normal,,train/good/0462.JPG,,data/datasets/visa/pcb1/Data/Images/Normal/0462.JPG
visa,pcb1,train,normal,,train/good/0737.JPG,,data/datasets/visa/pcb1/Data/Images/Normal/0737.JPG
visa,pcb1,train,normal,,train/good/0161.JPG,,data/datasets/visa/pcb1/Data/Images/Normal/0161.JPG
visa,pcb1,train,normal,,train/good/0542.JPG,,data/datasets/visa/pcb1/Data/Images/Normal/0542.JPG
visa,pcb1,train,normal,,train/good/0016.JPG,,data/datasets/visa/pcb1/Data/Images/Normal/0016.JPG
visa,pcb1,train,normal,,train/good/0550.JPG,,data/datasets/visa/pcb1/Data/Images/Normal/0550.JPG
visa,pcb1,train,normal,,train/good/0633.JPG,,data/datasets/visa/pcb1/Data/Images/Normal/0633.JPG
visa,pcb1,train,normal,,train/good/0776.JPG,,data/datasets/visa/pcb1/Data/Images/Normal/0776.JPG
visa,pcb1,train,normal,,train/good/0506.JPG,,data/datasets/visa/pcb1/Data/Images/Normal/0506.JPG
visa,pcb1,train,normal,,train/good/0588.JPG,,data/datasets/visa/pcb1/Data/Images/Normal/0588.JPG
visa,pcb1,train,normal,,train/good/0457.JPG,,data/datasets/visa/pcb1/Data/Images/Normal/0457.JPG
visa,pcb1,train,normal,,train/good/0827.JPG,,data/datasets/visa/pcb1/Data/Images/Normal/0827.JPG
visa,pcb1,train,normal,,train/good/0677.JPG,,data/datasets/visa/pcb1/Data/Images/Normal/0677.JPG
visa,pcb1,train,normal,,train/good/0308.JPG,,data/datasets/visa/pcb1/Data/Images/Normal/0308.JPG
visa,pcb1,train,normal,,train/good/0850.JPG,,data/datasets/visa/pcb1/Data/Images/Normal/0850.JPG
visa,pcb1,train,normal,,train/good/0427.JPG,,data/datasets/visa/pcb1/Data/Images/Normal/0427.JPG
visa,pcb1,train,normal,,train/good/0263.JPG,,data/datasets/visa/pcb1/Data/Images/Normal/0263.JPG
visa,pcb1,train,normal,,train/good/0363.JPG,,data/datasets/visa/pcb1/Data/Images/Normal/0363.JPG
visa,pcb1,train,normal,,train/good/0054.JPG,,data/datasets/visa/pcb1/Data/Images/Normal/0054.JPG
visa,pcb1,train,normal,,train/good/0156.JPG,,data/datasets/visa/pcb1/Data/Images/Normal/0156.JPG
visa,pcb1,train,normal,,train/good/0781.JPG,,data/datasets/visa/pcb1/Data/Images/Normal/0781.JPG
visa,pcb1,train,normal,,train/good/0799.JPG,,data/datasets/visa/pcb1/Data/Images/Normal/0799.JPG
visa,pcb1,train,normal,,train/good/0420.JPG,,data/datasets/visa/pcb1/Data/Images/Normal/0420.JPG
visa,pcb1,train,normal,,train/good/0839.JPG,,data/datasets/visa/pcb1/Data/Images/Normal/0839.JPG
visa,pcb1,train,normal,,train/good/0924.JPG,,data/datasets/visa/pcb1/Data/Images/Normal/0924.JPG
visa,pcb1,train,normal,,train/good/0523.JPG,,data/datasets/visa/pcb1/Data/Images/Normal/0523.JPG
visa,pcb1,train,normal,,train/good/0397.JPG,,data/datasets/visa/pcb1/Data/Images/Normal/0397.JPG
visa,pcb1,train,normal,,train/good/0610.JPG,,data/datasets/visa/pcb1/Data/Images/Normal/0610.JPG
visa,pcb1,train,normal,,train/good/0897.JPG,,data/datasets/visa/pcb1/Data/Images/Normal/0897.JPG
visa,pcb1,train,normal,,train/good/0754.JPG,,data/datasets/visa/pcb1/Data/Images/Normal/0754.JPG
visa,pcb1,train,normal,,train/good/0539.JPG,,data/datasets/visa/pcb1/Data/Images/Normal/0539.JPG
visa,pcb1,train,normal,,train/good/0513.JPG,,data/datasets/visa/pcb1/Data/Images/Normal/0513.JPG
visa,pcb1,train,normal,,train/good/0882.JPG,,data/datasets/visa/pcb1/Data/Images/Normal/0882.JPG
visa,pcb1,train,normal,,train/good/0157.JPG,,data/datasets/visa/pcb1/Data/Images/Normal/0157.JPG
visa,pcb1,train,normal,,train/good/0559.JPG,,data/datasets/visa/pcb1/Data/Images/Normal/0559.JPG
visa,pcb1,train,normal,,train/good/0505.JPG,,data/datasets/visa/pcb1/Data/Images/Normal/0505.JPG
visa,pcb1,train,normal,,train/good/0367.JPG,,data/datasets/visa/pcb1/Data/Images/Normal/0367.JPG
visa,pcb1,train,normal,,train/good/0784.JPG,,data/datasets/visa/pcb1/Data/Images/Normal/0784.JPG
visa,pcb1,train,normal,,train/good/0706.JPG,,data/datasets/visa/pcb1/Data/Images/Normal/0706.JPG
visa,pcb1,train,normal,,train/good/0938.JPG,,data/datasets/visa/pcb1/Data/Images/Normal/0938.JPG
visa,pcb1,train,normal,,train/good/0076.JPG,,data/datasets/visa/pcb1/Data/Images/Normal/0076.JPG
visa,pcb1,train,normal,,train/good/0716.JPG,,data/datasets/visa/pcb1/Data/Images/Normal/0716.JPG
visa,pcb1,train,normal,,train/good/0648.JPG,,data/datasets/visa/pcb1/Data/Images/Normal/0648.JPG
visa,pcb1,train,normal,,train/good/0628.JPG,,data/datasets/visa/pcb1/Data/Images/Normal/0628.JPG
visa,pcb1,train,normal,,train/good/0676.JPG,,data/datasets/visa/pcb1/Data/Images/Normal/0676.JPG
visa,pcb1,train,normal,,train/good/0249.JPG,,data/datasets/visa/pcb1/Data/Images/Normal/0249.JPG
visa,pcb1,train,normal,,train/good/0020.JPG,,data/datasets/visa/pcb1/Data/Images/Normal/0020.JPG
visa,pcb1,train,normal,,train/good/0969.JPG,,data/datasets/visa/pcb1/Data/Images/Normal/0969.JPG
visa,pcb1,train,normal,,train/good/0250.JPG,,data/datasets/visa/pcb1/Data/Images/Normal/0250.JPG
visa,pcb1,train,normal,,train/good/0094.JPG,,data/datasets/visa/pcb1/Data/Images/Normal/0094.JPG
visa,pcb1,train,normal,,train/good/0103.JPG,,data/datasets/visa/pcb1/Data/Images/Normal/0103.JPG
visa,pcb1,train,normal,,train/good/0342.JPG,,data/datasets/visa/pcb1/Data/Images/Normal/0342.JPG
visa,pcb1,train,normal,,train/good/0251.JPG,,data/datasets/visa/pcb1/Data/Images/Normal/0251.JPG
visa,pcb1,train,normal,,train/good/0915.JPG,,data/datasets/visa/pcb1/Data/Images/Normal/0915.JPG
visa,pcb1,train,normal,,train/good/0565.JPG,,data/datasets/visa/pcb1/Data/Images/Normal/0565.JPG
visa,pcb1,train,normal,,train/good/0191.JPG,,data/datasets/visa/pcb1/Data/Images/Normal/0191.JPG
visa,pcb1,train,normal,,train/good/0671.JPG,,data/datasets/visa/pcb1/Data/Images/Normal/0671.JPG
visa,pcb1,train,normal,,train/good/0042.JPG,,data/datasets/visa/pcb1/Data/Images/Normal/0042.JPG
visa,pcb1,train,normal,,train/good/0817.JPG,,data/datasets/visa/pcb1/Data/Images/Normal/0817.JPG
visa,pcb1,train,normal,,train/good/0683.JPG,,data/datasets/visa/pcb1/Data/Images/Normal/0683.JPG
visa,pcb1,train,normal,,train/good/0862.JPG,,data/datasets/visa/pcb1/Data/Images/Normal/0862.JPG
visa,pcb1,train,normal,,train/good/0668.JPG,,data/datasets/visa/pcb1/Data/Images/Normal/0668.JPG
visa,pcb1,train,normal,,train/good/0092.JPG,,data/datasets/visa/pcb1/Data/Images/Normal/0092.JPG
visa,pcb1,train,normal,,train/good/0458.JPG,,data/datasets/visa/pcb1/Data/Images/Normal/0458.JPG
visa,pcb1,train,normal,,train/good/0091.JPG,,data/datasets/visa/pcb1/Data/Images/Normal/0091.JPG
visa,pcb1,train,normal,,train/good/0791.JPG,,data/datasets/visa/pcb1/Data/Images/Normal/0791.JPG
visa,pcb1,train,normal,,train/good/0615.JPG,,data/datasets/visa/pcb1/Data/Images/Normal/0615.JPG
visa,pcb1,train,normal,,train/good/0369.JPG,,data/datasets/visa/pcb1/Data/Images/Normal/0369.JPG
visa,pcb1,train,normal,,train/good/0252.JPG,,data/datasets/visa/pcb1/Data/Images/Normal/0252.JPG
visa,pcb1,train,normal,,train/good/0203.JPG,,data/datasets/visa/pcb1/Data/Images/Normal/0203.JPG
visa,pcb1,train,normal,,train/good/0314.JPG,,data/datasets/visa/pcb1/Data/Images/Normal/0314.JPG
visa,pcb1,train,normal,,train/good/0710.JPG,,data/datasets/visa/pcb1/Data/Images/Normal/0710.JPG
visa,pcb1,train,normal,,train/good/0961.JPG,,data/datasets/visa/pcb1/Data/Images/Normal/0961.JPG
visa,pcb1,train,normal,,train/good/0187.JPG,,data/datasets/visa/pcb1/Data/Images/Normal/0187.JPG
visa,pcb1,train,normal,,train/good/0265.JPG,,data/datasets/visa/pcb1/Data/Images/Normal/0265.JPG
visa,pcb1,train,normal,,train/good/0364.JPG,,data/datasets/visa/pcb1/Data/Images/Normal/0364.JPG
visa,pcb1,train,normal,,train/good/0875.JPG,,data/datasets/visa/pcb1/Data/Images/Normal/0875.JPG
visa,pcb1,train,normal,,train/good/0585.JPG,,data/datasets/visa/pcb1/Data/Images/Normal/0585.JPG
visa,pcb1,train,normal,,train/good/0220.JPG,,data/datasets/visa/pcb1/Data/Images/Normal/0220.JPG
visa,pcb1,train,normal,,train/good/0256.JPG,,data/datasets/visa/pcb1/Data/Images/Normal/0256.JPG
visa,pcb1,train,normal,,train/good/0114.JPG,,data/datasets/visa/pcb1/Data/Images/Normal/0114.JPG
visa,pcb1,train,normal,,train/good/0466.JPG,,data/datasets/visa/pcb1/Data/Images/Normal/0466.JPG
visa,pcb1,train,normal,,train/good/0324.JPG,,data/datasets/visa/pcb1/Data/Images/Normal/0324.JPG
visa,pcb1,train,normal,,train/good/0065.JPG,,data/datasets/visa/pcb1/Data/Images/Normal/0065.JPG
visa,pcb1,train,normal,,train/good/0998.JPG,,data/datasets/visa/pcb1/Data/Images/Normal/0998.JPG
visa,pcb1,train,normal,,train/good/0408.JPG,,data/datasets/visa/pcb1/Data/Images/Normal/0408.JPG
visa,pcb1,train,normal,,train/good/0320.JPG,,data/datasets/visa/pcb1/Data/Images/Normal/0320.JPG
visa,pcb1,train,normal,,train/good/0400.JPG,,data/datasets/visa/pcb1/Data/Images/Normal/0400.JPG
visa,pcb1,train,normal,,train/good/0993.JPG,,data/datasets/visa/pcb1/Data/Images/Normal/0993.JPG
visa,pcb1,train,normal,,train/good/0327.JPG,,data/datasets/visa/pcb1/Data/Images/Normal/0327.JPG
visa,pcb1,train,normal,,train/good/0704.JPG,,data/datasets/visa/pcb1/Data/Images/Normal/0704.JPG
visa,pcb1,train,normal,,train/good/0010.JPG,,data/datasets/visa/pcb1/Data/Images/Normal/0010.JPG
visa,pcb1,train,normal,,train/good/0027.JPG,,data/datasets/visa/pcb1/Data/Images/Normal/0027.JPG
visa,pcb1,train,normal,,train/good/0815.JPG,,data/datasets/visa/pcb1/Data/Images/Normal/0815.JPG
visa,pcb1,train,normal,,train/good/0966.JPG,,data/datasets/visa/pcb1/Data/Images/Normal/0966.JPG
visa,pcb1,train,normal,,train/good/0212.JPG,,data/datasets/visa/pcb1/Data/Images/Normal/0212.JPG
visa,pcb1,train,normal,,train/good/0933.JPG,,data/datasets/visa/pcb1/Data/Images/Normal/0933.JPG
visa,pcb1,train,normal,,train/good/0322.JPG,,data/datasets/visa/pcb1/Data/Images/Normal/0322.JPG
visa,pcb1,train,normal,,train/good/0488.JPG,,data/datasets/visa/pcb1/Data/Images/Normal/0488.JPG
visa,pcb1,train,normal,,train/good/0841.JPG,,data/datasets/visa/pcb1/Data/Images/Normal/0841.JPG
visa,pcb1,train,normal,,train/good/0699.JPG,,data/datasets/visa/pcb1/Data/Images/Normal/0699.JPG
visa,pcb1,train,normal,,train/good/0792.JPG,,data/datasets/visa/pcb1/Data/Images/Normal/0792.JPG
visa,pcb1,train,normal,,train/good/0555.JPG,,data/datasets/visa/pcb1/Data/Images/Normal/0555.JPG
visa,pcb1,train,normal,,train/good/0621.JPG,,data/datasets/visa/pcb1/Data/Images/Normal/0621.JPG
visa,pcb1,train,normal,,train/good/0445.JPG,,data/datasets/visa/pcb1/Data/Images/Normal/0445.JPG
visa,pcb1,train,normal,,train/good/0105.JPG,,data/datasets/visa/pcb1/Data/Images/Normal/0105.JPG
visa,pcb1,train,normal,,train/good/0976.JPG,,data/datasets/visa/pcb1/Data/Images/Normal/0976.JPG
visa,pcb1,train,normal,,train/good/0247.JPG,,data/datasets/visa/pcb1/Data/Images/Normal/0247.JPG
visa,pcb1,train,normal,,train/good/0950.JPG,,data/datasets/visa/pcb1/Data/Images/Normal/0950.JPG
visa,pcb1,train,normal,,train/good/0734.JPG,,data/datasets/visa/pcb1/Data/Images/Normal/0734.JPG
visa,pcb1,train,normal,,train/good/0118.JPG,,data/datasets/visa/pcb1/Data/Images/Normal/0118.JPG
visa,pcb1,train,normal,,train/good/0165.JPG,,data/datasets/visa/pcb1/Data/Images/Normal/0165.JPG
visa,pcb1,train,normal,,train/good/0762.JPG,,data/datasets/visa/pcb1/Data/Images/Normal/0762.JPG
visa,pcb1,train,normal,,train/good/0245.JPG,,data/datasets/visa/pcb1/Data/Images/Normal/0245.JPG
visa,pcb1,train,normal,,train/good/0959.JPG,,data/datasets/visa/pcb1/Data/Images/Normal/0959.JPG
visa,pcb1,train,normal,,train/good/0630.JPG,,data/datasets/visa/pcb1/Data/Images/Normal/0630.JPG
visa,pcb1,train,normal,,train/good/0609.JPG,,data/datasets/visa/pcb1/Data/Images/Normal/0609.JPG
visa,pcb1,train,normal,,train/good/0824.JPG,,data/datasets/visa/pcb1/Data/Images/Normal/0824.JPG
visa,pcb1,train,normal,,train/good/0803.JPG,,data/datasets/visa/pcb1/Data/Images/Normal/0803.JPG
visa,pcb1,train,anomaly,,train/anomaly/053.JPG,train/masks/053.png,data/datasets/visa/pcb1/Data/Images/Anomaly/053.JPG
visa,pcb1,train,anomaly,,train/anomaly/037.JPG,train/masks/037.png,data/datasets/visa/pcb1/Data/Images/Anomaly/037.JPG
visa,pcb1,train,anomaly,,train/anomaly/065.JPG,train/masks/065.png,data/datasets/visa/pcb1/Data/Images/Anomaly/065.JPG
visa,pcb1,train,anomaly,,train/anomaly/051.JPG,train/masks/051.png,data/datasets/visa/pcb1/Data/Images/Anomaly/051.JPG
visa,pcb1,train,anomaly,,train/anomaly/004.JPG,train/masks/004.png,data/datasets/visa/pcb1/Data/Images/Anomaly/004.JPG
visa,pcb1,train,anomaly,,train/anomaly/020.JPG,train/masks/020.png,data/datasets/visa/pcb1/Data/Images/Anomaly/020.JPG
visa,pcb1,train,anomaly,,train/anomaly/038.JPG,train/masks/038.png,data/datasets/visa/pcb1/Data/Images/Anomaly/038.JPG
visa,pcb1,train,anomaly,,train/anomaly/009.JPG,train/masks/009.png,data/datasets/visa/pcb1/Data/Images/Anomaly/009.JPG
visa,pcb1,train,anomaly,,train/anomaly/010.JPG,train/masks/010.png,data/datasets/visa/pcb1/Data/Images/Anomaly/010.JPG
visa,pcb1,train,anomaly,,train/anomaly/081.JPG,train/masks/081.png,data/datasets/visa/pcb1/Data/Images/Anomaly/081.JPG
visa,pcb1,train,anomaly,,train/anomaly/044.JPG,train/masks/044.png,data/datasets/visa/pcb1/Data/Images/Anomaly/044.JPG
visa,pcb1,train,anomaly,,train/anomaly/036.JPG,train/masks/036.png,data/datasets/visa/pcb1/Data/Images/Anomaly/036.JPG
visa,pcb1,train,anomaly,,train/anomaly/084.JPG,train/masks/084.png,data/datasets/visa/pcb1/Data/Images/Anomaly/084.JPG
visa,pcb1,train,anomaly,,train/anomaly/050.JPG,train/masks/050.png,data/datasets/visa/pcb1/Data/Images/Anomaly/050.JPG
visa,pcb1,train,anomaly,,train/anomaly/096.JPG,train/masks/096.png,data/datasets/visa/pcb1/Data/Images/Anomaly/096.JPG
visa,pcb1,train,anomaly,,train/anomaly/090.JPG,train/masks/090.png,data/datasets/visa/pcb1/Data/Images/Anomaly/090.JPG
visa,pcb1,train,anomaly,,train/anomaly/066.JPG,train/masks/066.png,data/datasets/visa/pcb1/Data/Images/Anomaly/066.JPG
visa,pcb1,train,anomaly,,train/anomaly/016.JPG,train/masks/016.png,data/datasets/visa/pcb1/Data/Images/Anomaly/016.JPG
visa,pcb1,train,anomaly,,train/anomaly/080.JPG,train/masks/080.png,data/datasets/visa/pcb1/Data/Images/Anomaly/080.JPG
visa,pcb1,train,anomaly,,train/anomaly/033.JPG,train/masks/033.png,data/datasets/visa/pcb1/Data/Images/Anomaly/033.JPG
visa,pcb1,train,anomaly,,train/anomaly/024.JPG,train/masks/024.png,data/datasets/visa/pcb1/Data/Images/Anomaly/024.JPG
visa,pcb1,train,anomaly,,train/anomaly/052.JPG,train/masks/052.png,data/datasets/visa/pcb1/Data/Images/Anomaly/052.JPG
visa,pcb1,train,anomaly,,train/anomaly/091.JPG,train/masks/091.png,data/datasets/visa/pcb1/Data/Images/Anomaly/091.JPG
visa,pcb1,train,anomaly,,train/anomaly/099.JPG,train/masks/099.png,data/datasets/visa/pcb1/Data/Images/Anomaly/099.JPG
visa,pcb1,train,anomaly,,train/anomaly/064.JPG,train/masks/064.png,data/datasets/visa/pcb1/Data/Images/Anomaly/064.JPG
visa,pcb1,train,anomaly,,train/anomaly/005.JPG,train/masks/005.png,data/datasets/visa/pcb1/Data/Images/Anomaly/005.JPG
visa,pcb1,train,anomaly,,train/anomaly/058.JPG,train/masks/058.png,data/datasets/visa/pcb1/Data/Images/Anomaly/058.JPG
visa,pcb1,train,anomaly,,train/anomaly/076.JPG,train/masks/076.png,data/datasets/visa/pcb1/Data/Images/Anomaly/076.JPG
visa,pcb1,train,anomaly,,train/anomaly/039.JPG,train/masks/039.png,data/datasets/visa/pcb1/Data/Images/Anomaly/039.JPG
visa,pcb1,train,anomaly,,train/anomaly/079.JPG,train/masks/079.png,data/datasets/visa/pcb1/Data/Images/Anomaly/079.JPG
visa,pcb1,train,anomaly,,train/anomaly/023.JPG,train/masks/023.png,data/datasets/visa/pcb1/Data/Images/Anomaly/023.JPG
visa,pcb1,train,anomaly,,train/anomaly/094.JPG,train/masks/094.png,data/datasets/visa/pcb1/Data/Images/Anomaly/094.JPG
visa,pcb1,train,anomaly,,train/anomaly/030.JPG,train/masks/030.png,data/datasets/visa/pcb1/Data/Images/Anomaly/030.JPG
visa,pcb1,train,anomaly,,train/anomaly/073.JPG,train/masks/073.png,data/datasets/visa/pcb1/Data/Images/Anomaly/073.JPG
visa,pcb1,train,anomaly,,train/anomaly/025.JPG,train/masks/025.png,data/datasets/visa/pcb1/Data/Images/Anomaly/025.JPG
visa,pcb1,train,anomaly,,train/anomaly/047.JPG,train/masks/047.png,data/datasets/visa/pcb1/Data/Images/Anomaly/047.JPG
visa,pcb1,train,anomaly,,train/anomaly/031.JPG,train/masks/031.png,data/datasets/visa/pcb1/Data/Images/Anomaly/031.JPG
visa,pcb1,train,anomaly,,train/anomaly/045.JPG,train/masks/045.png,data/datasets/visa/pcb1/Data/Images/Anomaly/045.JPG
visa,pcb1,train,anomaly,,train/anomaly/019.JPG,train/masks/019.png,data/datasets/visa/pcb1/Data/Images/Anomaly/019.JPG
visa,pcb1,train,anomaly,,train/anomaly/087.JPG,train/masks/087.png,data/datasets/visa/pcb1/Data/Images/Anomaly/087.JPG
visa,pcb1,train,anomaly,,train/anomaly/042.JPG,train/masks/042.png,data/datasets/visa/pcb1/Data/Images/Anomaly/042.JPG
visa,pcb1,train,anomaly,,train/anomaly/068.JPG,train/masks/068.png,data/datasets/visa/pcb1/Data/Images/Anomaly/068.JPG
visa,pcb1,train,anomaly,,train/anomaly/095.JPG,train/masks/095.png,data/datasets/visa/pcb1/Data/Images/Anomaly/095.JPG
visa,pcb1,train,anomaly,,train/anomaly/021.JPG,train/masks/021.png,data/datasets/visa/pcb1/Data/Images/Anomaly/021.JPG
visa,pcb1,train,anomaly,,train/anomaly/007.JPG,train/masks/007.png,data/datasets/visa/pcb1/Data/Images/Anomaly/007.JPG
visa,pcb1,train,anomaly,,train/anomaly/067.JPG,train/masks/067.png,data/datasets/visa/pcb1/Data/Images/Anomaly/067.JPG
visa,pcb1,train,anomaly,,train/anomaly/046.JPG,train/masks/046.png,data/datasets/visa/pcb1/Data/Images/Anomaly/046.JPG
visa,pcb1,train,anomaly,,train/anomaly/082.JPG,train/masks/082.png,data/datasets/visa/pcb1/Data/Images/Anomaly/082.JPG
visa,pcb1,train,anomaly,,train/anomaly/011.JPG,train/masks/011.png,data/datasets/visa/pcb1/Data/Images/Anomaly/011.JPG
visa,pcb1,train,anomaly,,train/anomaly/006.JPG,train/masks/006.png,data/datasets/visa/pcb1/Data/Images/Anomaly/006.JPG
visa,pcb1,train,anomaly,,train/anomaly/041.JPG,train/masks/041.png,data/datasets/visa/pcb1/Data/Images/Anomaly/041.JPG
visa,pcb1,train,anomaly,,train/anomaly/086.JPG,train/masks/086.png,data/datasets/visa/pcb1/Data/Images/Anomaly/086.JPG
visa,pcb1,train,anomaly,,train/anomaly/088.JPG,train/masks/088.png,data/datasets/visa/pcb1/Data/Images/Anomaly/088.JPG
visa,pcb1,train,anomaly,,train/anomaly/070.JPG,train/masks/070.png,data/datasets/visa/pcb1/Data/Images/Anomaly/070.JPG
visa,pcb1,train,anomaly,,train/anomaly/018.JPG,train/masks/018.png,data/datasets/visa/pcb1/Data/Images/Anomaly/018.JPG
visa,pcb1,train,anomaly,,train/anomaly/078.JPG,train/masks/078.png,data/datasets/visa/pcb1/Data/Images/Anomaly/078.JPG
visa,pcb1,train,anomaly,,train/anomaly/071.JPG,train/masks/071.png,data/datasets/visa/pcb1/Data/Images/Anomaly/071.JPG
visa,pcb1,train,anomaly,,train/anomaly/059.JPG,train/masks/059.png,data/datasets/visa/pcb1/Data/Images/Anomaly/059.JPG
visa,pcb1,train,anomaly,,train/anomaly/043.JPG,train/masks/043.png,data/datasets/visa/pcb1/Data/Images/Anomaly/043.JPG
visa,pcb1,train,anomaly,,train/anomaly/061.JPG,train/masks/061.png,data/datasets/visa/pcb1/Data/Images/Anomaly/061.JPG
visa,pcb1,test,normal,,test/good/0893.JPG,,data/datasets/visa/pcb1/Data/Images/Normal/0893.JPG
visa,pcb1,test,normal,,test/good/0861.JPG,,data/datasets/visa/pcb1/Data/Images/Normal/0861.JPG
visa,pcb1,test,normal,,test/good/0612.JPG,,data/datasets/visa/pcb1/Data/Images/Normal/0612.JPG
visa,pcb1,test,normal,,test/good/0046.JPG,,data/datasets/visa/pcb1/Data/Images/Normal/0046.JPG
visa,pcb1,test,normal,,test/good/0885.JPG,,data/datasets/visa/pcb1/Data/Images/Normal/0885.JPG
visa,pcb1,test,normal,,test/good/0283.JPG,,data/datasets/visa/pcb1/Data/Images/Normal/0283.JPG
visa,pcb1,test,normal,,test/good/0468.JPG,,data/datasets/visa/pcb1/Data/Images/Normal/0468.JPG
visa,pcb1,test,normal,,test/good/0846.JPG,,data/datasets/visa/pcb1/Data/Images/Normal/0846.JPG
visa,pcb1,test,normal,,test/good/0660.JPG,,data/datasets/visa/pcb1/Data/Images/Normal/0660.JPG
visa,pcb1,test,normal,,test/good/0577.JPG,,data/datasets/visa/pcb1/Data/Images/Normal/0577.JPG
visa,pcb1,test,normal,,test/good/0302.JPG,,data/datasets/visa/pcb1/Data/Images/Normal/0302.JPG
visa,pcb1,test,normal,,test/good/0829.JPG,,data/datasets/visa/pcb1/Data/Images/Normal/0829.JPG
visa,pcb1,test,normal,,test/good/0273.JPG,,data/datasets/visa/pcb1/Data/Images/Normal/0273.JPG
visa,pcb1,test,normal,,test/good/0083.JPG,,data/datasets/visa/pcb1/Data/Images/Normal/0083.JPG
visa,pcb1,test,normal,,test/good/0579.JPG,,data/datasets/visa/pcb1/Data/Images/Normal/0579.JPG
visa,pcb1,test,normal,,test/good/0229.JPG,,data/datasets/visa/pcb1/Data/Images/Normal/0229.JPG
visa,pcb1,test,normal,,test/good/0806.JPG,,data/datasets/visa/pcb1/Data/Images/Normal/0806.JPG
visa,pcb1,test,normal,,test/good/0584.JPG,,data/datasets/visa/pcb1/Data/Images/Normal/0584.JPG
visa,pcb1,test,normal,,test/good/0715.JPG,,data/datasets/visa/pcb1/Data/Images/Normal/0715.JPG
visa,pcb1,test,normal,,test/good/0696.JPG,,data/datasets/visa/pcb1/Data/Images/Normal/0696.JPG
visa,pcb1,test,normal,,test/good/0913.JPG,,data/datasets/visa/pcb1/Data/Images/Normal/0913.JPG
visa,pcb1,test,normal,,test/good/0117.JPG,,data/datasets/visa/pcb1/Data/Images/Normal/0117.JPG
visa,pcb1,test,normal,,test/good/0349.JPG,,data/datasets/visa/pcb1/Data/Images/Normal/0349.JPG
visa,pcb1,test,normal,,test/good/0872.JPG,,data/datasets/visa/pcb1/Data/Images/Normal/0872.JPG
visa,pcb1,test,normal,,test/good/0150.JPG,,data/datasets/visa/pcb1/Data/Images/Normal/0150.JPG
visa,pcb1,test,normal,,test/good/0389.JPG,,data/datasets/visa/pcb1/Data/Images/Normal/0389.JPG
visa,pcb1,test,normal,,test/good/0074.JPG,,data/datasets/visa/pcb1/Data/Images/Normal/0074.JPG
visa,pcb1,test,normal,,test/good/0416.JPG,,data/datasets/visa/pcb1/Data/Images/Normal/0416.JPG
visa,pcb1,test,normal,,test/good/0040.JPG,,data/datasets/visa/pcb1/Data/Images/Normal/0040.JPG
visa,pcb1,test,normal,,test/good/0726.JPG,,data/datasets/visa/pcb1/Data/Images/Normal/0726.JPG
visa,pcb1,test,normal,,test/good/0685.JPG,,data/datasets/visa/pcb1/Data/Images/Normal/0685.JPG
visa,pcb1,test,normal,,test/good/0842.JPG,,data/datasets/visa/pcb1/Data/Images/Normal/0842.JPG
visa,pcb1,test,normal,,test/good/0593.JPG,,data/datasets/visa/pcb1/Data/Images/Normal/0593.JPG
visa,pcb1,test,normal,,test/good/0669.JPG,,data/datasets/visa/pcb1/Data/Images/Normal/0669.JPG
visa,pcb1,test,normal,,test/good/0500.JPG,,data/datasets/visa/pcb1/Data/Images/Normal/0500.JPG
visa,pcb1,test,normal,,test/good/0618.JPG,,data/datasets/visa/pcb1/Data/Images/Normal/0618.JPG
visa,pcb1,test,normal,,test/good/0934.JPG,,data/datasets/visa/pcb1/Data/Images/Normal/0934.JPG
visa,pcb1,test,normal,,test/good/0298.JPG,,data/datasets/visa/pcb1/Data/Images/Normal/0298.JPG
visa,pcb1,test,normal,,test/good/0767.JPG,,data/datasets/visa/pcb1/Data/Images/Normal/0767.JPG
visa,pcb1,test,normal,,test/good/0348.JPG,,data/datasets/visa/pcb1/Data/Images/Normal/0348.JPG
visa,pcb1,test,normal,,test/good/0346.JPG,,data/datasets/visa/pcb1/Data/Images/Normal/0346.JPG
visa,pcb1,test,normal,,test/good/0376.JPG,,data/datasets/visa/pcb1/Data/Images/Normal/0376.JPG
visa,pcb1,test,normal,,test/good/0979.JPG,,data/datasets/visa/pcb1/Data/Images/Normal/0979.JPG
visa,pcb1,test,normal,,test/good/0742.JPG,,data/datasets/visa/pcb1/Data/Images/Normal/0742.JPG
visa,pcb1,test,normal,,test/good/0811.JPG,,data/datasets/visa/pcb1/Data/Images/Normal/0811.JPG
visa,pcb1,test,normal,,test/good/0925.JPG,,data/datasets/visa/pcb1/Data/Images/Normal/0925.JPG
visa,pcb1,test,normal,,test/good/0274.JPG,,data/datasets/visa/pcb1/Data/Images/Normal/0274.JPG
visa,pcb1,test,normal,,test/good/0666.JPG,,data/datasets/visa/pcb1/Data/Images/Normal/0666.JPG
visa,pcb1,test,normal,,test/good/0818.JPG,,data/datasets/visa/pcb1/Data/Images/Normal/0818.JPG
visa,pcb1,test,normal,,test/good/0170.JPG,,data/datasets/visa/pcb1/Data/Images/Normal/0170.JPG
visa,pcb1,test,normal,,test/good/0173.JPG,,data/datasets/visa/pcb1/Data/Images/Normal/0173.JPG
visa,pcb1,test,normal,,test/good/0136.JPG,,data/datasets/visa/pcb1/Data/Images/Normal/0136.JPG
visa,pcb1,test,normal,,test/good/0086.JPG,,data/datasets/visa/pcb1/Data/Images/Normal/0086.JPG
visa,pcb1,test,normal,,test/good/0041.JPG,,data/datasets/visa/pcb1/Data/Images/Normal/0041.JPG
visa,pcb1,test,normal,,test/good/0066.JPG,,data/datasets/visa/pcb1/Data/Images/Normal/0066.JPG
visa,pcb1,test,normal,,test/good/0240.JPG,,data/datasets/visa/pcb1/Data/Images/Normal/0240.JPG
visa,pcb1,test,normal,,test/good/0545.JPG,,data/datasets/visa/pcb1/Data/Images/Normal/0545.JPG
visa,pcb1,test,normal,,test/good/0823.JPG,,data/datasets/visa/pcb1/Data/Images/Normal/0823.JPG
visa,pcb1,test,normal,,test/good/0547.JPG,,data/datasets/visa/pcb1/Data/Images/Normal/0547.JPG
visa,pcb1,test,normal,,test/good/0978.JPG,,data/datasets/visa/pcb1/Data/Images/Normal/0978.JPG
visa,pcb1,test,normal,,test/good/0560.JPG,,data/datasets/visa/pcb1/Data/Images/Normal/0560.JPG
visa,pcb1,test,normal,,test/good/0990.JPG,,data/datasets/visa/pcb1/Data/Images/Normal/0990.JPG
visa,pcb1,test,normal,,test/good/0098.JPG,,data/datasets/visa/pcb1/Data/Images/Normal/0098.JPG
visa,pcb1,test,normal,,test/good/0974.JPG,,data/datasets/visa/pcb1/Data/Images/Normal/0974.JPG
visa,pcb1,test,normal,,test/good/0218.JPG,,data/datasets/visa/pcb1/Data/Images/Normal/0218.JPG
visa,pcb1,test,normal,,test/good/0439.JPG,,data/datasets/visa/pcb1/Data/Images/Normal/0439.JPG
visa,pcb1,test,normal,,test/good/0347.JPG,,data/datasets/visa/pcb1/Data/Images/Normal/0347.JPG
visa,pcb1,test,normal,,test/good/0138.JPG,,data/datasets/visa/pcb1/Data/Images/Normal/0138.JPG
visa,pcb1,test,normal,,test/good/0576.JPG,,data/datasets/visa/pcb1/Data/Images/Normal/0576.JPG
visa,pcb1,test,normal,,test/good/0335.JPG,,data/datasets/visa/pcb1/Data/Images/Normal/0335.JPG
visa,pcb1,test,normal,,test/good/0695.JPG,,data/datasets/visa/pcb1/Data/Images/Normal/0695.JPG
visa,pcb1,test,normal,,test/good/0160.JPG,,data/datasets/visa/pcb1/Data/Images/Normal/0160.JPG
visa,pcb1,test,normal,,test/good/0877.JPG,,data/datasets/visa/pcb1/Data/Images/Normal/0877.JPG
visa,pcb1,test,normal,,test/good/0288.JPG,,data/datasets/visa/pcb1/Data/Images/Normal/0288.JPG
visa,pcb1,test,normal,,test/good/0411.JPG,,data/datasets/visa/pcb1/Data/Images/Normal/0411.JPG
visa,pcb1,test,normal,,test/good/0626.JPG,,data/datasets/visa/pcb1/Data/Images/Normal/0626.JPG
visa,pcb1,test,normal,,test/good/0333.JPG,,data/datasets/visa/pcb1/Data/Images/Normal/0333.JPG
visa,pcb1,test,normal,,test/good/0835.JPG,,data/datasets/visa/pcb1/Data/Images/Normal/0835.JPG
visa,pcb1,test,normal,,test/good/0911.JPG,,data/datasets/visa/pcb1/Data/Images/Normal/0911.JPG
visa,pcb1,test,normal,,test/good/0825.JPG,,data/datasets/visa/pcb1/Data/Images/Normal/0825.JPG
visa,pcb1,test,normal,,test/good/0928.JPG,,data/datasets/visa/pcb1/Data/Images/Normal/0928.JPG
visa,pcb1,test,normal,,test/good/0982.JPG,,data/datasets/visa/pcb1/Data/Images/Normal/0982.JPG
visa,pcb1,test,normal,,test/good/0681.JPG,,data/datasets/visa/pcb1/Data/Images/Normal/0681.JPG
visa,pcb1,test,normal,,test/good/0106.JPG,,data/datasets/visa/pcb1/Data/Images/Normal/0106.JPG
visa,pcb1,test,normal,,test/good/0504.JPG,,data/datasets/visa/pcb1/Data/Images/Normal/0504.JPG
visa,pcb1,test,normal,,test/good/0198.JPG,,data/datasets/visa/pcb1/Data/Images/Normal/0198.JPG
visa,pcb1,test,normal,,test/good/0970.JPG,,data/datasets/visa/pcb1/Data/Images/Normal/0970.JPG
visa,pcb1,test,normal,,test/good/0981.JPG,,data/datasets/visa/pcb1/Data/Images/Normal/0981.JPG
visa,pcb1,test,normal,,test/good/0892.JPG,,data/datasets/visa/pcb1/Data/Images/Normal/0892.JPG
visa,pcb1,test,normal,,test/good/0587.JPG,,data/datasets/visa/pcb1/Data/Images/Normal/0587.JPG
visa,pcb1,test,normal,,test/good/0833.JPG,,data/datasets/visa/pcb1/Data/Images/Normal/0833.JPG
visa,pcb1,test,normal,,test/good/0101.JPG,,data/datasets/visa/pcb1/Data/Images/Normal/0101.JPG
visa,pcb1,test,normal,,test/good/0355.JPG,,data/datasets/visa/pcb1/Data/Images/Normal/0355.JPG
visa,pcb1,test,normal,,test/good/0205.JPG,,data/datasets/visa/pcb1/Data/Images/Normal/0205.JPG
visa,pcb1,test,normal,,test/good/0387.JPG,,data/datasets/visa/pcb1/Data/Images/Normal/0387.JPG
visa,pcb1,test,normal,,test/good/0705.JPG,,data/datasets/visa/pcb1/Data/Images/Normal/0705.JPG
visa,pcb1,test,normal,,test/good/0521.JPG,,data/datasets/visa/pcb1/Data/Images/Normal/0521.JPG
visa,pcb1,test,normal,,test/good/0637.JPG,,data/datasets/visa/pcb1/Data/Images/Normal/0637.JPG
visa,pcb1,test,normal,,test/good/0175.JPG,,data/datasets/visa/pcb1/Data/Images/Normal/0175.JPG
visa,pcb1,test,normal,,test/good/0471.JPG,,data/datasets/visa/pcb1/Data/Images/Normal/0471.JPG
visa,pcb1,test,normal,,test/good/0838.JPG,,data/datasets/visa/pcb1/Data/Images/Normal/0838.JPG
visa,pcb1,test,normal,,test/good/0222.JPG,,data/datasets/visa/pcb1/Data/Images/Normal/0222.JPG
visa,pcb1,test,normal,,test/good/0604.JPG,,data/datasets/visa/pcb1/Data/Images/Normal/0604.JPG
visa,pcb1,test,normal,,test/good/0038.JPG,,data/datasets/visa/pcb1/Data/Images/Normal/0038.JPG
visa,pcb1,test,normal,,test/good/0834.JPG,,data/datasets/visa/pcb1/Data/Images/Normal/0834.JPG
visa,pcb1,test,normal,,test/good/0008.JPG,,data/datasets/visa/pcb1/Data/Images/Normal/0008.JPG
visa,pcb1,test,normal,,test/good/0133.JPG,,data/datasets/visa/pcb1/Data/Images/Normal/0133.JPG
visa,pcb1,test,normal,,test/good/0258.JPG,,data/datasets/visa/pcb1/Data/Images/Normal/0258.JPG
visa,pcb1,test,normal,,test/good/0578.JPG,,data/datasets/visa/pcb1/Data/Images/Normal/0578.JPG
visa,pcb1,test,normal,,test/good/0937.JPG,,data/datasets/visa/pcb1/Data/Images/Normal/0937.JPG
visa,pcb1,test,normal,,test/good/0162.JPG,,data/datasets/visa/pcb1/Data/Images/Normal/0162.JPG
visa,pcb1,test,normal,,test/good/0954.JPG,,data/datasets/visa/pcb1/Data/Images/Normal/0954.JPG
visa,pcb1,test,normal,,test/good/0317.JPG,,data/datasets/visa/pcb1/Data/Images/Normal/0317.JPG
visa,pcb1,test,normal,,test/good/0078.JPG,,data/datasets/visa/pcb1/Data/Images/Normal/0078.JPG
visa,pcb1,test,normal,,test/good/0798.JPG,,data/datasets/visa/pcb1/Data/Images/Normal/0798.JPG
visa,pcb1,test,normal,,test/good/0313.JPG,,data/datasets/visa/pcb1/Data/Images/Normal/0313.JPG
visa,pcb1,test,normal,,test/good/0048.JPG,,data/datasets/visa/pcb1/Data/Images/Normal/0048.JPG
visa,pcb1,test,normal,,test/good/0217.JPG,,data/datasets/visa/pcb1/Data/Images/Normal/0217.JPG
visa,pcb1,test,normal,,test/good/0128.JPG,,data/datasets/visa/pcb1/Data/Images/Normal/0128.JPG
visa,pcb1,test,normal,,test/good/0305.JPG,,data/datasets/visa/pcb1/Data/Images/Normal/0305.JPG
visa,pcb1,test,normal,,test/good/0060.JPG,,data/datasets/visa/pcb1/Data/Images/Normal/0060.JPG
visa,pcb1,test,normal,,test/good/0740.JPG,,data/datasets/visa/pcb1/Data/Images/Normal/0740.JPG
visa,pcb1,test,normal,,test/good/0646.JPG,,data/datasets/visa/pcb1/Data/Images/Normal/0646.JPG
visa,pcb1,test,normal,,test/good/0848.JPG,,data/datasets/visa/pcb1/Data/Images/Normal/0848.JPG
visa,pcb1,test,normal,,test/good/0328.JPG,,data/datasets/visa/pcb1/Data/Images/Normal/0328.JPG
visa,pcb1,test,normal,,test/good/0589.JPG,,data/datasets/visa/pcb1/Data/Images/Normal/0589.JPG
visa,pcb1,test,normal,,test/good/0691.JPG,,data/datasets/visa/pcb1/Data/Images/Normal/0691.JPG
visa,pcb1,test,normal,,test/good/0404.JPG,,data/datasets/visa/pcb1/Data/Images/Normal/0404.JPG
visa,pcb1,test,normal,,test/good/0965.JPG,,data/datasets/visa/pcb1/Data/Images/Normal/0965.JPG
visa,pcb1,test,normal,,test/good/0664.JPG,,data/datasets/visa/pcb1/Data/Images/Normal/0664.JPG
visa,pcb1,test,normal,,test/good/0536.JPG,,data/datasets/visa/pcb1/Data/Images/Normal/0536.JPG
visa,pcb1,test,normal,,test/good/0228.JPG,,data/datasets/visa/pcb1/Data/Images/Normal/0228.JPG
visa,pcb1,test,normal,,test/good/0461.JPG,,data/datasets/visa/pcb1/Data/Images/Normal/0461.JPG
visa,pcb1,test,normal,,test/good/0528.JPG,,data/datasets/visa/pcb1/Data/Images/Normal/0528.JPG
visa,pcb1,test,normal,,test/good/0711.JPG,,data/datasets/visa/pcb1/Data/Images/Normal/0711.JPG
visa,pcb1,test,normal,,test/good/0645.JPG,,data/datasets/visa/pcb1/Data/Images/Normal/0645.JPG
visa,pcb1,test,normal,,test/good/0225.JPG,,data/datasets/visa/pcb1/Data/Images/Normal/0225.JPG
visa,pcb1,test,normal,,test/good/0557.JPG,,data/datasets/visa/pcb1/Data/Images/Normal/0557.JPG
visa,pcb1,test,normal,,test/good/0832.JPG,,data/datasets/visa/pcb1/Data/Images/Normal/0832.JPG
visa,pcb1,test,normal,,test/good/0694.JPG,,data/datasets/visa/pcb1/Data/Images/Normal/0694.JPG
visa,pcb1,test,normal,,test/good/0518.JPG,,data/datasets/visa/pcb1/Data/Images/Normal/0518.JPG
visa,pcb1,test,normal,,test/good/0721.JPG,,data/datasets/visa/pcb1/Data/Images/Normal/0721.JPG
visa,pcb1,test,normal,,test/good/0975.JPG,,data/datasets/visa/pcb1/Data/Images/Normal/0975.JPG
visa,pcb1,test,normal,,test/good/0164.JPG,,data/datasets/visa/pcb1/Data/Images/Normal/0164.JPG
visa,pcb1,test,normal,,test/good/0736.JPG,,data/datasets/visa/pcb1/Data/Images/Normal/0736.JPG
visa,pcb1,test,normal,,test/good/0036.JPG,,data/datasets/visa/pcb1/Data/Images/Normal/0036.JPG
visa,pcb1,test,normal,,test/good/0149.JPG,,data/datasets/visa/pcb1/Data/Images/Normal/0149.JPG
visa,pcb1,test,normal,,test/good/0406.JPG,,data/datasets/visa/pcb1/Data/Images/Normal/0406.JPG
visa,pcb1,test,normal,,test/good/0018.JPG,,data/datasets/visa/pcb1/Data/Images/Normal/0018.JPG
visa,pcb1,test,normal,,test/good/0230.JPG,,data/datasets/visa/pcb1/Data/Images/Normal/0230.JPG
visa,pcb1,test,normal,,test/good/0021.JPG,,data/datasets/visa/pcb1/Data/Images/Normal/0021.JPG
visa,pcb1,test,normal,,test/good/0442.JPG,,data/datasets/visa/pcb1/Data/Images/Normal/0442.JPG
visa,pcb1,test,normal,,test/good/0620.JPG,,data/datasets/visa/pcb1/Data/Images/Normal/0620.JPG
visa,pcb1,test,normal,,test/good/0988.JPG,,data/datasets/visa/pcb1/Data/Images/Normal/0988.JPG
visa,pcb1,test,normal,,test/good/0522.JPG,,data/datasets/visa/pcb1/Data/Images/Normal/0522.JPG
visa,pcb1,test,normal,,test/good/0747.JPG,,data/datasets/visa/pcb1/Data/Images/Normal/0747.JPG
visa,pcb1,test,normal,,test/good/0259.JPG,,data/datasets/visa/pcb1/Data/Images/Normal/0259.JPG
visa,pcb1,test,normal,,test/good/0111.JPG,,data/datasets/visa/pcb1/Data/Images/Normal/0111.JPG
visa,pcb1,test,normal,,test/good/0264.JPG,,data/datasets/visa/pcb1/Data/Images/Normal/0264.JPG
visa,pcb1,test,normal,,test/good/0192.JPG,,data/datasets/visa/pcb1/Data/Images/Normal/0192.JPG
visa,pcb1,test,normal,,test/good/0431.JPG,,data/datasets/visa/pcb1/Data/Images/Normal/0431.JPG
visa,pcb1,test,normal,,test/good/0351.JPG,,data/datasets/visa/pcb1/Data/Images/Normal/0351.JPG
visa,pcb1,test,normal,,test/good/0395.JPG,,data/datasets/visa/pcb1/Data/Images/Normal/0395.JPG
visa,pcb1,test,normal,,test/good/0319.JPG,,data/datasets/visa/pcb1/Data/Images/Normal/0319.JPG
visa,pcb1,test,normal,,test/good/0024.JPG,,data/datasets/visa/pcb1/Data/Images/Normal/0024.JPG
visa,pcb1,test,normal,,test/good/0116.JPG,,data/datasets/visa/pcb1/Data/Images/Normal/0116.JPG
visa,pcb1,test,normal,,test/good/0485.JPG,,data/datasets/visa/pcb1/Data/Images/Normal/0485.JPG
visa,pcb1,test,normal,,test/good/0508.JPG,,data/datasets/visa/pcb1/Data/Images/Normal/0508.JPG
visa,pcb1,test,normal,,test/good/0329.JPG,,data/datasets/visa/pcb1/Data/Images/Normal/0329.JPG
visa,pcb1,test,normal,,test/good/0894.JPG,,data/datasets/visa/pcb1/Data/Images/Normal/0894.JPG
visa,pcb1,test,normal,,test/good/0465.JPG,,data/datasets/visa/pcb1/Data/Images/Normal/0465.JPG
visa,pcb1,test,normal,,test/good/0301.JPG,,data/datasets/visa/pcb1/Data/Images/Normal/0301.JPG
visa,pcb1,test,normal,,test/good/0922.JPG,,data/datasets/visa/pcb1/Data/Images/Normal/0922.JPG
visa,pcb1,test,normal,,test/good/0663.JPG,,data/datasets/visa/pcb1/Data/Images/Normal/0663.JPG
visa,pcb1,test,normal,,test/good/0279.JPG,,data/datasets/visa/pcb1/Data/Images/Normal/0279.JPG
visa,pcb1,test,normal,,test/good/0672.JPG,,data/datasets/visa/pcb1/Data/Images/Normal/0672.JPG
visa,pcb1,test,normal,,test/good/0864.JPG,,data/datasets/visa/pcb1/Data/Images/Normal/0864.JPG
visa,pcb1,test,normal,,test/good/0952.JPG,,data/datasets/visa/pcb1/Data/Images/Normal/0952.JPG
visa,pcb1,test,normal,,test/good/0801.JPG,,data/datasets/visa/pcb1/Data/Images/Normal/0801.JPG
visa,pcb1,test,normal,,test/good/0163.JPG,,data/datasets/visa/pcb1/Data/Images/Normal/0163.JPG
visa,pcb1,test,normal,,test/good/0171.JPG,,data/datasets/visa/pcb1/Data/Images/Normal/0171.JPG
visa,pcb1,test,normal,,test/good/0071.JPG,,data/datasets/visa/pcb1/Data/Images/Normal/0071.JPG
visa,pcb1,test,normal,,test/good/0297.JPG,,data/datasets/visa/pcb1/Data/Images/Normal/0297.JPG
visa,pcb1,test,normal,,test/good/0853.JPG,,data/datasets/visa/pcb1/Data/Images/Normal/0853.JPG
visa,pcb1,test,normal,,test/good/0189.JPG,,data/datasets/visa/pcb1/Data/Images/Normal/0189.JPG
visa,pcb1,test,normal,,test/good/0639.JPG,,data/datasets/visa/pcb1/Data/Images/Normal/0639.JPG
visa,pcb1,test,normal,,test/good/0112.JPG,,data/datasets/visa/pcb1/Data/Images/Normal/0112.JPG
visa,pcb1,test,normal,,test/good/0918.JPG,,data/datasets/visa/pcb1/Data/Images/Normal/0918.JPG
visa,pcb1,test,normal,,test/good/0255.JPG,,data/datasets/visa/pcb1/Data/Images/Normal/0255.JPG
visa,pcb1,test,normal,,test/good/0287.JPG,,data/datasets/visa/pcb1/Data/Images/Normal/0287.JPG
visa,pcb1,test,normal,,test/good/0773.JPG,,data/datasets/visa/pcb1/Data/Images/Normal/0773.JPG
visa,pcb1,test,normal,,test/good/0772.JPG,,data/datasets/visa/pcb1/Data/Images/Normal/0772.JPG
visa,pcb1,test,normal,,test/good/0014.JPG,,data/datasets/visa/pcb1/Data/Images/Normal/0014.JPG
visa,pcb1,test,normal,,test/good/0463.JPG,,data/datasets/visa/pcb1/Data/Images/Normal/0463.JPG
visa,pcb1,test,normal,,test/good/0017.JPG,,data/datasets/visa/pcb1/Data/Images/Normal/0017.JPG
visa,pcb1,test,normal,,test/good/0085.JPG,,data/datasets/visa/pcb1/Data/Images/Normal/0085.JPG
visa,pcb1,test,normal,,test/good/0072.JPG,,data/datasets/visa/pcb1/Data/Images/Normal/0072.JPG
visa,pcb1,test,normal,,test/good/0689.JPG,,data/datasets/visa/pcb1/Data/Images/Normal/0689.JPG
visa,pcb1,test,normal,,test/good/0033.JPG,,data/datasets/visa/pcb1/Data/Images/Normal/0033.JPG
visa,pcb1,test,normal,,test/good/0997.JPG,,data/datasets/visa/pcb1/Data/Images/Normal/0997.JPG
visa,pcb1,test,normal,,test/good/0564.JPG,,data/datasets/visa/pcb1/Data/Images/Normal/0564.JPG
visa,pcb1,test,normal,,test/good/0093.JPG,,data/datasets/visa/pcb1/Data/Images/Normal/0093.JPG
visa,pcb1,test,normal,,test/good/0185.JPG,,data/datasets/visa/pcb1/Data/Images/Normal/0185.JPG
visa,pcb1,test,normal,,test/good/0598.JPG,,data/datasets/visa/pcb1/Data/Images/Normal/0598.JPG
visa,pcb1,test,normal,,test/good/0563.JPG,,data/datasets/visa/pcb1/Data/Images/Normal/0563.JPG
visa,pcb1,test,normal,,test/good/0181.JPG,,data/datasets/visa/pcb1/Data/Images/Normal/0181.JPG
visa,pcb1,test,normal,,test/good/0650.JPG,,data/datasets/visa/pcb1/Data/Images/Normal/0650.JPG
visa,pcb1,test,normal,,test/good/0235.JPG,,data/datasets/visa/pcb1/Data/Images/Normal/0235.JPG
visa,pcb1,test,normal,,test/good/0028.JPG,,data/datasets/visa/pcb1/Data/Images/Normal/0028.JPG
visa,pcb1,test,normal,,test/good/0614.JPG,,data/datasets/visa/pcb1/Data/Images/Normal/0614.JPG
visa,pcb1,test,normal,,test/good/0469.JPG,,data/datasets/visa/pcb1/Data/Images/Normal/0469.JPG
visa,pcb1,test,normal,,test/good/0339.JPG,,data/datasets/visa/pcb1/Data/Images/Normal/0339.JPG
visa,pcb1,test,normal,,test/good/0627.JPG,,data/datasets/visa/pcb1/Data/Images/Normal/0627.JPG
visa,pcb1,test,normal,,test/good/0805.JPG,,data/datasets/visa/pcb1/Data/Images/Normal/0805.JPG
visa,pcb1,test,normal,,test/good/0638.JPG,,data/datasets/visa/pcb1/Data/Images/Normal/0638.JPG
visa,pcb1,test,normal,,test/good/0553.JPG,,data/datasets/visa/pcb1/Data/Images/Normal/0553.JPG
visa,pcb1,test,normal,,test/good/0551.JPG,,data/datasets/visa/pcb1/Data/Images/Normal/0551.JPG
visa,pcb1,test,normal,,test/good/0001.JPG,,data/datasets/visa/pcb1/Data/Images/Normal/0001.JPG
visa,pcb1,test,normal,,test/good/0354.JPG,,data/datasets/visa/pcb1/Data/Images/Normal/0354.JPG
visa,pcb1,test,normal,,test/good/0899.JPG,,data/datasets/visa/pcb1/Data/Images/Normal/0899.JPG
visa,pcb1,test,normal,,test/good/0365.JPG,,data/datasets/visa/pcb1/Data/Images/Normal/0365.JPG
visa,pcb1,test,normal,,test/good/0496.JPG,,data/datasets/visa/pcb1/Data/Images/Normal/0496.JPG
visa,pcb1,test,normal,,test/good/0423.JPG,,data/datasets/visa/pcb1/Data/Images/Normal/0423.JPG
visa,pcb1,test,normal,,test/good/0516.JPG,,data/datasets/visa/pcb1/Data/Images/Normal/0516.JPG
visa,pcb1,test,normal,,test/good/0859.JPG,,data/datasets/visa/pcb1/Data/Images/Normal/0859.JPG
visa,pcb1,test,normal,,test/good/0567.JPG,,data/datasets/visa/pcb1/Data/Images/Normal/0567.JPG
visa,pcb1,test,normal,,test/good/0583.JPG,,data/datasets/visa/pcb1/Data/Images/Normal/0583.JPG
visa,pcb1,test,normal,,test/good/0373.JPG,,data/datasets/visa/pcb1/Data/Images/Normal/0373.JPG
visa,pcb1,test,normal,,test/good/0492.JPG,,data/datasets/visa/pcb1/Data/Images/Normal/0492.JPG
visa,pcb1,test,normal,,test/good/0057.JPG,,data/datasets/visa/pcb1/Data/Images/Normal/0057.JPG
visa,pcb1,test,normal,,test/good/0436.JPG,,data/datasets/visa/pcb1/Data/Images/Normal/0436.JPG
visa,pcb1,test,normal,,test/good/0210.JPG,,data/datasets/visa/pcb1/Data/Images/Normal/0210.JPG
visa,pcb1,test,normal,,test/good/0574.JPG,,data/datasets/visa/pcb1/Data/Images/Normal/0574.JPG
visa,pcb1,test,normal,,test/good/0796.JPG,,data/datasets/visa/pcb1/Data/Images/Normal/0796.JPG
visa,pcb1,test,normal,,test/good/0531.JPG,,data/datasets/visa/pcb1/Data/Images/Normal/0531.JPG
visa,pcb1,test,normal,,test/good/0132.JPG,,data/datasets/visa/pcb1/Data/Images/Normal/0132.JPG
visa,pcb1,test,normal,,test/good/0828.JPG,,data/datasets/visa/pcb1/Data/Images/Normal/0828.JPG
visa,pcb1,test,normal,,test/good/0524.JPG,,data/datasets/visa/pcb1/Data/Images/Normal/0524.JPG
visa,pcb1,test,normal,,test/good/0758.JPG,,data/datasets/visa/pcb1/Data/Images/Normal/0758.JPG
visa,pcb1,test,normal,,test/good/0840.JPG,,data/datasets/visa/pcb1/Data/Images/Normal/0840.JPG
visa,pcb1,test,normal,,test/good/0802.JPG,,data/datasets/visa/pcb1/Data/Images/Normal/0802.JPG
visa,pcb1,test,normal,,test/good/0392.JPG,,data/datasets/visa/pcb1/Data/Images/Normal/0392.JPG
visa,pcb1,test,normal,,test/good/0005.JPG,,data/datasets/visa/pcb1/Data/Images/Normal/0005.JPG
visa,pcb1,test,normal,,test/good/0746.JPG,,data/datasets/visa/pcb1/Data/Images/Normal/0746.JPG
visa,pcb1,test,normal,,test/good/0623.JPG,,data/datasets/visa/pcb1/Data/Images/Normal/0623.JPG
visa,pcb1,test,normal,,test/good/0936.JPG,,data/datasets/visa/pcb1/Data/Images/Normal/0936.JPG
visa,pcb1,test,normal,,test/good/0675.JPG,,data/datasets/visa/pcb1/Data/Images/Normal/0675.JPG
visa,pcb1,test,normal,,test/good/0275.JPG,,data/datasets/visa/pcb1/Data/Images/Normal/0275.JPG
visa,pcb1,test,normal,,test/good/0940.JPG,,data/datasets/visa/pcb1/Data/Images/Normal/0940.JPG
visa,pcb1,test,normal,,test/good/0361.JPG,,data/datasets/visa/pcb1/Data/Images/Normal/0361.JPG
visa,pcb1,test,normal,,test/good/0591.JPG,,data/datasets/visa/pcb1/Data/Images/Normal/0591.JPG
visa,pcb1,test,normal,,test/good/0352.JPG,,data/datasets/visa/pcb1/Data/Images/Normal/0352.JPG
visa,pcb1,test,normal,,test/good/0526.JPG,,data/datasets/visa/pcb1/Data/Images/Normal/0526.JPG
visa,pcb1,test,normal,,test/good/0414.JPG,,data/datasets/visa/pcb1/Data/Images/Normal/0414.JPG
visa,pcb1,test,normal,,test/good/0237.JPG,,data/datasets/visa/pcb1/Data/Images/Normal/0237.JPG
visa,pcb1,test,normal,,test/good/0895.JPG,,data/datasets/visa/pcb1/Data/Images/Normal/0895.JPG
visa,pcb1,test,normal,,test/good/0552.JPG,,data/datasets/visa/pcb1/Data/Images/Normal/0552.JPG
visa,pcb1,test,normal,,test/good/0204.JPG,,data/datasets/visa/pcb1/Data/Images/Normal/0204.JPG
visa,pcb1,test,normal,,test/good/0789.JPG,,data/datasets/visa/pcb1/Data/Images/Normal/0789.JPG
visa,pcb1,test,normal,,test/good/0012.JPG,,data/datasets/visa/pcb1/Data/Images/Normal/0012.JPG
visa,pcb1,test,normal,,test/good/0232.JPG,,data/datasets/visa/pcb1/Data/Images/Normal/0232.JPG
visa,pcb1,test,normal,,test/good/0514.JPG,,data/datasets/visa/pcb1/Data/Images/Normal/0514.JPG
visa,pcb1,test,normal,,test/good/0172.JPG,,data/datasets/visa/pcb1/Data/Images/Normal/0172.JPG
visa,pcb1,test,normal,,test/good/0174.JPG,,data/datasets/visa/pcb1/Data/Images/Normal/0174.JPG
visa,pcb1,test,normal,,test/good/0662.JPG,,data/datasets/visa/pcb1/Data/Images/Normal/0662.JPG
visa,pcb1,test,normal,,test/good/0403.JPG,,data/datasets/visa/pcb1/Data/Images/Normal/0403.JPG
visa,pcb1,test,normal,,test/good/0592.JPG,,data/datasets/visa/pcb1/Data/Images/Normal/0592.JPG
visa,pcb1,test,normal,,test/good/0607.JPG,,data/datasets/visa/pcb1/Data/Images/Normal/0607.JPG
visa,pcb1,test,normal,,test/good/0629.JPG,,data/datasets/visa/pcb1/Data/Images/Normal/0629.JPG
visa,pcb1,test,normal,,test/good/0868.JPG,,data/datasets/visa/pcb1/Data/Images/Normal/0868.JPG
visa,pcb1,test,normal,,test/good/0720.JPG,,data/datasets/visa/pcb1/Data/Images/Normal/0720.JPG
visa,pcb1,test,normal,,test/good/0315.JPG,,data/datasets/visa/pcb1/Data/Images/Normal/0315.JPG
visa,pcb1,test,normal,,test/good/0044.JPG,,data/datasets/visa/pcb1/Data/Images/Normal/0044.JPG
visa,pcb1,test,normal,,test/good/0480.JPG,,data/datasets/visa/pcb1/Data/Images/Normal/0480.JPG
visa,pcb1,test,normal,,test/good/0030.JPG,,data/datasets/visa/pcb1/Data/Images/Normal/0030.JPG
visa,pcb1,test,normal,,test/good/0750.JPG,,data/datasets/visa/pcb1/Data/Images/Normal/0750.JPG
visa,pcb1,test,normal,,test/good/0501.JPG,,data/datasets/visa/pcb1/Data/Images/Normal/0501.JPG
visa,pcb1,test,normal,,test/good/0379.JPG,,data/datasets/visa/pcb1/Data/Images/Normal/0379.JPG
visa,pcb1,test,normal,,test/good/0908.JPG,,data/datasets/visa/pcb1/Data/Images/Normal/0908.JPG
visa,pcb1,test,normal,,test/good/0860.JPG,,data/datasets/visa/pcb1/Data/Images/Normal/0860.JPG
visa,pcb1,test,normal,,test/good/0533.JPG,,data/datasets/visa/pcb1/Data/Images/Normal/0533.JPG
visa,pcb1,test,normal,,test/good/0167.JPG,,data/datasets/visa/pcb1/Data/Images/Normal/0167.JPG
visa,pcb1,test,normal,,test/good/0797.JPG,,data/datasets/visa/pcb1/Data/Images/Normal/0797.JPG
visa,pcb1,test,normal,,test/good/0110.JPG,,data/datasets/visa/pcb1/Data/Images/Normal/0110.JPG
visa,pcb1,test,normal,,test/good/0520.JPG,,data/datasets/visa/pcb1/Data/Images/Normal/0520.JPG
visa,pcb1,test,normal,,test/good/0679.JPG,,data/datasets/visa/pcb1/Data/Images/Normal/0679.JPG
visa,pcb1,test,normal,,test/good/0449.JPG,,data/datasets/visa/pcb1/Data/Images/Normal/0449.JPG
visa,pcb1,test,normal,,test/good/0088.JPG,,data/datasets/visa/pcb1/Data/Images/Normal/0088.JPG
visa,pcb1,test,normal,,test/good/0383.JPG,,data/datasets/visa/pcb1/Data/Images/Normal/0383.JPG
visa,pcb1,test,normal,,test/good/0755.JPG,,data/datasets/visa/pcb1/Data/Images/Normal/0755.JPG
visa,pcb1,test,normal,,test/good/0690.JPG,,data/datasets/visa/pcb1/Data/Images/Normal/0690.JPG
visa,pcb1,test,normal,,test/good/0794.JPG,,data/datasets/visa/pcb1/Data/Images/Normal/0794.JPG
visa,pcb1,test,normal,,test/good/0719.JPG,,data/datasets/visa/pcb1/Data/Images/Normal/0719.JPG
visa,pcb1,test,normal,,test/good/0561.JPG,,data/datasets/visa/pcb1/Data/Images/Normal/0561.JPG
visa,pcb1,test,normal,,test/good/0375.JPG,,data/datasets/visa/pcb1/Data/Images/Normal/0375.JPG
visa,pcb1,test,normal,,test/good/0177.JPG,,data/datasets/visa/pcb1/Data/Images/Normal/0177.JPG
visa,pcb1,test,normal,,test/good/0680.JPG,,data/datasets/visa/pcb1/Data/Images/Normal/0680.JPG
visa,pcb1,test,normal,,test/good/0424.JPG,,data/datasets/visa/pcb1/Data/Images/Normal/0424.JPG
visa,pcb1,test,normal,,test/good/0413.JPG,,data/datasets/visa/pcb1/Data/Images/Normal/0413.JPG
visa,pcb1,test,normal,,test/good/0816.JPG,,data/datasets/visa/pcb1/Data/Images/Normal/0816.JPG
visa,pcb1,test,normal,,test/good/0761.JPG,,data/datasets/visa/pcb1/Data/Images/Normal/0761.JPG
visa,pcb1,test,normal,,test/good/0248.JPG,,data/datasets/visa/pcb1/Data/Images/Normal/0248.JPG
visa,pcb1,test,normal,,test/good/0491.JPG,,data/datasets/visa/pcb1/Data/Images/Normal/0491.JPG
visa,pcb1,test,normal,,test/good/0035.JPG,,data/datasets/visa/pcb1/Data/Images/Normal/0035.JPG
visa,pcb1,test,normal,,test/good/0873.JPG,,data/datasets/visa/pcb1/Data/Images/Normal/0873.JPG
visa,pcb1,test,normal,,test/good/0603.JPG,,data/datasets/visa/pcb1/Data/Images/Normal/0603.JPG
visa,pcb1,test,normal,,test/good/0402.JPG,,data/datasets/visa/pcb1/Data/Images/Normal/0402.JPG
visa,pcb1,test,normal,,test/good/0517.JPG,,data/datasets/visa/pcb1/Data/Images/Normal/0517.JPG
visa,pcb1,test,normal,,test/good/0866.JPG,,data/datasets/visa/pcb1/Data/Images/Normal/0866.JPG
visa,pcb1,test,normal,,test/good/0511.JPG,,data/datasets/visa/pcb1/Data/Images/Normal/0511.JPG
visa,pcb1,test,normal,,test/good/0903.JPG,,data/datasets/visa/pcb1/Data/Images/Normal/0903.JPG
visa,pcb1,test,normal,,test/good/0601.JPG,,data/datasets/visa/pcb1/Data/Images/Normal/0601.JPG
visa,pcb1,test,normal,,test/good/0290.JPG,,data/datasets/visa/pcb1/Data/Images/Normal/0290.JPG
visa,pcb1,test,normal,,test/good/0310.JPG,,data/datasets/visa/pcb1/Data/Images/Normal/0310.JPG
visa,pcb1,test,normal,,test/good/0194.JPG,,data/datasets/visa/pcb1/Data/Images/Normal/0194.JPG
visa,pcb1,test,normal,,test/good/0686.JPG,,data/datasets/visa/pcb1/Data/Images/Normal/0686.JPG
visa,pcb1,test,normal,,test/good/0849.JPG,,data/datasets/visa/pcb1/Data/Images/Normal/0849.JPG
visa,pcb1,test,normal,,test/good/0519.JPG,,data/datasets/visa/pcb1/Data/Images/Normal/0519.JPG
visa,pcb1,test,normal,,test/good/0955.JPG,,data/datasets/visa/pcb1/Data/Images/Normal/0955.JPG
visa,pcb1,test,normal,,test/good/0512.JPG,,data/datasets/visa/pcb1/Data/Images/Normal/0512.JPG
visa,pcb1,test,normal,,test/good/0728.JPG,,data/datasets/visa/pcb1/Data/Images/Normal/0728.JPG
visa,pcb1,test,normal,,test/good/0973.JPG,,data/datasets/visa/pcb1/Data/Images/Normal/0973.JPG
visa,pcb1,test,normal,,test/good/0917.JPG,,data/datasets/visa/pcb1/Data/Images/Normal/0917.JPG
visa,pcb1,test,normal,,test/good/0340.JPG,,data/datasets/visa/pcb1/Data/Images/Normal/0340.JPG
visa,pcb1,test,normal,,test/good/0760.JPG,,data/datasets/visa/pcb1/Data/Images/Normal/0760.JPG
visa,pcb1,test,normal,,test/good/0123.JPG,,data/datasets/visa/pcb1/Data/Images/Normal/0123.JPG
visa,pcb1,test,normal,,test/good/0303.JPG,,data/datasets/visa/pcb1/Data/Images/Normal/0303.JPG
visa,pcb1,test,normal,,test/good/0880.JPG,,data/datasets/visa/pcb1/Data/Images/Normal/0880.JPG
visa,pcb1,test,normal,,test/good/0741.JPG,,data/datasets/visa/pcb1/Data/Images/Normal/0741.JPG
visa,pcb1,test,normal,,test/good/0644.JPG,,data/datasets/visa/pcb1/Data/Images/Normal/0644.JPG
visa,pcb1,test,normal,,test/good/0190.JPG,,data/datasets/visa/pcb1/Data/Images/Normal/0190.JPG
visa,pcb1,test,normal,,test/good/0102.JPG,,data/datasets/visa/pcb1/Data/Images/Normal/0102.JPG
visa,pcb1,test,normal,,test/good/0657.JPG,,data/datasets/visa/pcb1/Data/Images/Normal/0657.JPG
visa,pcb1,test,normal,,test/good/0569.JPG,,data/datasets/visa/pcb1/Data/Images/Normal/0569.JPG
visa,pcb1,test,normal,,test/good/0857.JPG,,data/datasets/visa/pcb1/Data/Images/Normal/0857.JPG
visa,pcb1,test,normal,,test/good/0426.JPG,,data/datasets/visa/pcb1/Data/Images/Normal/0426.JPG
visa,pcb1,test,normal,,test/good/0964.JPG,,data/datasets/visa/pcb1/Data/Images/Normal/0964.JPG
visa,pcb1,test,normal,,test/good/0296.JPG,,data/datasets/visa/pcb1/Data/Images/Normal/0296.JPG
visa,pcb1,test,normal,,test/good/0470.JPG,,data/datasets/visa/pcb1/Data/Images/Normal/0470.JPG
visa,pcb1,test,normal,,test/good/0994.JPG,,data/datasets/visa/pcb1/Data/Images/Normal/0994.JPG
visa,pcb1,test,normal,,test/good/0224.JPG,,data/datasets/visa/pcb1/Data/Images/Normal/0224.JPG
visa,pcb1,test,normal,,test/good/0693.JPG,,data/datasets/visa/pcb1/Data/Images/Normal/0693.JPG
visa,pcb1,test,normal,,test/good/0236.JPG,,data/datasets/visa/pcb1/Data/Images/Normal/0236.JPG
visa,pcb1,test,normal,,test/good/0353.JPG,,data/datasets/visa/pcb1/Data/Images/Normal/0353.JPG
visa,pcb1,test,normal,,test/good/0238.JPG,,data/datasets/visa/pcb1/Data/Images/Normal/0238.JPG
visa,pcb1,test,normal,,test/good/0566.JPG,,data/datasets/visa/pcb1/Data/Images/Normal/0566.JPG
visa,pcb1,test,normal,,test/good/0995.JPG,,data/datasets/visa/pcb1/Data/Images/Normal/0995.JPG
visa,pcb1,test,normal,,test/good/0448.JPG,,data/datasets/visa/pcb1/Data/Images/Normal/0448.JPG
visa,pcb1,test,normal,,test/good/0999.JPG,,data/datasets/visa/pcb1/Data/Images/Normal/0999.JPG
visa,pcb1,test,normal,,test/good/0227.JPG,,data/datasets/visa/pcb1/Data/Images/Normal/0227.JPG
visa,pcb1,test,normal,,test/good/0540.JPG,,data/datasets/visa/pcb1/Data/Images/Normal/0540.JPG
visa,pcb1,test,normal,,test/good/0985.JPG,,data/datasets/visa/pcb1/Data/Images/Normal/0985.JPG
visa,pcb1,test,normal,,test/good/0743.JPG,,data/datasets/visa/pcb1/Data/Images/Normal/0743.JPG
visa,pcb1,test,normal,,test/good/0432.JPG,,data/datasets/visa/pcb1/Data/Images/Normal/0432.JPG
visa,pcb1,test,normal,,test/good/0221.JPG,,data/datasets/visa/pcb1/Data/Images/Normal/0221.JPG
visa,pcb1,test,normal,,test/good/0702.JPG,,data/datasets/visa/pcb1/Data/Images/Normal/0702.JPG
visa,pcb1,test,normal,,test/good/0390.JPG,,data/datasets/visa/pcb1/Data/Images/Normal/0390.JPG
visa,pcb1,test,normal,,test/good/0902.JPG,,data/datasets/visa/pcb1/Data/Images/Normal/0902.JPG
visa,pcb1,test,normal,,test/good/0009.JPG,,data/datasets/visa/pcb1/Data/Images/Normal/0009.JPG
visa,pcb1,test,normal,,test/good/0554.JPG,,data/datasets/visa/pcb1/Data/Images/Normal/0554.JPG
visa,pcb1,test,normal,,test/good/0665.JPG,,data/datasets/visa/pcb1/Data/Images/Normal/0665.JPG
visa,pcb1,test,normal,,test/good/0026.JPG,,data/datasets/visa/pcb1/Data/Images/Normal/0026.JPG
visa,pcb1,test,normal,,test/good/0022.JPG,,data/datasets/visa/pcb1/Data/Images/Normal/0022.JPG
visa,pcb1,test,normal,,test/good/0031.JPG,,data/datasets/visa/pcb1/Data/Images/Normal/0031.JPG
visa,pcb1,test,normal,,test/good/0325.JPG,,data/datasets/visa/pcb1/Data/Images/Normal/0325.JPG
visa,pcb1,test,normal,,test/good/0923.JPG,,data/datasets/visa/pcb1/Data/Images/Normal/0923.JPG
visa,pcb1,test,normal,,test/good/0104.JPG,,data/datasets/visa/pcb1/Data/Images/Normal/0104.JPG
visa,pcb1,test,normal,,test/good/0967.JPG,,data/datasets/visa/pcb1/Data/Images/Normal/0967.JPG
visa,pcb1,test,normal,,test/good/0605.JPG,,data/datasets/visa/pcb1/Data/Images/Normal/0605.JPG
visa,pcb1,test,normal,,test/good/0234.JPG,,data/datasets/visa/pcb1/Data/Images/Normal/0234.JPG
visa,pcb1,test,normal,,test/good/1000.JPG,,data/datasets/visa/pcb1/Data/Images/Normal/1000.JPG
visa,pcb1,test,normal,,test/good/0738.JPG,,data/datasets/visa/pcb1/Data/Images/Normal/0738.JPG
visa,pcb1,test,normal,,test/good/0272.JPG,,data/datasets/visa/pcb1/Data/Images/Normal/0272.JPG
visa,pcb1,test,normal,,test/good/0456.JPG,,data/datasets/visa/pcb1/Data/Images/Normal/0456.JPG
visa,pcb1,test,normal,,test/good/0712.JPG,,data/datasets/visa/pcb1/Data/Images/Normal/0712.JPG
visa,pcb1,test,normal,,test/good/0002.JPG,,data/datasets/visa/pcb1/Data/Images/Normal/0002.JPG
visa,pcb1,test,normal,,test/good/0785.JPG,,data/datasets/visa/pcb1/Data/Images/Normal/0785.JPG
visa,pcb1,test,normal,,test/good/0780.JPG,,data/datasets/visa/pcb1/Data/Images/Normal/0780.JPG
visa,pcb1,test,normal,,test/good/0622.JPG,,data/datasets/visa/pcb1/Data/Images/Normal/0622.JPG
visa,pcb1,test,normal,,test/good/0443.JPG,,data/datasets/visa/pcb1/Data/Images/Normal/0443.JPG
visa,pcb1,test,normal,,test/good/0399.JPG,,data/datasets/visa/pcb1/Data/Images/Normal/0399.JPG
visa,pcb1,test,normal,,test/good/0855.JPG,,data/datasets/visa/pcb1/Data/Images/Normal/0855.JPG
visa,pcb1,test,normal,,test/good/0914.JPG,,data/datasets/visa/pcb1/Data/Images/Normal/0914.JPG
visa,pcb1,test,normal,,test/good/0029.JPG,,data/datasets/visa/pcb1/Data/Images/Normal/0029.JPG
visa,pcb1,test,normal,,test/good/0499.JPG,,data/datasets/visa/pcb1/Data/Images/Normal/0499.JPG
visa,pcb1,test,normal,,test/good/0096.JPG,,data/datasets/visa/pcb1/Data/Images/Normal/0096.JPG
visa,pcb1,test,normal,,test/good/0214.JPG,,data/datasets/visa/pcb1/Data/Images/Normal/0214.JPG
visa,pcb1,test,normal,,test/good/0807.JPG,,data/datasets/visa/pcb1/Data/Images/Normal/0807.JPG
visa,pcb1,test,normal,,test/good/0388.JPG,,data/datasets/visa/pcb1/Data/Images/Normal/0388.JPG
visa,pcb1,test,normal,,test/good/0667.JPG,,data/datasets/visa/pcb1/Data/Images/Normal/0667.JPG
visa,pcb1,test,normal,,test/good/0483.JPG,,data/datasets/visa/pcb1/Data/Images/Normal/0483.JPG
visa,pcb1,test,normal,,test/good/0460.JPG,,data/datasets/visa/pcb1/Data/Images/Normal/0460.JPG
visa,pcb1,test,normal,,test/good/0779.JPG,,data/datasets/visa/pcb1/Data/Images/Normal/0779.JPG
visa,pcb1,test,normal,,test/good/0507.JPG,,data/datasets/visa/pcb1/Data/Images/Normal/0507.JPG
visa,pcb1,test,normal,,test/good/0120.JPG,,data/datasets/visa/pcb1/Data/Images/Normal/0120.JPG
visa,pcb1,test,normal,,test/good/0261.JPG,,data/datasets/visa/pcb1/Data/Images/Normal/0261.JPG
visa,pcb1,test,normal,,test/good/0064.JPG,,data/datasets/visa/pcb1/Data/Images/Normal/0064.JPG
visa,pcb1,test,normal,,test/good/0782.JPG,,data/datasets/visa/pcb1/Data/Images/Normal/0782.JPG
visa,pcb1,test,normal,,test/good/0821.JPG,,data/datasets/visa/pcb1/Data/Images/Normal/0821.JPG
visa,pcb1,test,normal,,test/good/0867.JPG,,data/datasets/visa/pcb1/Data/Images/Normal/0867.JPG
visa,pcb1,test,normal,,test/good/0582.JPG,,data/datasets/visa/pcb1/Data/Images/Normal/0582.JPG
visa,pcb1,test,normal,,test/good/0137.JPG,,data/datasets/visa/pcb1/Data/Images/Normal/0137.JPG
visa,pcb1,test,anomaly,,test/anomaly/022.JPG,test/masks/022.png,data/datasets/visa/pcb1/Data/Images/Anomaly/022.JPG
visa,pcb1,test,anomaly,,test/anomaly/014.JPG,test/masks/014.png,data/datasets/visa/pcb1/Data/Images/Anomaly/014.JPG
visa,pcb1,test,anomaly,,test/anomaly/035.JPG,test/masks/035.png,data/datasets/visa/pcb1/Data/Images/Anomaly/035.JPG
visa,pcb1,test,anomaly,,test/anomaly/093.JPG,test/masks/093.png,data/datasets/visa/pcb1/Data/Images/Anomaly/093.JPG
visa,pcb1,test,anomaly,,test/anomaly/056.JPG,test/masks/056.png,data/datasets/visa/pcb1/Data/Images/Anomaly/056.JPG
visa,pcb1,test,anomaly,,test/anomaly/028.JPG,test/masks/028.png,data/datasets/visa/pcb1/Data/Images/Anomaly/028.JPG
visa,pcb1,test,anomaly,,test/anomaly/098.JPG,test/masks/098.png,data/datasets/visa/pcb1/Data/Images/Anomaly/098.JPG
visa,pcb1,test,anomaly,,test/anomaly/054.JPG,test/masks/054.png,data/datasets/visa/pcb1/Data/Images/Anomaly/054.JPG
visa,pcb1,test,anomaly,,test/anomaly/027.JPG,test/masks/027.png,data/datasets/visa/pcb1/Data/Images/Anomaly/027.JPG
visa,pcb1,test,anomaly,,test/anomaly/089.JPG,test/masks/089.png,data/datasets/visa/pcb1/Data/Images/Anomaly/089.JPG
visa,pcb1,test,anomaly,,test/anomaly/001.JPG,test/masks/001.png,data/datasets/visa/pcb1/Data/Images/Anomaly/001.JPG
visa,pcb1,test,anomaly,,test/anomaly/069.JPG,test/masks/069.png,data/datasets/visa/pcb1/Data/Images/Anomaly/069.JPG
visa,pcb1,test,anomaly,,test/anomaly/074.JPG,test/masks/074.png,data/datasets/visa/pcb1/Data/Images/Anomaly/074.JPG
visa,pcb1,test,anomaly,,test/anomaly/002.JPG,test/masks/002.png,data/datasets/visa/pcb1/Data/Images/Anomaly/002.JPG
visa,pcb1,test,anomaly,,test/anomaly/085.JPG,test/masks/085.png,data/datasets/visa/pcb1/Data/Images/Anomaly/085.JPG
visa,pcb1,test,anomaly,,test/anomaly/040.JPG,test/masks/040.png,data/datasets/visa/pcb1/Data/Images/Anomaly/040.JPG
visa,pcb1,test,anomaly,,test/anomaly/013.JPG,test/masks/013.png,data/datasets/visa/pcb1/Data/Images/Anomaly/013.JPG
visa,pcb1,test,anomaly,,test/anomaly/075.JPG,test/masks/075.png,data/datasets/visa/pcb1/Data/Images/Anomaly/075.JPG
visa,pcb1,test,anomaly,,test/anomaly/029.JPG,test/masks/029.png,data/datasets/visa/pcb1/Data/Images/Anomaly/029.JPG
visa,pcb1,test,anomaly,,test/anomaly/034.JPG,test/masks/034.png,data/datasets/visa/pcb1/Data/Images/Anomaly/034.JPG
visa,pcb1,test,anomaly,,test/anomaly/092.JPG,test/masks/092.png,data/datasets/visa/pcb1/Data/Images/Anomaly/092.JPG
visa,pcb1,test,anomaly,,test/anomaly/000.JPG,test/masks/000.png,data/datasets/visa/pcb1/Data/Images/Anomaly/000.JPG
visa,pcb1,test,anomaly,,test/anomaly/077.JPG,test/masks/077.png,data/datasets/visa/pcb1/Data/Images/Anomaly/077.JPG
visa,pcb1,test,anomaly,,test/anomaly/055.JPG,test/masks/055.png,data/datasets/visa/pcb1/Data/Images/Anomaly/055.JPG
visa,pcb1,test,anomaly,,test/anomaly/049.JPG,test/masks/049.png,data/datasets/visa/pcb1/Data/Images/Anomaly/049.JPG
visa,pcb1,test,anomaly,,test/anomaly/003.JPG,test/masks/003.png,data/datasets/visa/pcb1/Data/Images/Anomaly/003.JPG
visa,pcb1,test,anomaly,,test/anomaly/062.JPG,test/masks/062.png,data/datasets/visa/pcb1/Data/Images/Anomaly/062.JPG
visa,pcb1,test,anomaly,,test/anomaly/012.JPG,test/masks/012.png,data/datasets/visa/pcb1/Data/Images/Anomaly/012.JPG
visa,pcb1,test,anomaly,,test/anomaly/026.JPG,test/masks/026.png,data/datasets/visa/pcb1/Data/Images/Anomaly/026.JPG
visa,pcb1,test,anomaly,,test/anomaly/048.JPG,test/masks/048.png,data/datasets/visa/pcb1/Data/Images/Anomaly/048.JPG
visa,pcb1,test,anomaly,,test/anomaly/083.JPG,test/masks/083.png,data/datasets/visa/pcb1/Data/Images/Anomaly/083.JPG
visa,pcb1,test,anomaly,,test/anomaly/060.JPG,test/masks/060.png,data/datasets/visa/pcb1/Data/Images/Anomaly/060.JPG
visa,pcb1,test,anomaly,,test/anomaly/057.JPG,test/masks/057.png,data/datasets/visa/pcb1/Data/Images/Anomaly/057.JPG
visa,pcb1,test,anomaly,,test/anomaly/063.JPG,test/masks/063.png,data/datasets/visa/pcb1/Data/Images/Anomaly/063.JPG
visa,pcb1,test,anomaly,,test/anomaly/015.JPG,test/masks/015.png,data/datasets/visa/pcb1/Data/Images/Anomaly/015.JPG
visa,pcb1,test,anomaly,,test/anomaly/032.JPG,test/masks/032.png,data/datasets/visa/pcb1/Data/Images/Anomaly/032.JPG
visa,pcb1,test,anomaly,,test/anomaly/008.JPG,test/masks/008.png,data/datasets/visa/pcb1/Data/Images/Anomaly/008.JPG
visa,pcb1,test,anomaly,,test/anomaly/097.JPG,test/masks/097.png,data/datasets/visa/pcb1/Data/Images/Anomaly/097.JPG
visa,pcb1,test,anomaly,,test/anomaly/072.JPG,test/masks/072.png,data/datasets/visa/pcb1/Data/Images/Anomaly/072.JPG
visa,pcb1,test,anomaly,,test/anomaly/017.JPG,test/masks/017.png,data/datasets/visa/pcb1/Data/Images/Anomaly/017.JPG
visa,pcb2,train,normal,,train/good/0417.JPG,,data/datasets/visa/pcb2/Data/Images/Normal/0417.JPG
visa,pcb2,train,normal,,train/good/0495.JPG,,data/datasets/visa/pcb2/Data/Images/Normal/0495.JPG
visa,pcb2,train,normal,,train/good/0378.JPG,,data/datasets/visa/pcb2/Data/Images/Normal/0378.JPG
visa,pcb2,train,normal,,train/good/0670.JPG,,data/datasets/visa/pcb2/Data/Images/Normal/0670.JPG
visa,pcb2,train,normal,,train/good/0345.JPG,,data/datasets/visa/pcb2/Data/Images/Normal/0345.JPG
visa,pcb2,train,normal,,train/good/0289.JPG,,data/datasets/visa/pcb2/Data/Images/Normal/0289.JPG
visa,pcb2,train,normal,,train/good/0380.JPG,,data/datasets/visa/pcb2/Data/Images/Normal/0380.JPG
visa,pcb2,train,normal,,train/good/0242.JPG,,data/datasets/visa/pcb2/Data/Images/Normal/0242.JPG
visa,pcb2,train,normal,,train/good/0047.JPG,,data/datasets/visa/pcb2/Data/Images/Normal/0047.JPG
visa,pcb2,train,normal,,train/good/0878.JPG,,data/datasets/visa/pcb2/Data/Images/Normal/0878.JPG
visa,pcb2,train,normal,,train/good/0713.JPG,,data/datasets/visa/pcb2/Data/Images/Normal/0713.JPG
visa,pcb2,train,normal,,train/good/0260.JPG,,data/datasets/visa/pcb2/Data/Images/Normal/0260.JPG
visa,pcb2,train,normal,,train/good/0155.JPG,,data/datasets/visa/pcb2/Data/Images/Normal/0155.JPG
visa,pcb2,train,normal,,train/good/0771.JPG,,data/datasets/visa/pcb2/Data/Images/Normal/0771.JPG
visa,pcb2,train,normal,,train/good/0863.JPG,,data/datasets/visa/pcb2/Data/Images/Normal/0863.JPG
visa,pcb2,train,normal,,train/good/0730.JPG,,data/datasets/visa/pcb2/Data/Images/Normal/0730.JPG
visa,pcb2,train,normal,,train/good/0763.JPG,,data/datasets/visa/pcb2/Data/Images/Normal/0763.JPG
visa,pcb2,train,normal,,train/good/0243.JPG,,data/datasets/visa/pcb2/Data/Images/Normal/0243.JPG
visa,pcb2,train,normal,,train/good/0993.JPG,,data/datasets/visa/pcb2/Data/Images/Normal/0993.JPG
visa,pcb2,train,normal,,train/good/0619.JPG,,data/datasets/visa/pcb2/Data/Images/Normal/0619.JPG
visa,pcb2,train,normal,,train/good/0200.JPG,,data/datasets/visa/pcb2/Data/Images/Normal/0200.JPG
visa,pcb2,train,normal,,train/good/0876.JPG,,data/datasets/visa/pcb2/Data/Images/Normal/0876.JPG
visa,pcb2,train,normal,,train/good/0107.JPG,,data/datasets/visa/pcb2/Data/Images/Normal/0107.JPG
visa,pcb2,train,normal,,train/good/0343.JPG,,data/datasets/visa/pcb2/Data/Images/Normal/0343.JPG
visa,pcb2,train,normal,,train/good/0803.JPG,,data/datasets/visa/pcb2/Data/Images/Normal/0803.JPG
visa,pcb2,train,normal,,train/good/0908.JPG,,data/datasets/visa/pcb2/Data/Images/Normal/0908.JPG
visa,pcb2,train,normal,,train/good/0573.JPG,,data/datasets/visa/pcb2/Data/Images/Normal/0573.JPG
visa,pcb2,train,normal,,train/good/0813.JPG,,data/datasets/visa/pcb2/Data/Images/Normal/0813.JPG
visa,pcb2,train,normal,,train/good/0759.JPG,,data/datasets/visa/pcb2/Data/Images/Normal/0759.JPG
visa,pcb2,train,normal,,train/good/0581.JPG,,data/datasets/visa/pcb2/Data/Images/Normal/0581.JPG
visa,pcb2,train,normal,,train/good/0049.JPG,,data/datasets/visa/pcb2/Data/Images/Normal/0049.JPG
visa,pcb2,train,normal,,train/good/0718.JPG,,data/datasets/visa/pcb2/Data/Images/Normal/0718.JPG
visa,pcb2,train,normal,,train/good/0386.JPG,,data/datasets/visa/pcb2/Data/Images/Normal/0386.JPG
visa,pcb2,train,normal,,train/good/0073.JPG,,data/datasets/visa/pcb2/Data/Images/Normal/0073.JPG
visa,pcb2,train,normal,,train/good/0125.JPG,,data/datasets/visa/pcb2/Data/Images/Normal/0125.JPG
visa,pcb2,train,normal,,train/good/0945.JPG,,data/datasets/visa/pcb2/Data/Images/Normal/0945.JPG
visa,pcb2,train,normal,,train/good/0600.JPG,,data/datasets/visa/pcb2/Data/Images/Normal/0600.JPG
visa,pcb2,train,normal,,train/good/0362.JPG,,data/datasets/visa/pcb2/Data/Images/Normal/0362.JPG
visa,pcb2,train,normal,,train/good/0597.JPG,,data/datasets/visa/pcb2/Data/Images/Normal/0597.JPG
visa,pcb2,train,normal,,train/good/0267.JPG,,data/datasets/visa/pcb2/Data/Images/Normal/0267.JPG
visa,pcb2,train,normal,,train/good/0922.JPG,,data/datasets/visa/pcb2/Data/Images/Normal/0922.JPG
visa,pcb2,train,normal,,train/good/0599.JPG,,data/datasets/visa/pcb2/Data/Images/Normal/0599.JPG
visa,pcb2,train,normal,,train/good/0405.JPG,,data/datasets/visa/pcb2/Data/Images/Normal/0405.JPG
visa,pcb2,train,normal,,train/good/0570.JPG,,data/datasets/visa/pcb2/Data/Images/Normal/0570.JPG
visa,pcb2,train,normal,,train/good/0957.JPG,,data/datasets/visa/pcb2/Data/Images/Normal/0957.JPG
visa,pcb2,train,normal,,train/good/0489.JPG,,data/datasets/visa/pcb2/Data/Images/Normal/0489.JPG
visa,pcb2,train,normal,,train/good/0233.JPG,,data/datasets/visa/pcb2/Data/Images/Normal/0233.JPG
visa,pcb2,train,normal,,train/good/0487.JPG,,data/datasets/visa/pcb2/Data/Images/Normal/0487.JPG
visa,pcb2,train,normal,,train/good/0197.JPG,,data/datasets/visa/pcb2/Data/Images/Normal/0197.JPG
visa,pcb2,train,normal,,train/good/0147.JPG,,data/datasets/visa/pcb2/Data/Images/Normal/0147.JPG
visa,pcb2,train,normal,,train/good/0231.JPG,,data/datasets/visa/pcb2/Data/Images/Normal/0231.JPG
visa,pcb2,train,normal,,train/good/0611.JPG,,data/datasets/visa/pcb2/Data/Images/Normal/0611.JPG
visa,pcb2,train,normal,,train/good/0037.JPG,,data/datasets/visa/pcb2/Data/Images/Normal/0037.JPG
visa,pcb2,train,normal,,train/good/0678.JPG,,data/datasets/visa/pcb2/Data/Images/Normal/0678.JPG
visa,pcb2,train,normal,,train/good/0769.JPG,,data/datasets/visa/pcb2/Data/Images/Normal/0769.JPG
visa,pcb2,train,normal,,train/good/0955.JPG,,data/datasets/visa/pcb2/Data/Images/Normal/0955.JPG
visa,pcb2,train,normal,,train/good/0052.JPG,,data/datasets/visa/pcb2/Data/Images/Normal/0052.JPG
visa,pcb2,train,normal,,train/good/0710.JPG,,data/datasets/visa/pcb2/Data/Images/Normal/0710.JPG
visa,pcb2,train,normal,,train/good/0606.JPG,,data/datasets/visa/pcb2/Data/Images/Normal/0606.JPG
visa,pcb2,train,normal,,train/good/0309.JPG,,data/datasets/visa/pcb2/Data/Images/Normal/0309.JPG
visa,pcb2,train,normal,,train/good/0717.JPG,,data/datasets/visa/pcb2/Data/Images/Normal/0717.JPG
visa,pcb2,train,normal,,train/good/0613.JPG,,data/datasets/visa/pcb2/Data/Images/Normal/0613.JPG
visa,pcb2,train,normal,,train/good/0131.JPG,,data/datasets/visa/pcb2/Data/Images/Normal/0131.JPG
visa,pcb2,train,normal,,train/good/0701.JPG,,data/datasets/visa/pcb2/Data/Images/Normal/0701.JPG
visa,pcb2,train,normal,,train/good/0537.JPG,,data/datasets/visa/pcb2/Data/Images/Normal/0537.JPG
visa,pcb2,train,normal,,train/good/0095.JPG,,data/datasets/visa/pcb2/Data/Images/Normal/0095.JPG
visa,pcb2,train,normal,,train/good/0809.JPG,,data/datasets/visa/pcb2/Data/Images/Normal/0809.JPG
visa,pcb2,train,normal,,train/good/0082.JPG,,data/datasets/visa/pcb2/Data/Images/Normal/0082.JPG
visa,pcb2,train,normal,,train/good/0889.JPG,,data/datasets/visa/pcb2/Data/Images/Normal/0889.JPG
visa,pcb2,train,normal,,train/good/0659.JPG,,data/datasets/visa/pcb2/Data/Images/Normal/0659.JPG
visa,pcb2,train,normal,,train/good/0910.JPG,,data/datasets/visa/pcb2/Data/Images/Normal/0910.JPG
visa,pcb2,train,normal,,train/good/0144.JPG,,data/datasets/visa/pcb2/Data/Images/Normal/0144.JPG
visa,pcb2,train,normal,,train/good/1000.JPG,,data/datasets/visa/pcb2/Data/Images/Normal/1000.JPG
visa,pcb2,train,normal,,train/good/0835.JPG,,data/datasets/visa/pcb2/Data/Images/Normal/0835.JPG
visa,pcb2,train,normal,,train/good/0549.JPG,,data/datasets/visa/pcb2/Data/Images/Normal/0549.JPG
visa,pcb2,train,normal,,train/good/0004.JPG,,data/datasets/visa/pcb2/Data/Images/Normal/0004.JPG
visa,pcb2,train,normal,,train/good/0575.JPG,,data/datasets/visa/pcb2/Data/Images/Normal/0575.JPG
visa,pcb2,train,normal,,train/good/0999.JPG,,data/datasets/visa/pcb2/Data/Images/Normal/0999.JPG
visa,pcb2,train,normal,,train/good/0143.JPG,,data/datasets/visa/pcb2/Data/Images/Normal/0143.JPG
visa,pcb2,train,normal,,train/good/0271.JPG,,data/datasets/visa/pcb2/Data/Images/Normal/0271.JPG
visa,pcb2,train,normal,,train/good/0881.JPG,,data/datasets/visa/pcb2/Data/Images/Normal/0881.JPG
visa,pcb2,train,normal,,train/good/0727.JPG,,data/datasets/visa/pcb2/Data/Images/Normal/0727.JPG
visa,pcb2,train,normal,,train/good/0647.JPG,,data/datasets/visa/pcb2/Data/Images/Normal/0647.JPG
visa,pcb2,train,normal,,train/good/0486.JPG,,data/datasets/visa/pcb2/Data/Images/Normal/0486.JPG
visa,pcb2,train,normal,,train/good/0744.JPG,,data/datasets/visa/pcb2/Data/Images/Normal/0744.JPG
visa,pcb2,train,normal,,train/good/0617.JPG,,data/datasets/visa/pcb2/Data/Images/Normal/0617.JPG
visa,pcb2,train,normal,,train/good/0951.JPG,,data/datasets/visa/pcb2/Data/Images/Normal/0951.JPG
visa,pcb2,train,normal,,train/good/0013.JPG,,data/datasets/visa/pcb2/Data/Images/Normal/0013.JPG
visa,pcb2,train,normal,,train/good/0706.JPG,,data/datasets/visa/pcb2/Data/Images/Normal/0706.JPG
visa,pcb2,train,normal,,train/good/0684.JPG,,data/datasets/visa/pcb2/Data/Images/Normal/0684.JPG
visa,pcb2,train,normal,,train/good/0890.JPG,,data/datasets/visa/pcb2/Data/Images/Normal/0890.JPG
visa,pcb2,train,normal,,train/good/0568.JPG,,data/datasets/visa/pcb2/Data/Images/Normal/0568.JPG
visa,pcb2,train,normal,,train/good/0121.JPG,,data/datasets/visa/pcb2/Data/Images/Normal/0121.JPG
visa,pcb2,train,normal,,train/good/0602.JPG,,data/datasets/visa/pcb2/Data/Images/Normal/0602.JPG
visa,pcb2,train,normal,,train/good/0874.JPG,,data/datasets/visa/pcb2/Data/Images/Normal/0874.JPG
visa,pcb2,train,normal,,train/good/0907.JPG,,data/datasets/visa/pcb2/Data/Images/Normal/0907.JPG
visa,pcb2,train,normal,,train/good/0984.JPG,,data/datasets/visa/pcb2/Data/Images/Normal/0984.JPG
visa,pcb2,train,normal,,train/good/0947.JPG,,data/datasets/visa/pcb2/Data/Images/Normal/0947.JPG
visa,pcb2,train,normal,,train/good/0544.JPG,,data/datasets/visa/pcb2/Data/Images/Normal/0544.JPG
visa,pcb2,train,normal,,train/good/0391.JPG,,data/datasets/visa/pcb2/Data/Images/Normal/0391.JPG
visa,pcb2,train,normal,,train/good/0393.JPG,,data/datasets/visa/pcb2/Data/Images/Normal/0393.JPG
visa,pcb2,train,normal,,train/good/0884.JPG,,data/datasets/visa/pcb2/Data/Images/Normal/0884.JPG
visa,pcb2,train,normal,,train/good/0311.JPG,,data/datasets/visa/pcb2/Data/Images/Normal/0311.JPG
visa,pcb2,train,normal,,train/good/0381.JPG,,data/datasets/visa/pcb2/Data/Images/Normal/0381.JPG
visa,pcb2,train,normal,,train/good/0571.JPG,,data/datasets/visa/pcb2/Data/Images/Normal/0571.JPG
visa,pcb2,train,normal,,train/good/0360.JPG,,data/datasets/visa/pcb2/Data/Images/Normal/0360.JPG
visa,pcb2,train,normal,,train/good/0058.JPG,,data/datasets/visa/pcb2/Data/Images/Normal/0058.JPG
visa,pcb2,train,normal,,train/good/0799.JPG,,data/datasets/visa/pcb2/Data/Images/Normal/0799.JPG
visa,pcb2,train,normal,,train/good/0219.JPG,,data/datasets/visa/pcb2/Data/Images/Normal/0219.JPG
visa,pcb2,train,normal,,train/good/0708.JPG,,data/datasets/visa/pcb2/Data/Images/Normal/0708.JPG
visa,pcb2,train,normal,,train/good/0640.JPG,,data/datasets/visa/pcb2/Data/Images/Normal/0640.JPG
visa,pcb2,train,normal,,train/good/0169.JPG,,data/datasets/visa/pcb2/Data/Images/Normal/0169.JPG
visa,pcb2,train,normal,,train/good/0241.JPG,,data/datasets/visa/pcb2/Data/Images/Normal/0241.JPG
visa,pcb2,train,normal,,train/good/0208.JPG,,data/datasets/visa/pcb2/Data/Images/Normal/0208.JPG
visa,pcb2,train,normal,,train/good/0916.JPG,,data/datasets/visa/pcb2/Data/Images/Normal/0916.JPG
visa,pcb2,train,normal,,train/good/0751.JPG,,data/datasets/visa/pcb2/Data/Images/Normal/0751.JPG
visa,pcb2,train,normal,,train/good/0977.JPG,,data/datasets/visa/pcb2/Data/Images/Normal/0977.JPG
visa,pcb2,train,normal,,train/good/0811.JPG,,data/datasets/visa/pcb2/Data/Images/Normal/0811.JPG
visa,pcb2,train,normal,,train/good/0437.JPG,,data/datasets/visa/pcb2/Data/Images/Normal/0437.JPG
visa,pcb2,train,normal,,train/good/0956.JPG,,data/datasets/visa/pcb2/Data/Images/Normal/0956.JPG
visa,pcb2,train,normal,,train/good/0034.JPG,,data/datasets/visa/pcb2/Data/Images/Normal/0034.JPG
visa,pcb2,train,normal,,train/good/0635.JPG,,data/datasets/visa/pcb2/Data/Images/Normal/0635.JPG
visa,pcb2,train,normal,,train/good/0722.JPG,,data/datasets/visa/pcb2/Data/Images/Normal/0722.JPG
visa,pcb2,train,normal,,train/good/0421.JPG,,data/datasets/visa/pcb2/Data/Images/Normal/0421.JPG
visa,pcb2,train,normal,,train/good/0525.JPG,,data/datasets/visa/pcb2/Data/Images/Normal/0525.JPG
visa,pcb2,train,normal,,train/good/0285.JPG,,data/datasets/visa/pcb2/Data/Images/Normal/0285.JPG
visa,pcb2,train,normal,,train/good/0661.JPG,,data/datasets/visa/pcb2/Data/Images/Normal/0661.JPG
visa,pcb2,train,normal,,train/good/0385.JPG,,data/datasets/visa/pcb2/Data/Images/Normal/0385.JPG
visa,pcb2,train,normal,,train/good/0394.JPG,,data/datasets/visa/pcb2/Data/Images/Normal/0394.JPG
visa,pcb2,train,normal,,train/good/0007.JPG,,data/datasets/visa/pcb2/Data/Images/Normal/0007.JPG
visa,pcb2,train,normal,,train/good/0912.JPG,,data/datasets/visa/pcb2/Data/Images/Normal/0912.JPG
visa,pcb2,train,normal,,train/good/0812.JPG,,data/datasets/visa/pcb2/Data/Images/Normal/0812.JPG
visa,pcb2,train,normal,,train/good/0056.JPG,,data/datasets/visa/pcb2/Data/Images/Normal/0056.JPG
visa,pcb2,train,normal,,train/good/0412.JPG,,data/datasets/visa/pcb2/Data/Images/Normal/0412.JPG
visa,pcb2,train,normal,,train/good/0183.JPG,,data/datasets/visa/pcb2/Data/Images/Normal/0183.JPG
visa,pcb2,train,normal,,train/good/0336.JPG,,data/datasets/visa/pcb2/Data/Images/Normal/0336.JPG
visa,pcb2,train,normal,,train/good/0872.JPG,,data/datasets/visa/pcb2/Data/Images/Normal/0872.JPG
visa,pcb2,train,normal,,train/good/0356.JPG,,data/datasets/visa/pcb2/Data/Images/Normal/0356.JPG
visa,pcb2,train,normal,,train/good/0100.JPG,,data/datasets/visa/pcb2/Data/Images/Normal/0100.JPG
visa,pcb2,train,normal,,train/good/0059.JPG,,data/datasets/visa/pcb2/Data/Images/Normal/0059.JPG
visa,pcb2,train,normal,,train/good/0473.JPG,,data/datasets/visa/pcb2/Data/Images/Normal/0473.JPG
visa,pcb2,train,normal,,train/good/0896.JPG,,data/datasets/visa/pcb2/Data/Images/Normal/0896.JPG
visa,pcb2,train,normal,,train/good/0146.JPG,,data/datasets/visa/pcb2/Data/Images/Normal/0146.JPG
visa,pcb2,train,normal,,train/good/0768.JPG,,data/datasets/visa/pcb2/Data/Images/Normal/0768.JPG
visa,pcb2,train,normal,,train/good/0409.JPG,,data/datasets/visa/pcb2/Data/Images/Normal/0409.JPG
visa,pcb2,train,normal,,train/good/0284.JPG,,data/datasets/visa/pcb2/Data/Images/Normal/0284.JPG
visa,pcb2,train,normal,,train/good/0858.JPG,,data/datasets/visa/pcb2/Data/Images/Normal/0858.JPG
visa,pcb2,train,normal,,train/good/0176.JPG,,data/datasets/visa/pcb2/Data/Images/Normal/0176.JPG
visa,pcb2,train,normal,,train/good/0180.JPG,,data/datasets/visa/pcb2/Data/Images/Normal/0180.JPG
visa,pcb2,train,normal,,train/good/0532.JPG,,data/datasets/visa/pcb2/Data/Images/Normal/0532.JPG
visa,pcb2,train,normal,,train/good/0306.JPG,,data/datasets/visa/pcb2/Data/Images/Normal/0306.JPG
visa,pcb2,train,normal,,train/good/0019.JPG,,data/datasets/visa/pcb2/Data/Images/Normal/0019.JPG
visa,pcb2,train,normal,,train/good/0651.JPG,,data/datasets/visa/pcb2/Data/Images/Normal/0651.JPG
visa,pcb2,train,normal,,train/good/0068.JPG,,data/datasets/visa/pcb2/Data/Images/Normal/0068.JPG
visa,pcb2,train,normal,,train/good/0834.JPG,,data/datasets/visa/pcb2/Data/Images/Normal/0834.JPG
visa,pcb2,train,normal,,train/good/0478.JPG,,data/datasets/visa/pcb2/Data/Images/Normal/0478.JPG
visa,pcb2,train,normal,,train/good/0450.JPG,,data/datasets/visa/pcb2/Data/Images/Normal/0450.JPG
visa,pcb2,train,normal,,train/good/0266.JPG,,data/datasets/visa/pcb2/Data/Images/Normal/0266.JPG
visa,pcb2,train,normal,,train/good/0053.JPG,,data/datasets/visa/pcb2/Data/Images/Normal/0053.JPG
visa,pcb2,train,normal,,train/good/0418.JPG,,data/datasets/visa/pcb2/Data/Images/Normal/0418.JPG
visa,pcb2,train,normal,,train/good/0981.JPG,,data/datasets/visa/pcb2/Data/Images/Normal/0981.JPG
visa,pcb2,train,normal,,train/good/0429.JPG,,data/datasets/visa/pcb2/Data/Images/Normal/0429.JPG
visa,pcb2,train,normal,,train/good/0300.JPG,,data/datasets/visa/pcb2/Data/Images/Normal/0300.JPG
visa,pcb2,train,normal,,train/good/0023.JPG,,data/datasets/visa/pcb2/Data/Images/Normal/0023.JPG
visa,pcb2,train,normal,,train/good/0338.JPG,,data/datasets/visa/pcb2/Data/Images/Normal/0338.JPG
visa,pcb2,train,normal,,train/good/0891.JPG,,data/datasets/visa/pcb2/Data/Images/Normal/0891.JPG
visa,pcb2,train,normal,,train/good/0534.JPG,,data/datasets/visa/pcb2/Data/Images/Normal/0534.JPG
visa,pcb2,train,normal,,train/good/0206.JPG,,data/datasets/visa/pcb2/Data/Images/Normal/0206.JPG
visa,pcb2,train,normal,,train/good/0113.JPG,,data/datasets/visa/pcb2/Data/Images/Normal/0113.JPG
visa,pcb2,train,normal,,train/good/0168.JPG,,data/datasets/visa/pcb2/Data/Images/Normal/0168.JPG
visa,pcb2,train,normal,,train/good/0989.JPG,,data/datasets/visa/pcb2/Data/Images/Normal/0989.JPG
visa,pcb2,train,normal,,train/good/0467.JPG,,data/datasets/visa/pcb2/Data/Images/Normal/0467.JPG
visa,pcb2,train,normal,,train/good/0754.JPG,,data/datasets/visa/pcb2/Data/Images/Normal/0754.JPG
visa,pcb2,train,normal,,train/good/0941.JPG,,data/datasets/visa/pcb2/Data/Images/Normal/0941.JPG
visa,pcb2,train,normal,,train/good/0280.JPG,,data/datasets/visa/pcb2/Data/Images/Normal/0280.JPG
visa,pcb2,train,normal,,train/good/0025.JPG,,data/datasets/visa/pcb2/Data/Images/Normal/0025.JPG
visa,pcb2,train,normal,,train/good/0216.JPG,,data/datasets/visa/pcb2/Data/Images/Normal/0216.JPG
visa,pcb2,train,normal,,train/good/0687.JPG,,data/datasets/visa/pcb2/Data/Images/Normal/0687.JPG
visa,pcb2,train,normal,,train/good/0011.JPG,,data/datasets/visa/pcb2/Data/Images/Normal/0011.JPG
visa,pcb2,train,normal,,train/good/0590.JPG,,data/datasets/visa/pcb2/Data/Images/Normal/0590.JPG
visa,pcb2,train,normal,,train/good/0419.JPG,,data/datasets/visa/pcb2/Data/Images/Normal/0419.JPG
visa,pcb2,train,normal,,train/good/0968.JPG,,data/datasets/visa/pcb2/Data/Images/Normal/0968.JPG
visa,pcb2,train,normal,,train/good/0323.JPG,,data/datasets/visa/pcb2/Data/Images/Normal/0323.JPG
visa,pcb2,train,normal,,train/good/0656.JPG,,data/datasets/visa/pcb2/Data/Images/Normal/0656.JPG
visa,pcb2,train,normal,,train/good/0244.JPG,,data/datasets/visa/pcb2/Data/Images/Normal/0244.JPG
visa,pcb2,train,normal,,train/good/0350.JPG,,data/datasets/visa/pcb2/Data/Images/Normal/0350.JPG
visa,pcb2,train,normal,,train/good/0077.JPG,,data/datasets/visa/pcb2/Data/Images/Normal/0077.JPG
visa,pcb2,train,normal,,train/good/0299.JPG,,data/datasets/visa/pcb2/Data/Images/Normal/0299.JPG
visa,pcb2,train,normal,,train/good/0699.JPG,,data/datasets/visa/pcb2/Data/Images/Normal/0699.JPG
visa,pcb2,train,normal,,train/good/0973.JPG,,data/datasets/visa/pcb2/Data/Images/Normal/0973.JPG
visa,pcb2,train,normal,,train/good/0434.JPG,,data/datasets/visa/pcb2/Data/Images/Normal/0434.JPG
visa,pcb2,train,normal,,train/good/0067.JPG,,data/datasets/visa/pcb2/Data/Images/Normal/0067.JPG
visa,pcb2,train,normal,,train/good/0089.JPG,,data/datasets/visa/pcb2/Data/Images/Normal/0089.JPG
visa,pcb2,train,normal,,train/good/0541.JPG,,data/datasets/visa/pcb2/Data/Images/Normal/0541.JPG
visa,pcb2,train,normal,,train/good/0154.JPG,,data/datasets/visa/pcb2/Data/Images/Normal/0154.JPG
visa,pcb2,train,normal,,train/good/0674.JPG,,data/datasets/visa/pcb2/Data/Images/Normal/0674.JPG
visa,pcb2,train,normal,,train/good/0498.JPG,,data/datasets/visa/pcb2/Data/Images/Normal/0498.JPG
visa,pcb2,train,normal,,train/good/0484.JPG,,data/datasets/visa/pcb2/Data/Images/Normal/0484.JPG
visa,pcb2,train,normal,,train/good/0952.JPG,,data/datasets/visa/pcb2/Data/Images/Normal/0952.JPG
visa,pcb2,train,normal,,train/good/0692.JPG,,data/datasets/visa/pcb2/Data/Images/Normal/0692.JPG
visa,pcb2,train,normal,,train/good/0199.JPG,,data/datasets/visa/pcb2/Data/Images/Normal/0199.JPG
visa,pcb2,train,normal,,train/good/0254.JPG,,data/datasets/visa/pcb2/Data/Images/Normal/0254.JPG
visa,pcb2,train,normal,,train/good/0039.JPG,,data/datasets/visa/pcb2/Data/Images/Normal/0039.JPG
visa,pcb2,train,normal,,train/good/0207.JPG,,data/datasets/visa/pcb2/Data/Images/Normal/0207.JPG
visa,pcb2,train,normal,,train/good/0384.JPG,,data/datasets/visa/pcb2/Data/Images/Normal/0384.JPG
visa,pcb2,train,normal,,train/good/0815.JPG,,data/datasets/visa/pcb2/Data/Images/Normal/0815.JPG
visa,pcb2,train,normal,,train/good/0886.JPG,,data/datasets/visa/pcb2/Data/Images/Normal/0886.JPG
visa,pcb2,train,normal,,train/good/0767.JPG,,data/datasets/visa/pcb2/Data/Images/Normal/0767.JPG
visa,pcb2,train,normal,,train/good/0852.JPG,,data/datasets/visa/pcb2/Data/Images/Normal/0852.JPG
visa,pcb2,train,normal,,train/good/0331.JPG,,data/datasets/visa/pcb2/Data/Images/Normal/0331.JPG
visa,pcb2,train,normal,,train/good/0503.JPG,,data/datasets/visa/pcb2/Data/Images/Normal/0503.JPG
visa,pcb2,train,normal,,train/good/0357.JPG,,data/datasets/visa/pcb2/Data/Images/Normal/0357.JPG
visa,pcb2,train,normal,,train/good/0944.JPG,,data/datasets/visa/pcb2/Data/Images/Normal/0944.JPG
visa,pcb2,train,normal,,train/good/0479.JPG,,data/datasets/visa/pcb2/Data/Images/Normal/0479.JPG
visa,pcb2,train,normal,,train/good/0885.JPG,,data/datasets/visa/pcb2/Data/Images/Normal/0885.JPG
visa,pcb2,train,normal,,train/good/0276.JPG,,data/datasets/visa/pcb2/Data/Images/Normal/0276.JPG
visa,pcb2,train,normal,,train/good/0808.JPG,,data/datasets/visa/pcb2/Data/Images/Normal/0808.JPG
visa,pcb2,train,normal,,train/good/0556.JPG,,data/datasets/visa/pcb2/Data/Images/Normal/0556.JPG
visa,pcb2,train,normal,,train/good/0756.JPG,,data/datasets/visa/pcb2/Data/Images/Normal/0756.JPG
visa,pcb2,train,normal,,train/good/0451.JPG,,data/datasets/visa/pcb2/Data/Images/Normal/0451.JPG
visa,pcb2,train,normal,,train/good/0295.JPG,,data/datasets/visa/pcb2/Data/Images/Normal/0295.JPG
visa,pcb2,train,normal,,train/good/0515.JPG,,data/datasets/visa/pcb2/Data/Images/Normal/0515.JPG
visa,pcb2,train,normal,,train/good/0109.JPG,,data/datasets/visa/pcb2/Data/Images/Normal/0109.JPG
visa,pcb2,train,normal,,train/good/0148.JPG,,data/datasets/visa/pcb2/Data/Images/Normal/0148.JPG
visa,pcb2,train,normal,,train/good/0099.JPG,,data/datasets/visa/pcb2/Data/Images/Normal/0099.JPG
visa,pcb2,train,normal,,train/good/0262.JPG,,data/datasets/visa/pcb2/Data/Images/Normal/0262.JPG
visa,pcb2,train,normal,,train/good/0269.JPG,,data/datasets/visa/pcb2/Data/Images/Normal/0269.JPG
visa,pcb2,train,normal,,train/good/0134.JPG,,data/datasets/visa/pcb2/Data/Images/Normal/0134.JPG
visa,pcb2,train,normal,,train/good/0658.JPG,,data/datasets/visa/pcb2/Data/Images/Normal/0658.JPG
visa,pcb2,train,normal,,train/good/0246.JPG,,data/datasets/visa/pcb2/Data/Images/Normal/0246.JPG
visa,pcb2,train,normal,,train/good/0135.JPG,,data/datasets/visa/pcb2/Data/Images/Normal/0135.JPG
visa,pcb2,train,normal,,train/good/0850.JPG,,data/datasets/visa/pcb2/Data/Images/Normal/0850.JPG
visa,pcb2,train,normal,,train/good/0158.JPG,,data/datasets/visa/pcb2/Data/Images/Normal/0158.JPG
visa,pcb2,train,normal,,train/good/0401.JPG,,data/datasets/visa/pcb2/Data/Images/Normal/0401.JPG
visa,pcb2,train,normal,,train/good/0371.JPG,,data/datasets/visa/pcb2/Data/Images/Normal/0371.JPG
visa,pcb2,train,normal,,train/good/0921.JPG,,data/datasets/visa/pcb2/Data/Images/Normal/0921.JPG
visa,pcb2,train,normal,,train/good/0919.JPG,,data/datasets/visa/pcb2/Data/Images/Normal/0919.JPG
visa,pcb2,train,normal,,train/good/0960.JPG,,data/datasets/visa/pcb2/Data/Images/Normal/0960.JPG
visa,pcb2,train,normal,,train/good/0377.JPG,,data/datasets/visa/pcb2/Data/Images/Normal/0377.JPG
visa,pcb2,train,normal,,train/good/0239.JPG,,data/datasets/visa/pcb2/Data/Images/Normal/0239.JPG
visa,pcb2,train,normal,,train/good/0580.JPG,,data/datasets/visa/pcb2/Data/Images/Normal/0580.JPG
visa,pcb2,train,normal,,train/good/0447.JPG,,data/datasets/visa/pcb2/Data/Images/Normal/0447.JPG
visa,pcb2,train,normal,,train/good/0988.JPG,,data/datasets/visa/pcb2/Data/Images/Normal/0988.JPG
visa,pcb2,train,normal,,train/good/0358.JPG,,data/datasets/visa/pcb2/Data/Images/Normal/0358.JPG
visa,pcb2,train,normal,,train/good/0634.JPG,,data/datasets/visa/pcb2/Data/Images/Normal/0634.JPG
visa,pcb2,train,normal,,train/good/0942.JPG,,data/datasets/visa/pcb2/Data/Images/Normal/0942.JPG
visa,pcb2,train,normal,,train/good/0050.JPG,,data/datasets/visa/pcb2/Data/Images/Normal/0050.JPG
visa,pcb2,train,normal,,train/good/0642.JPG,,data/datasets/visa/pcb2/Data/Images/Normal/0642.JPG
visa,pcb2,train,normal,,train/good/0186.JPG,,data/datasets/visa/pcb2/Data/Images/Normal/0186.JPG
visa,pcb2,train,normal,,train/good/0864.JPG,,data/datasets/visa/pcb2/Data/Images/Normal/0864.JPG
visa,pcb2,train,normal,,train/good/0975.JPG,,data/datasets/visa/pcb2/Data/Images/Normal/0975.JPG
visa,pcb2,train,normal,,train/good/0530.JPG,,data/datasets/visa/pcb2/Data/Images/Normal/0530.JPG
visa,pcb2,train,normal,,train/good/0184.JPG,,data/datasets/visa/pcb2/Data/Images/Normal/0184.JPG
visa,pcb2,train,normal,,train/good/0877.JPG,,data/datasets/visa/pcb2/Data/Images/Normal/0877.JPG
visa,pcb2,train,normal,,train/good/0853.JPG,,data/datasets/visa/pcb2/Data/Images/Normal/0853.JPG
visa,pcb2,train,normal,,train/good/0631.JPG,,data/datasets/visa/pcb2/Data/Images/Normal/0631.JPG
visa,pcb2,train,normal,,train/good/0818.JPG,,data/datasets/visa/pcb2/Data/Images/Normal/0818.JPG
visa,pcb2,train,normal,,train/good/0548.JPG,,data/datasets/visa/pcb2/Data/Images/Normal/0548.JPG
visa,pcb2,train,normal,,train/good/0861.JPG,,data/datasets/visa/pcb2/Data/Images/Normal/0861.JPG
visa,pcb2,train,normal,,train/good/0316.JPG,,data/datasets/visa/pcb2/Data/Images/Normal/0316.JPG
visa,pcb2,train,normal,,train/good/0830.JPG,,data/datasets/visa/pcb2/Data/Images/Normal/0830.JPG
visa,pcb2,train,normal,,train/good/0986.JPG,,data/datasets/visa/pcb2/Data/Images/Normal/0986.JPG
visa,pcb2,train,normal,,train/good/0446.JPG,,data/datasets/visa/pcb2/Data/Images/Normal/0446.JPG
visa,pcb2,train,normal,,train/good/0825.JPG,,data/datasets/visa/pcb2/Data/Images/Normal/0825.JPG
visa,pcb2,train,normal,,train/good/0502.JPG,,data/datasets/visa/pcb2/Data/Images/Normal/0502.JPG
visa,pcb2,train,normal,,train/good/0179.JPG,,data/datasets/visa/pcb2/Data/Images/Normal/0179.JPG
visa,pcb2,train,normal,,train/good/0875.JPG,,data/datasets/visa/pcb2/Data/Images/Normal/0875.JPG
visa,pcb2,train,normal,,train/good/0226.JPG,,data/datasets/visa/pcb2/Data/Images/Normal/0226.JPG
visa,pcb2,train,normal,,train/good/0370.JPG,,data/datasets/visa/pcb2/Data/Images/Normal/0370.JPG
visa,pcb2,train,normal,,train/good/0000.JPG,,data/datasets/visa/pcb2/Data/Images/Normal/0000.JPG
visa,pcb2,train,normal,,train/good/0594.JPG,,data/datasets/visa/pcb2/Data/Images/Normal/0594.JPG
visa,pcb2,train,normal,,train/good/0396.JPG,,data/datasets/visa/pcb2/Data/Images/Normal/0396.JPG
visa,pcb2,train,normal,,train/good/0293.JPG,,data/datasets/visa/pcb2/Data/Images/Normal/0293.JPG
visa,pcb2,train,normal,,train/good/0257.JPG,,data/datasets/visa/pcb2/Data/Images/Normal/0257.JPG
visa,pcb2,train,normal,,train/good/0223.JPG,,data/datasets/visa/pcb2/Data/Images/Normal/0223.JPG
visa,pcb2,train,normal,,train/good/0786.JPG,,data/datasets/visa/pcb2/Data/Images/Normal/0786.JPG
visa,pcb2,train,normal,,train/good/0538.JPG,,data/datasets/visa/pcb2/Data/Images/Normal/0538.JPG
visa,pcb2,train,normal,,train/good/0546.JPG,,data/datasets/visa/pcb2/Data/Images/Normal/0546.JPG
visa,pcb2,train,normal,,train/good/0696.JPG,,data/datasets/visa/pcb2/Data/Images/Normal/0696.JPG
visa,pcb2,train,normal,,train/good/0069.JPG,,data/datasets/visa/pcb2/Data/Images/Normal/0069.JPG
visa,pcb2,train,normal,,train/good/0482.JPG,,data/datasets/visa/pcb2/Data/Images/Normal/0482.JPG
visa,pcb2,train,normal,,train/good/0294.JPG,,data/datasets/visa/pcb2/Data/Images/Normal/0294.JPG
visa,pcb2,train,normal,,train/good/0006.JPG,,data/datasets/visa/pcb2/Data/Images/Normal/0006.JPG
visa,pcb2,train,normal,,train/good/0933.JPG,,data/datasets/visa/pcb2/Data/Images/Normal/0933.JPG
visa,pcb2,train,normal,,train/good/0752.JPG,,data/datasets/visa/pcb2/Data/Images/Normal/0752.JPG
visa,pcb2,train,normal,,train/good/0055.JPG,,data/datasets/visa/pcb2/Data/Images/Normal/0055.JPG
visa,pcb2,train,normal,,train/good/0595.JPG,,data/datasets/visa/pcb2/Data/Images/Normal/0595.JPG
visa,pcb2,train,normal,,train/good/0888.JPG,,data/datasets/visa/pcb2/Data/Images/Normal/0888.JPG
visa,pcb2,train,normal,,train/good/0475.JPG,,data/datasets/visa/pcb2/Data/Images/Normal/0475.JPG
visa,pcb2,train,normal,,train/good/0632.JPG,,data/datasets/visa/pcb2/Data/Images/Normal/0632.JPG
visa,pcb2,train,normal,,train/good/0062.JPG,,data/datasets/visa/pcb2/Data/Images/Normal/0062.JPG
visa,pcb2,train,normal,,train/good/0215.JPG,,data/datasets/visa/pcb2/Data/Images/Normal/0215.JPG
visa,pcb2,train,normal,,train/good/0535.JPG,,data/datasets/visa/pcb2/Data/Images/Normal/0535.JPG
visa,pcb2,train,normal,,train/good/0182.JPG,,data/datasets/visa/pcb2/Data/Images/Normal/0182.JPG
visa,pcb2,train,normal,,train/good/0490.JPG,,data/datasets/visa/pcb2/Data/Images/Normal/0490.JPG
visa,pcb2,train,normal,,train/good/0654.JPG,,data/datasets/visa/pcb2/Data/Images/Normal/0654.JPG
visa,pcb2,train,normal,,train/good/0459.JPG,,data/datasets/visa/pcb2/Data/Images/Normal/0459.JPG
visa,pcb2,train,normal,,train/good/0636.JPG,,data/datasets/visa/pcb2/Data/Images/Normal/0636.JPG
visa,pcb2,train,normal,,train/good/0476.JPG,,data/datasets/visa/pcb2/Data/Images/Normal/0476.JPG
visa,pcb2,train,normal,,train/good/0139.JPG,,data/datasets/visa/pcb2/Data/Images/Normal/0139.JPG
visa,pcb2,train,normal,,train/good/0616.JPG,,data/datasets/visa/pcb2/Data/Images/Normal/0616.JPG
visa,pcb2,train,normal,,train/good/0454.JPG,,data/datasets/visa/pcb2/Data/Images/Normal/0454.JPG
visa,pcb2,train,normal,,train/good/0075.JPG,,data/datasets/visa/pcb2/Data/Images/Normal/0075.JPG
visa,pcb2,train,normal,,train/good/0145.JPG,,data/datasets/visa/pcb2/Data/Images/Normal/0145.JPG
visa,pcb2,train,normal,,train/good/0422.JPG,,data/datasets/visa/pcb2/Data/Images/Normal/0422.JPG
visa,pcb2,train,normal,,train/good/0474.JPG,,data/datasets/visa/pcb2/Data/Images/Normal/0474.JPG
visa,pcb2,train,normal,,train/good/0707.JPG,,data/datasets/visa/pcb2/Data/Images/Normal/0707.JPG
visa,pcb2,train,normal,,train/good/0124.JPG,,data/datasets/visa/pcb2/Data/Images/Normal/0124.JPG
visa,pcb2,train,normal,,train/good/0015.JPG,,data/datasets/visa/pcb2/Data/Images/Normal/0015.JPG
visa,pcb2,train,normal,,train/good/0697.JPG,,data/datasets/visa/pcb2/Data/Images/Normal/0697.JPG
visa,pcb2,train,normal,,train/good/0433.JPG,,data/datasets/visa/pcb2/Data/Images/Normal/0433.JPG
visa,pcb2,train,normal,,train/good/0586.JPG,,data/datasets/visa/pcb2/Data/Images/Normal/0586.JPG
visa,pcb2,train,normal,,train/good/0415.JPG,,data/datasets/visa/pcb2/Data/Images/Normal/0415.JPG
visa,pcb2,train,normal,,train/good/0097.JPG,,data/datasets/visa/pcb2/Data/Images/Normal/0097.JPG
visa,pcb2,train,normal,,train/good/0974.JPG,,data/datasets/visa/pcb2/Data/Images/Normal/0974.JPG
visa,pcb2,train,normal,,train/good/0509.JPG,,data/datasets/visa/pcb2/Data/Images/Normal/0509.JPG
visa,pcb2,train,normal,,train/good/0366.JPG,,data/datasets/visa/pcb2/Data/Images/Normal/0366.JPG
visa,pcb2,train,normal,,train/good/0127.JPG,,data/datasets/visa/pcb2/Data/Images/Normal/0127.JPG
visa,pcb2,train,normal,,train/good/0142.JPG,,data/datasets/visa/pcb2/Data/Images/Normal/0142.JPG
visa,pcb2,train,normal,,train/good/0151.JPG,,data/datasets/visa/pcb2/Data/Images/Normal/0151.JPG
visa,pcb2,train,normal,,train/good/0742.JPG,,data/datasets/visa/pcb2/Data/Images/Normal/0742.JPG
visa,pcb2,train,normal,,train/good/0209.JPG,,data/datasets/visa/pcb2/Data/Images/Normal/0209.JPG
visa,pcb2,train,normal,,train/good/0723.JPG,,data/datasets/visa/pcb2/Data/Images/Normal/0723.JPG
visa,pcb2,train,normal,,train/good/0307.JPG,,data/datasets/visa/pcb2/Data/Images/Normal/0307.JPG
visa,pcb2,train,normal,,train/good/0493.JPG,,data/datasets/visa/pcb2/Data/Images/Normal/0493.JPG
visa,pcb2,train,normal,,train/good/0061.JPG,,data/datasets/visa/pcb2/Data/Images/Normal/0061.JPG
visa,pcb2,train,normal,,train/good/0108.JPG,,data/datasets/visa/pcb2/Data/Images/Normal/0108.JPG
visa,pcb2,train,normal,,train/good/0734.JPG,,data/datasets/visa/pcb2/Data/Images/Normal/0734.JPG
visa,pcb2,train,normal,,train/good/0318.JPG,,data/datasets/visa/pcb2/Data/Images/Normal/0318.JPG
visa,pcb2,train,normal,,train/good/0477.JPG,,data/datasets/visa/pcb2/Data/Images/Normal/0477.JPG
visa,pcb2,train,normal,,train/good/0481.JPG,,data/datasets/visa/pcb2/Data/Images/Normal/0481.JPG
visa,pcb2,train,normal,,train/good/0166.JPG,,data/datasets/visa/pcb2/Data/Images/Normal/0166.JPG
visa,pcb2,train,normal,,train/good/0865.JPG,,data/datasets/visa/pcb2/Data/Images/Normal/0865.JPG
visa,pcb2,train,normal,,train/good/0425.JPG,,data/datasets/visa/pcb2/Data/Images/Normal/0425.JPG
visa,pcb2,train,normal,,train/good/0700.JPG,,data/datasets/visa/pcb2/Data/Images/Normal/0700.JPG
visa,pcb2,train,normal,,train/good/0195.JPG,,data/datasets/visa/pcb2/Data/Images/Normal/0195.JPG
visa,pcb2,train,normal,,train/good/0925.JPG,,data/datasets/visa/pcb2/Data/Images/Normal/0925.JPG
visa,pcb2,train,normal,,train/good/0949.JPG,,data/datasets/visa/pcb2/Data/Images/Normal/0949.JPG
visa,pcb2,train,normal,,train/good/0655.JPG,,data/datasets/visa/pcb2/Data/Images/Normal/0655.JPG
visa,pcb2,train,normal,,train/good/0337.JPG,,data/datasets/visa/pcb2/Data/Images/Normal/0337.JPG
visa,pcb2,train,normal,,train/good/0871.JPG,,data/datasets/visa/pcb2/Data/Images/Normal/0871.JPG
visa,pcb2,train,normal,,train/good/0948.JPG,,data/datasets/visa/pcb2/Data/Images/Normal/0948.JPG
visa,pcb2,train,normal,,train/good/0778.JPG,,data/datasets/visa/pcb2/Data/Images/Normal/0778.JPG
visa,pcb2,train,normal,,train/good/0653.JPG,,data/datasets/visa/pcb2/Data/Images/Normal/0653.JPG
visa,pcb2,train,normal,,train/good/0051.JPG,,data/datasets/visa/pcb2/Data/Images/Normal/0051.JPG
visa,pcb2,train,normal,,train/good/0321.JPG,,data/datasets/visa/pcb2/Data/Images/Normal/0321.JPG
visa,pcb2,train,normal,,train/good/0130.JPG,,data/datasets/visa/pcb2/Data/Images/Normal/0130.JPG
visa,pcb2,train,normal,,train/good/0688.JPG,,data/datasets/visa/pcb2/Data/Images/Normal/0688.JPG
visa,pcb2,train,normal,,train/good/0268.JPG,,data/datasets/visa/pcb2/Data/Images/Normal/0268.JPG
visa,pcb2,train,normal,,train/good/0529.JPG,,data/datasets/visa/pcb2/Data/Images/Normal/0529.JPG
visa,pcb2,train,normal,,train/good/0278.JPG,,data/datasets/visa/pcb2/Data/Images/Normal/0278.JPG
visa,pcb2,train,normal,,train/good/0643.JPG,,data/datasets/visa/pcb2/Data/Images/Normal/0643.JPG
visa,pcb2,train,normal,,train/good/0368.JPG,,data/datasets/visa/pcb2/Data/Images/Normal/0368.JPG
visa,pcb2,train,normal,,train/good/0196.JPG,,data/datasets/visa/pcb2/Data/Images/Normal/0196.JPG
visa,pcb2,train,normal,,train/good/0178.JPG,,data/datasets/visa/pcb2/Data/Images/Normal/0178.JPG
visa,pcb2,train,normal,,train/good/0326.JPG,,data/datasets/visa/pcb2/Data/Images/Normal/0326.JPG
visa,pcb2,train,normal,,train/good/0201.JPG,,data/datasets/visa/pcb2/Data/Images/Normal/0201.JPG
visa,pcb2,train,normal,,train/good/0641.JPG,,data/datasets/visa/pcb2/Data/Images/Normal/0641.JPG
visa,pcb2,train,normal,,train/good/0791.JPG,,data/datasets/visa/pcb2/Data/Images/Normal/0791.JPG
visa,pcb2,train,normal,,train/good/0961.JPG,,data/datasets/visa/pcb2/Data/Images/Normal/0961.JPG
visa,pcb2,train,normal,,train/good/0291.JPG,,data/datasets/visa/pcb2/Data/Images/Normal/0291.JPG
visa,pcb2,train,normal,,train/good/0839.JPG,,data/datasets/visa/pcb2/Data/Images/Normal/0839.JPG
visa,pcb2,train,normal,,train/good/0649.JPG,,data/datasets/visa/pcb2/Data/Images/Normal/0649.JPG
visa,pcb2,train,normal,,train/good/0455.JPG,,data/datasets/visa/pcb2/Data/Images/Normal/0455.JPG
visa,pcb2,train,normal,,train/good/0079.JPG,,data/datasets/visa/pcb2/Data/Images/Normal/0079.JPG
visa,pcb2,train,normal,,train/good/0869.JPG,,data/datasets/visa/pcb2/Data/Images/Normal/0869.JPG
visa,pcb2,train,normal,,train/good/0193.JPG,,data/datasets/visa/pcb2/Data/Images/Normal/0193.JPG
visa,pcb2,train,normal,,train/good/0438.JPG,,data/datasets/visa/pcb2/Data/Images/Normal/0438.JPG
visa,pcb2,train,normal,,train/good/0983.JPG,,data/datasets/visa/pcb2/Data/Images/Normal/0983.JPG
visa,pcb2,train,normal,,train/good/0731.JPG,,data/datasets/visa/pcb2/Data/Images/Normal/0731.JPG
visa,pcb2,train,normal,,train/good/0063.JPG,,data/datasets/visa/pcb2/Data/Images/Normal/0063.JPG
visa,pcb2,train,normal,,train/good/0043.JPG,,data/datasets/visa/pcb2/Data/Images/Normal/0043.JPG
visa,pcb2,train,normal,,train/good/0304.JPG,,data/datasets/visa/pcb2/Data/Images/Normal/0304.JPG
visa,pcb2,train,normal,,train/good/0854.JPG,,data/datasets/visa/pcb2/Data/Images/Normal/0854.JPG
visa,pcb2,train,normal,,train/good/0894.JPG,,data/datasets/visa/pcb2/Data/Images/Normal/0894.JPG
visa,pcb2,train,normal,,train/good/0359.JPG,,data/datasets/visa/pcb2/Data/Images/Normal/0359.JPG
visa,pcb2,train,normal,,train/good/0084.JPG,,data/datasets/visa/pcb2/Data/Images/Normal/0084.JPG
visa,pcb2,train,normal,,train/good/0930.JPG,,data/datasets/visa/pcb2/Data/Images/Normal/0930.JPG
visa,pcb2,train,normal,,train/good/0282.JPG,,data/datasets/visa/pcb2/Data/Images/Normal/0282.JPG
visa,pcb2,train,normal,,train/good/0472.JPG,,data/datasets/visa/pcb2/Data/Images/Normal/0472.JPG
visa,pcb2,train,normal,,train/good/0452.JPG,,data/datasets/visa/pcb2/Data/Images/Normal/0452.JPG
visa,pcb2,train,normal,,train/good/0152.JPG,,data/datasets/visa/pcb2/Data/Images/Normal/0152.JPG
visa,pcb2,train,normal,,train/good/0159.JPG,,data/datasets/visa/pcb2/Data/Images/Normal/0159.JPG
visa,pcb2,train,normal,,train/good/0966.JPG,,data/datasets/visa/pcb2/Data/Images/Normal/0966.JPG
visa,pcb2,train,normal,,train/good/0774.JPG,,data/datasets/visa/pcb2/Data/Images/Normal/0774.JPG
visa,pcb2,train,normal,,train/good/0081.JPG,,data/datasets/visa/pcb2/Data/Images/Normal/0081.JPG
visa,pcb2,train,normal,,train/good/0188.JPG,,data/datasets/visa/pcb2/Data/Images/Normal/0188.JPG
visa,pcb2,train,normal,,train/good/0841.JPG,,data/datasets/visa/pcb2/Data/Images/Normal/0841.JPG
visa,pcb2,train,normal,,train/good/0929.JPG,,data/datasets/visa/pcb2/Data/Images/Normal/0929.JPG
visa,pcb2,train,normal,,train/good/0843.JPG,,data/datasets/visa/pcb2/Data/Images/Normal/0843.JPG
visa,pcb2,train,normal,,train/good/0608.JPG,,data/datasets/visa/pcb2/Data/Images/Normal/0608.JPG
visa,pcb2,train,normal,,train/good/0787.JPG,,data/datasets/visa/pcb2/Data/Images/Normal/0787.JPG
visa,pcb2,train,normal,,train/good/0440.JPG,,data/datasets/visa/pcb2/Data/Images/Normal/0440.JPG
visa,pcb2,train,normal,,train/good/0140.JPG,,data/datasets/visa/pcb2/Data/Images/Normal/0140.JPG
visa,pcb2,train,normal,,train/good/0334.JPG,,data/datasets/visa/pcb2/Data/Images/Normal/0334.JPG
visa,pcb2,train,normal,,train/good/0372.JPG,,data/datasets/visa/pcb2/Data/Images/Normal/0372.JPG
visa,pcb2,train,normal,,train/good/0312.JPG,,data/datasets/visa/pcb2/Data/Images/Normal/0312.JPG
visa,pcb2,train,normal,,train/good/0286.JPG,,data/datasets/visa/pcb2/Data/Images/Normal/0286.JPG
visa,pcb2,train,normal,,train/good/0777.JPG,,data/datasets/visa/pcb2/Data/Images/Normal/0777.JPG
visa,pcb2,train,normal,,train/good/0211.JPG,,data/datasets/visa/pcb2/Data/Images/Normal/0211.JPG
visa,pcb2,train,normal,,train/good/0558.JPG,,data/datasets/visa/pcb2/Data/Images/Normal/0558.JPG
visa,pcb2,train,normal,,train/good/0407.JPG,,data/datasets/visa/pcb2/Data/Images/Normal/0407.JPG
visa,pcb2,train,normal,,train/good/0596.JPG,,data/datasets/visa/pcb2/Data/Images/Normal/0596.JPG
visa,pcb2,train,normal,,train/good/0410.JPG,,data/datasets/visa/pcb2/Data/Images/Normal/0410.JPG
visa,pcb2,train,normal,,train/good/0253.JPG,,data/datasets/visa/pcb2/Data/Images/Normal/0253.JPG
visa,pcb2,train,normal,,train/good/0673.JPG,,data/datasets/visa/pcb2/Data/Images/Normal/0673.JPG
visa,pcb2,train,normal,,train/good/0122.JPG,,data/datasets/visa/pcb2/Data/Images/Normal/0122.JPG
visa,pcb2,train,normal,,train/good/0115.JPG,,data/datasets/visa/pcb2/Data/Images/Normal/0115.JPG
visa,pcb2,train,normal,,train/good/0374.JPG,,data/datasets/visa/pcb2/Data/Images/Normal/0374.JPG
visa,pcb2,train,normal,,train/good/0572.JPG,,data/datasets/visa/pcb2/Data/Images/Normal/0572.JPG
visa,pcb2,train,normal,,train/good/0762.JPG,,data/datasets/visa/pcb2/Data/Images/Normal/0762.JPG
visa,pcb2,train,normal,,train/good/0453.JPG,,data/datasets/visa/pcb2/Data/Images/Normal/0453.JPG
visa,pcb2,train,normal,,train/good/0332.JPG,,data/datasets/visa/pcb2/Data/Images/Normal/0332.JPG
visa,pcb2,train,normal,,train/good/0562.JPG,,data/datasets/visa/pcb2/Data/Images/Normal/0562.JPG
visa,pcb2,train,normal,,train/good/0726.JPG,,data/datasets/visa/pcb2/Data/Images/Normal/0726.JPG
visa,pcb2,train,normal,,train/good/0270.JPG,,data/datasets/visa/pcb2/Data/Images/Normal/0270.JPG
visa,pcb2,train,normal,,train/good/0090.JPG,,data/datasets/visa/pcb2/Data/Images/Normal/0090.JPG
visa,pcb2,train,normal,,train/good/0003.JPG,,data/datasets/visa/pcb2/Data/Images/Normal/0003.JPG
visa,pcb2,train,normal,,train/good/0946.JPG,,data/datasets/visa/pcb2/Data/Images/Normal/0946.JPG
visa,pcb2,train,normal,,train/good/0119.JPG,,data/datasets/visa/pcb2/Data/Images/Normal/0119.JPG
visa,pcb2,train,normal,,train/good/0045.JPG,,data/datasets/visa/pcb2/Data/Images/Normal/0045.JPG
visa,pcb2,train,normal,,train/good/0716.JPG,,data/datasets/visa/pcb2/Data/Images/Normal/0716.JPG
visa,pcb2,train,normal,,train/good/0887.JPG,,data/datasets/visa/pcb2/Data/Images/Normal/0887.JPG
visa,pcb2,train,normal,,train/good/0776.JPG,,data/datasets/visa/pcb2/Data/Images/Normal/0776.JPG
visa,pcb2,train,normal,,train/good/0724.JPG,,data/datasets/visa/pcb2/Data/Images/Normal/0724.JPG
visa,pcb2,train,normal,,train/good/0856.JPG,,data/datasets/visa/pcb2/Data/Images/Normal/0856.JPG
visa,pcb2,train,normal,,train/good/0141.JPG,,data/datasets/visa/pcb2/Data/Images/Normal/0141.JPG
visa,pcb2,train,normal,,train/good/0820.JPG,,data/datasets/visa/pcb2/Data/Images/Normal/0820.JPG
visa,pcb2,train,normal,,train/good/0444.JPG,,data/datasets/visa/pcb2/Data/Images/Normal/0444.JPG
visa,pcb2,train,normal,,train/good/0918.JPG,,data/datasets/visa/pcb2/Data/Images/Normal/0918.JPG
visa,pcb2,train,normal,,train/good/0494.JPG,,data/datasets/visa/pcb2/Data/Images/Normal/0494.JPG
visa,pcb2,train,normal,,train/good/0682.JPG,,data/datasets/visa/pcb2/Data/Images/Normal/0682.JPG
visa,pcb2,train,normal,,train/good/0070.JPG,,data/datasets/visa/pcb2/Data/Images/Normal/0070.JPG
visa,pcb2,train,normal,,train/good/0937.JPG,,data/datasets/visa/pcb2/Data/Images/Normal/0937.JPG
visa,pcb2,train,normal,,train/good/0806.JPG,,data/datasets/visa/pcb2/Data/Images/Normal/0806.JPG
visa,pcb2,train,normal,,train/good/0819.JPG,,data/datasets/visa/pcb2/Data/Images/Normal/0819.JPG
visa,pcb2,train,normal,,train/good/0729.JPG,,data/datasets/visa/pcb2/Data/Images/Normal/0729.JPG
visa,pcb2,train,normal,,train/good/0958.JPG,,data/datasets/visa/pcb2/Data/Images/Normal/0958.JPG
visa,pcb2,train,normal,,train/good/0292.JPG,,data/datasets/visa/pcb2/Data/Images/Normal/0292.JPG
visa,pcb2,train,normal,,train/good/0213.JPG,,data/datasets/visa/pcb2/Data/Images/Normal/0213.JPG
visa,pcb2,train,normal,,train/good/0330.JPG,,data/datasets/visa/pcb2/Data/Images/Normal/0330.JPG
visa,pcb2,train,normal,,train/good/0748.JPG,,data/datasets/visa/pcb2/Data/Images/Normal/0748.JPG
visa,pcb2,train,normal,,train/good/0905.JPG,,data/datasets/visa/pcb2/Data/Images/Normal/0905.JPG
visa,pcb2,train,normal,,train/good/0901.JPG,,data/datasets/visa/pcb2/Data/Images/Normal/0901.JPG
visa,pcb2,train,normal,,train/good/0836.JPG,,data/datasets/visa/pcb2/Data/Images/Normal/0836.JPG
visa,pcb2,train,normal,,train/good/0087.JPG,,data/datasets/visa/pcb2/Data/Images/Normal/0087.JPG
visa,pcb2,train,normal,,train/good/0652.JPG,,data/datasets/visa/pcb2/Data/Images/Normal/0652.JPG
visa,pcb2,train,normal,,train/good/0428.JPG,,data/datasets/visa/pcb2/Data/Images/Normal/0428.JPG
visa,pcb2,train,normal,,train/good/0202.JPG,,data/datasets/visa/pcb2/Data/Images/Normal/0202.JPG
visa,pcb2,train,normal,,train/good/0842.JPG,,data/datasets/visa/pcb2/Data/Images/Normal/0842.JPG
visa,pcb2,train,normal,,train/good/0543.JPG,,data/datasets/visa/pcb2/Data/Images/Normal/0543.JPG
visa,pcb2,train,normal,,train/good/0497.JPG,,data/datasets/visa/pcb2/Data/Images/Normal/0497.JPG
visa,pcb2,train,normal,,train/good/0435.JPG,,data/datasets/visa/pcb2/Data/Images/Normal/0435.JPG
visa,pcb2,train,normal,,train/good/0940.JPG,,data/datasets/visa/pcb2/Data/Images/Normal/0940.JPG
visa,pcb2,train,normal,,train/good/0277.JPG,,data/datasets/visa/pcb2/Data/Images/Normal/0277.JPG
visa,pcb2,train,normal,,train/good/0625.JPG,,data/datasets/visa/pcb2/Data/Images/Normal/0625.JPG
visa,pcb2,train,normal,,train/good/0281.JPG,,data/datasets/visa/pcb2/Data/Images/Normal/0281.JPG
visa,pcb2,train,normal,,train/good/0845.JPG,,data/datasets/visa/pcb2/Data/Images/Normal/0845.JPG
visa,pcb2,train,normal,,train/good/0898.JPG,,data/datasets/visa/pcb2/Data/Images/Normal/0898.JPG
visa,pcb2,train,normal,,train/good/0732.JPG,,data/datasets/visa/pcb2/Data/Images/Normal/0732.JPG
visa,pcb2,train,normal,,train/good/0624.JPG,,data/datasets/visa/pcb2/Data/Images/Normal/0624.JPG
visa,pcb2,train,normal,,train/good/0032.JPG,,data/datasets/visa/pcb2/Data/Images/Normal/0032.JPG
visa,pcb2,train,normal,,train/good/0398.JPG,,data/datasets/visa/pcb2/Data/Images/Normal/0398.JPG
visa,pcb2,train,normal,,train/good/0129.JPG,,data/datasets/visa/pcb2/Data/Images/Normal/0129.JPG
visa,pcb2,train,normal,,train/good/0126.JPG,,data/datasets/visa/pcb2/Data/Images/Normal/0126.JPG
visa,pcb2,train,normal,,train/good/0341.JPG,,data/datasets/visa/pcb2/Data/Images/Normal/0341.JPG
visa,pcb2,train,normal,,train/good/0441.JPG,,data/datasets/visa/pcb2/Data/Images/Normal/0441.JPG
visa,pcb2,train,normal,,train/good/0969.JPG,,data/datasets/visa/pcb2/Data/Images/Normal/0969.JPG
visa,pcb2,train,normal,,train/good/0765.JPG,,data/datasets/visa/pcb2/Data/Images/Normal/0765.JPG
visa,pcb2,train,normal,,train/good/0080.JPG,,data/datasets/visa/pcb2/Data/Images/Normal/0080.JPG
visa,pcb2,train,normal,,train/good/0788.JPG,,data/datasets/visa/pcb2/Data/Images/Normal/0788.JPG
visa,pcb2,train,normal,,train/good/0954.JPG,,data/datasets/visa/pcb2/Data/Images/Normal/0954.JPG
visa,pcb2,train,normal,,train/good/0153.JPG,,data/datasets/visa/pcb2/Data/Images/Normal/0153.JPG
visa,pcb2,train,normal,,train/good/0510.JPG,,data/datasets/visa/pcb2/Data/Images/Normal/0510.JPG
visa,pcb2,train,normal,,train/good/0829.JPG,,data/datasets/visa/pcb2/Data/Images/Normal/0829.JPG
visa,pcb2,train,normal,,train/good/0943.JPG,,data/datasets/visa/pcb2/Data/Images/Normal/0943.JPG
visa,pcb2,train,normal,,train/good/0382.JPG,,data/datasets/visa/pcb2/Data/Images/Normal/0382.JPG
visa,pcb2,train,normal,,train/good/0430.JPG,,data/datasets/visa/pcb2/Data/Images/Normal/0430.JPG
visa,pcb2,train,normal,,train/good/0998.JPG,,data/datasets/visa/pcb2/Data/Images/Normal/0998.JPG
visa,pcb2,train,normal,,train/good/0464.JPG,,data/datasets/visa/pcb2/Data/Images/Normal/0464.JPG
visa,pcb2,train,normal,,train/good/0344.JPG,,data/datasets/visa/pcb2/Data/Images/Normal/0344.JPG
visa,pcb2,train,normal,,train/good/0527.JPG,,data/datasets/visa/pcb2/Data/Images/Normal/0527.JPG
visa,pcb2,train,normal,,train/good/0764.JPG,,data/datasets/visa/pcb2/Data/Images/Normal/0764.JPG
visa,pcb2,train,normal,,train/good/0462.JPG,,data/datasets/visa/pcb2/Data/Images/Normal/0462.JPG
visa,pcb2,train,normal,,train/good/0745.JPG,,data/datasets/visa/pcb2/Data/Images/Normal/0745.JPG
visa,pcb2,train,normal,,train/good/0161.JPG,,data/datasets/visa/pcb2/Data/Images/Normal/0161.JPG
visa,pcb2,train,normal,,train/good/0542.JPG,,data/datasets/visa/pcb2/Data/Images/Normal/0542.JPG
visa,pcb2,train,normal,,train/good/0016.JPG,,data/datasets/visa/pcb2/Data/Images/Normal/0016.JPG
visa,pcb2,train,normal,,train/good/0550.JPG,,data/datasets/visa/pcb2/Data/Images/Normal/0550.JPG
visa,pcb2,train,normal,,train/good/0633.JPG,,data/datasets/visa/pcb2/Data/Images/Normal/0633.JPG
visa,pcb2,train,normal,,train/good/0775.JPG,,data/datasets/visa/pcb2/Data/Images/Normal/0775.JPG
visa,pcb2,train,normal,,train/good/0506.JPG,,data/datasets/visa/pcb2/Data/Images/Normal/0506.JPG
visa,pcb2,train,normal,,train/good/0588.JPG,,data/datasets/visa/pcb2/Data/Images/Normal/0588.JPG
visa,pcb2,train,normal,,train/good/0457.JPG,,data/datasets/visa/pcb2/Data/Images/Normal/0457.JPG
visa,pcb2,train,normal,,train/good/0826.JPG,,data/datasets/visa/pcb2/Data/Images/Normal/0826.JPG
visa,pcb2,train,normal,,train/good/0677.JPG,,data/datasets/visa/pcb2/Data/Images/Normal/0677.JPG
visa,pcb2,train,normal,,train/good/0308.JPG,,data/datasets/visa/pcb2/Data/Images/Normal/0308.JPG
visa,pcb2,train,normal,,train/good/0848.JPG,,data/datasets/visa/pcb2/Data/Images/Normal/0848.JPG
visa,pcb2,train,normal,,train/good/0427.JPG,,data/datasets/visa/pcb2/Data/Images/Normal/0427.JPG
visa,pcb2,train,normal,,train/good/0263.JPG,,data/datasets/visa/pcb2/Data/Images/Normal/0263.JPG
visa,pcb2,train,normal,,train/good/0363.JPG,,data/datasets/visa/pcb2/Data/Images/Normal/0363.JPG
visa,pcb2,train,normal,,train/good/0054.JPG,,data/datasets/visa/pcb2/Data/Images/Normal/0054.JPG
visa,pcb2,train,normal,,train/good/0156.JPG,,data/datasets/visa/pcb2/Data/Images/Normal/0156.JPG
visa,pcb2,train,normal,,train/good/0976.JPG,,data/datasets/visa/pcb2/Data/Images/Normal/0976.JPG
visa,pcb2,train,normal,,train/good/0798.JPG,,data/datasets/visa/pcb2/Data/Images/Normal/0798.JPG
visa,pcb2,train,normal,,train/good/0420.JPG,,data/datasets/visa/pcb2/Data/Images/Normal/0420.JPG
visa,pcb2,train,normal,,train/good/0838.JPG,,data/datasets/visa/pcb2/Data/Images/Normal/0838.JPG
visa,pcb2,train,normal,,train/good/0915.JPG,,data/datasets/visa/pcb2/Data/Images/Normal/0915.JPG
visa,pcb2,train,normal,,train/good/0523.JPG,,data/datasets/visa/pcb2/Data/Images/Normal/0523.JPG
visa,pcb2,train,normal,,train/good/0397.JPG,,data/datasets/visa/pcb2/Data/Images/Normal/0397.JPG
visa,pcb2,train,normal,,train/good/0610.JPG,,data/datasets/visa/pcb2/Data/Images/Normal/0610.JPG
visa,pcb2,train,normal,,train/good/0895.JPG,,data/datasets/visa/pcb2/Data/Images/Normal/0895.JPG
visa,pcb2,train,normal,,train/good/0753.JPG,,data/datasets/visa/pcb2/Data/Images/Normal/0753.JPG
visa,pcb2,train,normal,,train/good/0539.JPG,,data/datasets/visa/pcb2/Data/Images/Normal/0539.JPG
visa,pcb2,train,normal,,train/good/0513.JPG,,data/datasets/visa/pcb2/Data/Images/Normal/0513.JPG
visa,pcb2,train,normal,,train/good/0927.JPG,,data/datasets/visa/pcb2/Data/Images/Normal/0927.JPG
visa,pcb2,train,normal,,train/good/0157.JPG,,data/datasets/visa/pcb2/Data/Images/Normal/0157.JPG
visa,pcb2,train,normal,,train/good/0559.JPG,,data/datasets/visa/pcb2/Data/Images/Normal/0559.JPG
visa,pcb2,train,normal,,train/good/0505.JPG,,data/datasets/visa/pcb2/Data/Images/Normal/0505.JPG
visa,pcb2,train,normal,,train/good/0367.JPG,,data/datasets/visa/pcb2/Data/Images/Normal/0367.JPG
visa,pcb2,train,normal,,train/good/0783.JPG,,data/datasets/visa/pcb2/Data/Images/Normal/0783.JPG
visa,pcb2,train,normal,,train/good/0705.JPG,,data/datasets/visa/pcb2/Data/Images/Normal/0705.JPG
visa,pcb2,train,normal,,train/good/0936.JPG,,data/datasets/visa/pcb2/Data/Images/Normal/0936.JPG
visa,pcb2,train,normal,,train/good/0076.JPG,,data/datasets/visa/pcb2/Data/Images/Normal/0076.JPG
visa,pcb2,train,normal,,train/good/0715.JPG,,data/datasets/visa/pcb2/Data/Images/Normal/0715.JPG
visa,pcb2,train,normal,,train/good/0648.JPG,,data/datasets/visa/pcb2/Data/Images/Normal/0648.JPG
visa,pcb2,train,normal,,train/good/0628.JPG,,data/datasets/visa/pcb2/Data/Images/Normal/0628.JPG
visa,pcb2,train,normal,,train/good/0676.JPG,,data/datasets/visa/pcb2/Data/Images/Normal/0676.JPG
visa,pcb2,train,normal,,train/good/0249.JPG,,data/datasets/visa/pcb2/Data/Images/Normal/0249.JPG
visa,pcb2,train,normal,,train/good/0020.JPG,,data/datasets/visa/pcb2/Data/Images/Normal/0020.JPG
visa,pcb2,train,normal,,train/good/0737.JPG,,data/datasets/visa/pcb2/Data/Images/Normal/0737.JPG
visa,pcb2,train,normal,,train/good/0250.JPG,,data/datasets/visa/pcb2/Data/Images/Normal/0250.JPG
visa,pcb2,train,normal,,train/good/0094.JPG,,data/datasets/visa/pcb2/Data/Images/Normal/0094.JPG
visa,pcb2,train,normal,,train/good/0103.JPG,,data/datasets/visa/pcb2/Data/Images/Normal/0103.JPG
visa,pcb2,train,normal,,train/good/0342.JPG,,data/datasets/visa/pcb2/Data/Images/Normal/0342.JPG
visa,pcb2,train,normal,,train/good/0251.JPG,,data/datasets/visa/pcb2/Data/Images/Normal/0251.JPG
visa,pcb2,train,normal,,train/good/0913.JPG,,data/datasets/visa/pcb2/Data/Images/Normal/0913.JPG
visa,pcb2,train,normal,,train/good/0565.JPG,,data/datasets/visa/pcb2/Data/Images/Normal/0565.JPG
visa,pcb2,train,normal,,train/good/0191.JPG,,data/datasets/visa/pcb2/Data/Images/Normal/0191.JPG
visa,pcb2,train,normal,,train/good/0671.JPG,,data/datasets/visa/pcb2/Data/Images/Normal/0671.JPG
visa,pcb2,train,normal,,train/good/0042.JPG,,data/datasets/visa/pcb2/Data/Images/Normal/0042.JPG
visa,pcb2,train,normal,,train/good/0899.JPG,,data/datasets/visa/pcb2/Data/Images/Normal/0899.JPG
visa,pcb2,train,normal,,train/good/0683.JPG,,data/datasets/visa/pcb2/Data/Images/Normal/0683.JPG
visa,pcb2,train,normal,,train/good/0879.JPG,,data/datasets/visa/pcb2/Data/Images/Normal/0879.JPG
visa,pcb2,train,normal,,train/good/0668.JPG,,data/datasets/visa/pcb2/Data/Images/Normal/0668.JPG
visa,pcb2,train,normal,,train/good/0092.JPG,,data/datasets/visa/pcb2/Data/Images/Normal/0092.JPG
visa,pcb2,train,normal,,train/good/0458.JPG,,data/datasets/visa/pcb2/Data/Images/Normal/0458.JPG
visa,pcb2,train,normal,,train/good/0091.JPG,,data/datasets/visa/pcb2/Data/Images/Normal/0091.JPG
visa,pcb2,train,normal,,train/good/0790.JPG,,data/datasets/visa/pcb2/Data/Images/Normal/0790.JPG
visa,pcb2,train,normal,,train/good/0615.JPG,,data/datasets/visa/pcb2/Data/Images/Normal/0615.JPG
visa,pcb2,train,normal,,train/good/0369.JPG,,data/datasets/visa/pcb2/Data/Images/Normal/0369.JPG
visa,pcb2,train,normal,,train/good/0252.JPG,,data/datasets/visa/pcb2/Data/Images/Normal/0252.JPG
visa,pcb2,train,normal,,train/good/0203.JPG,,data/datasets/visa/pcb2/Data/Images/Normal/0203.JPG
visa,pcb2,train,normal,,train/good/0314.JPG,,data/datasets/visa/pcb2/Data/Images/Normal/0314.JPG
visa,pcb2,train,normal,,train/good/0709.JPG,,data/datasets/visa/pcb2/Data/Images/Normal/0709.JPG
visa,pcb2,train,normal,,train/good/0959.JPG,,data/datasets/visa/pcb2/Data/Images/Normal/0959.JPG
visa,pcb2,train,normal,,train/good/0187.JPG,,data/datasets/visa/pcb2/Data/Images/Normal/0187.JPG
visa,pcb2,train,normal,,train/good/0265.JPG,,data/datasets/visa/pcb2/Data/Images/Normal/0265.JPG
visa,pcb2,train,normal,,train/good/0364.JPG,,data/datasets/visa/pcb2/Data/Images/Normal/0364.JPG
visa,pcb2,train,normal,,train/good/0904.JPG,,data/datasets/visa/pcb2/Data/Images/Normal/0904.JPG
visa,pcb2,train,normal,,train/good/0585.JPG,,data/datasets/visa/pcb2/Data/Images/Normal/0585.JPG
visa,pcb2,train,normal,,train/good/0220.JPG,,data/datasets/visa/pcb2/Data/Images/Normal/0220.JPG
visa,pcb2,train,normal,,train/good/0256.JPG,,data/datasets/visa/pcb2/Data/Images/Normal/0256.JPG
visa,pcb2,train,normal,,train/good/0114.JPG,,data/datasets/visa/pcb2/Data/Images/Normal/0114.JPG
visa,pcb2,train,normal,,train/good/0466.JPG,,data/datasets/visa/pcb2/Data/Images/Normal/0466.JPG
visa,pcb2,train,normal,,train/good/0324.JPG,,data/datasets/visa/pcb2/Data/Images/Normal/0324.JPG
visa,pcb2,train,normal,,train/good/0065.JPG,,data/datasets/visa/pcb2/Data/Images/Normal/0065.JPG
visa,pcb2,train,normal,,train/good/0995.JPG,,data/datasets/visa/pcb2/Data/Images/Normal/0995.JPG
visa,pcb2,train,normal,,train/good/0408.JPG,,data/datasets/visa/pcb2/Data/Images/Normal/0408.JPG
visa,pcb2,train,normal,,train/good/0320.JPG,,data/datasets/visa/pcb2/Data/Images/Normal/0320.JPG
visa,pcb2,train,normal,,train/good/0400.JPG,,data/datasets/visa/pcb2/Data/Images/Normal/0400.JPG
visa,pcb2,train,normal,,train/good/0990.JPG,,data/datasets/visa/pcb2/Data/Images/Normal/0990.JPG
visa,pcb2,train,normal,,train/good/0327.JPG,,data/datasets/visa/pcb2/Data/Images/Normal/0327.JPG
visa,pcb2,train,normal,,train/good/0703.JPG,,data/datasets/visa/pcb2/Data/Images/Normal/0703.JPG
visa,pcb2,train,normal,,train/good/0010.JPG,,data/datasets/visa/pcb2/Data/Images/Normal/0010.JPG
visa,pcb2,train,normal,,train/good/0027.JPG,,data/datasets/visa/pcb2/Data/Images/Normal/0027.JPG
visa,pcb2,train,normal,,train/good/0804.JPG,,data/datasets/visa/pcb2/Data/Images/Normal/0804.JPG
visa,pcb2,train,normal,,train/good/0964.JPG,,data/datasets/visa/pcb2/Data/Images/Normal/0964.JPG
visa,pcb2,train,normal,,train/good/0212.JPG,,data/datasets/visa/pcb2/Data/Images/Normal/0212.JPG
visa,pcb2,train,normal,,train/good/0931.JPG,,data/datasets/visa/pcb2/Data/Images/Normal/0931.JPG
visa,pcb2,train,normal,,train/good/0322.JPG,,data/datasets/visa/pcb2/Data/Images/Normal/0322.JPG
visa,pcb2,train,normal,,train/good/0488.JPG,,data/datasets/visa/pcb2/Data/Images/Normal/0488.JPG
visa,pcb2,train,normal,,train/good/0757.JPG,,data/datasets/visa/pcb2/Data/Images/Normal/0757.JPG
visa,pcb2,train,normal,,train/good/0698.JPG,,data/datasets/visa/pcb2/Data/Images/Normal/0698.JPG
visa,pcb2,train,normal,,train/good/0792.JPG,,data/datasets/visa/pcb2/Data/Images/Normal/0792.JPG
visa,pcb2,train,normal,,train/good/0555.JPG,,data/datasets/visa/pcb2/Data/Images/Normal/0555.JPG
visa,pcb2,train,normal,,train/good/0621.JPG,,data/datasets/visa/pcb2/Data/Images/Normal/0621.JPG
visa,pcb2,train,normal,,train/good/0445.JPG,,data/datasets/visa/pcb2/Data/Images/Normal/0445.JPG
visa,pcb2,train,normal,,train/good/0105.JPG,,data/datasets/visa/pcb2/Data/Images/Normal/0105.JPG
visa,pcb2,train,normal,,train/good/0735.JPG,,data/datasets/visa/pcb2/Data/Images/Normal/0735.JPG
visa,pcb2,train,normal,,train/good/0247.JPG,,data/datasets/visa/pcb2/Data/Images/Normal/0247.JPG
visa,pcb2,train,normal,,train/good/0781.JPG,,data/datasets/visa/pcb2/Data/Images/Normal/0781.JPG
visa,pcb2,train,normal,,train/good/0733.JPG,,data/datasets/visa/pcb2/Data/Images/Normal/0733.JPG
visa,pcb2,train,normal,,train/good/0118.JPG,,data/datasets/visa/pcb2/Data/Images/Normal/0118.JPG
visa,pcb2,train,normal,,train/good/0165.JPG,,data/datasets/visa/pcb2/Data/Images/Normal/0165.JPG
visa,pcb2,train,normal,,train/good/0900.JPG,,data/datasets/visa/pcb2/Data/Images/Normal/0900.JPG
visa,pcb2,train,normal,,train/good/0245.JPG,,data/datasets/visa/pcb2/Data/Images/Normal/0245.JPG
visa,pcb2,train,normal,,train/good/0924.JPG,,data/datasets/visa/pcb2/Data/Images/Normal/0924.JPG
visa,pcb2,train,normal,,train/good/0630.JPG,,data/datasets/visa/pcb2/Data/Images/Normal/0630.JPG
visa,pcb2,train,normal,,train/good/0609.JPG,,data/datasets/visa/pcb2/Data/Images/Normal/0609.JPG
visa,pcb2,train,normal,,train/good/0823.JPG,,data/datasets/visa/pcb2/Data/Images/Normal/0823.JPG
visa,pcb2,train,anomaly,,train/anomaly/053.JPG,train/masks/053.png,data/datasets/visa/pcb2/Data/Images/Anomaly/053.JPG
visa,pcb2,train,anomaly,,train/anomaly/037.JPG,train/masks/037.png,data/datasets/visa/pcb2/Data/Images/Anomaly/037.JPG
visa,pcb2,train,anomaly,,train/anomaly/065.JPG,train/masks/065.png,data/datasets/visa/pcb2/Data/Images/Anomaly/065.JPG
visa,pcb2,train,anomaly,,train/anomaly/051.JPG,train/masks/051.png,data/datasets/visa/pcb2/Data/Images/Anomaly/051.JPG
visa,pcb2,train,anomaly,,train/anomaly/004.JPG,train/masks/004.png,data/datasets/visa/pcb2/Data/Images/Anomaly/004.JPG
visa,pcb2,train,anomaly,,train/anomaly/020.JPG,train/masks/020.png,data/datasets/visa/pcb2/Data/Images/Anomaly/020.JPG
visa,pcb2,train,anomaly,,train/anomaly/038.JPG,train/masks/038.png,data/datasets/visa/pcb2/Data/Images/Anomaly/038.JPG
visa,pcb2,train,anomaly,,train/anomaly/009.JPG,train/masks/009.png,data/datasets/visa/pcb2/Data/Images/Anomaly/009.JPG
visa,pcb2,train,anomaly,,train/anomaly/010.JPG,train/masks/010.png,data/datasets/visa/pcb2/Data/Images/Anomaly/010.JPG
visa,pcb2,train,anomaly,,train/anomaly/081.JPG,train/masks/081.png,data/datasets/visa/pcb2/Data/Images/Anomaly/081.JPG
visa,pcb2,train,anomaly,,train/anomaly/044.JPG,train/masks/044.png,data/datasets/visa/pcb2/Data/Images/Anomaly/044.JPG
visa,pcb2,train,anomaly,,train/anomaly/036.JPG,train/masks/036.png,data/datasets/visa/pcb2/Data/Images/Anomaly/036.JPG
visa,pcb2,train,anomaly,,train/anomaly/084.JPG,train/masks/084.png,data/datasets/visa/pcb2/Data/Images/Anomaly/084.JPG
visa,pcb2,train,anomaly,,train/anomaly/050.JPG,train/masks/050.png,data/datasets/visa/pcb2/Data/Images/Anomaly/050.JPG
visa,pcb2,train,anomaly,,train/anomaly/096.JPG,train/masks/096.png,data/datasets/visa/pcb2/Data/Images/Anomaly/096.JPG
visa,pcb2,train,anomaly,,train/anomaly/090.JPG,train/masks/090.png,data/datasets/visa/pcb2/Data/Images/Anomaly/090.JPG
visa,pcb2,train,anomaly,,train/anomaly/066.JPG,train/masks/066.png,data/datasets/visa/pcb2/Data/Images/Anomaly/066.JPG
visa,pcb2,train,anomaly,,train/anomaly/016.JPG,train/masks/016.png,data/datasets/visa/pcb2/Data/Images/Anomaly/016.JPG
visa,pcb2,train,anomaly,,train/anomaly/080.JPG,train/masks/080.png,data/datasets/visa/pcb2/Data/Images/Anomaly/080.JPG
visa,pcb2,train,anomaly,,train/anomaly/033.JPG,train/masks/033.png,data/datasets/visa/pcb2/Data/Images/Anomaly/033.JPG
visa,pcb2,train,anomaly,,train/anomaly/024.JPG,train/masks/024.png,data/datasets/visa/pcb2/Data/Images/Anomaly/024.JPG
visa,pcb2,train,anomaly,,train/anomaly/052.JPG,train/masks/052.png,data/datasets/visa/pcb2/Data/Images/Anomaly/052.JPG
visa,pcb2,train,anomaly,,train/anomaly/091.JPG,train/masks/091.png,data/datasets/visa/pcb2/Data/Images/Anomaly/091.JPG
visa,pcb2,train,anomaly,,train/anomaly/099.JPG,train/masks/099.png,data/datasets/visa/pcb2/Data/Images/Anomaly/099.JPG
visa,pcb2,train,anomaly,,train/anomaly/064.JPG,train/masks/064.png,data/datasets/visa/pcb2/Data/Images/Anomaly/064.JPG
visa,pcb2,train,anomaly,,train/anomaly/005.JPG,train/masks/005.png,data/datasets/visa/pcb2/Data/Images/Anomaly/005.JPG
visa,pcb2,train,anomaly,,train/anomaly/058.JPG,train/masks/058.png,data/datasets/visa/pcb2/Data/Images/Anomaly/058.JPG
visa,pcb2,train,anomaly,,train/anomaly/076.JPG,train/masks/076.png,data/datasets/visa/pcb2/Data/Images/Anomaly/076.JPG
visa,pcb2,train,anomaly,,train/anomaly/039.JPG,train/masks/039.png,data/datasets/visa/pcb2/Data/Images/Anomaly/039.JPG
visa,pcb2,train,anomaly,,train/anomaly/079.JPG,train/masks/079.png,data/datasets/visa/pcb2/Data/Images/Anomaly/079.JPG
visa,pcb2,train,anomaly,,train/anomaly/023.JPG,train/masks/023.png,data/datasets/visa/pcb2/Data/Images/Anomaly/023.JPG
visa,pcb2,train,anomaly,,train/anomaly/094.JPG,train/masks/094.png,data/datasets/visa/pcb2/Data/Images/Anomaly/094.JPG
visa,pcb2,train,anomaly,,train/anomaly/030.JPG,train/masks/030.png,data/datasets/visa/pcb2/Data/Images/Anomaly/030.JPG
visa,pcb2,train,anomaly,,train/anomaly/073.JPG,train/masks/073.png,data/datasets/visa/pcb2/Data/Images/Anomaly/073.JPG
visa,pcb2,train,anomaly,,train/anomaly/025.JPG,train/masks/025.png,data/datasets/visa/pcb2/Data/Images/Anomaly/025.JPG
visa,pcb2,train,anomaly,,train/anomaly/047.JPG,train/masks/047.png,data/datasets/visa/pcb2/Data/Images/Anomaly/047.JPG
visa,pcb2,train,anomaly,,train/anomaly/031.JPG,train/masks/031.png,data/datasets/visa/pcb2/Data/Images/Anomaly/031.JPG
visa,pcb2,train,anomaly,,train/anomaly/045.JPG,train/masks/045.png,data/datasets/visa/pcb2/Data/Images/Anomaly/045.JPG
visa,pcb2,train,anomaly,,train/anomaly/019.JPG,train/masks/019.png,data/datasets/visa/pcb2/Data/Images/Anomaly/019.JPG
visa,pcb2,train,anomaly,,train/anomaly/087.JPG,train/masks/087.png,data/datasets/visa/pcb2/Data/Images/Anomaly/087.JPG
visa,pcb2,train,anomaly,,train/anomaly/042.JPG,train/masks/042.png,data/datasets/visa/pcb2/Data/Images/Anomaly/042.JPG
visa,pcb2,train,anomaly,,train/anomaly/068.JPG,train/masks/068.png,data/datasets/visa/pcb2/Data/Images/Anomaly/068.JPG
visa,pcb2,train,anomaly,,train/anomaly/095.JPG,train/masks/095.png,data/datasets/visa/pcb2/Data/Images/Anomaly/095.JPG
visa,pcb2,train,anomaly,,train/anomaly/021.JPG,train/masks/021.png,data/datasets/visa/pcb2/Data/Images/Anomaly/021.JPG
visa,pcb2,train,anomaly,,train/anomaly/007.JPG,train/masks/007.png,data/datasets/visa/pcb2/Data/Images/Anomaly/007.JPG
visa,pcb2,train,anomaly,,train/anomaly/067.JPG,train/masks/067.png,data/datasets/visa/pcb2/Data/Images/Anomaly/067.JPG
visa,pcb2,train,anomaly,,train/anomaly/046.JPG,train/masks/046.png,data/datasets/visa/pcb2/Data/Images/Anomaly/046.JPG
visa,pcb2,train,anomaly,,train/anomaly/082.JPG,train/masks/082.png,data/datasets/visa/pcb2/Data/Images/Anomaly/082.JPG
visa,pcb2,train,anomaly,,train/anomaly/011.JPG,train/masks/011.png,data/datasets/visa/pcb2/Data/Images/Anomaly/011.JPG
visa,pcb2,train,anomaly,,train/anomaly/006.JPG,train/masks/006.png,data/datasets/visa/pcb2/Data/Images/Anomaly/006.JPG
visa,pcb2,train,anomaly,,train/anomaly/041.JPG,train/masks/041.png,data/datasets/visa/pcb2/Data/Images/Anomaly/041.JPG
visa,pcb2,train,anomaly,,train/anomaly/086.JPG,train/masks/086.png,data/datasets/visa/pcb2/Data/Images/Anomaly/086.JPG
visa,pcb2,train,anomaly,,train/anomaly/088.JPG,train/masks/088.png,data/datasets/visa/pcb2/Data/Images/Anomaly/088.JPG
visa,pcb2,train,anomaly,,train/anomaly/070.JPG,train/masks/070.png,data/datasets/visa/pcb2/Data/Images/Anomaly/070.JPG
visa,pcb2,train,anomaly,,train/anomaly/018.JPG,train/masks/018.png,data/datasets/visa/pcb2/Data/Images/Anomaly/018.JPG
visa,pcb2,train,anomaly,,train/anomaly/078.JPG,train/masks/078.png,data/datasets/visa/pcb2/Data/Images/Anomaly/078.JPG
visa,pcb2,train,anomaly,,train/anomaly/071.JPG,train/masks/071.png,data/datasets/visa/pcb2/Data/Images/Anomaly/071.JPG
visa,pcb2,train,anomaly,,train/anomaly/059.JPG,train/masks/059.png,data/datasets/visa/pcb2/Data/Images/Anomaly/059.JPG
visa,pcb2,train,anomaly,,train/anomaly/043.JPG,train/masks/043.png,data/datasets/visa/pcb2/Data/Images/Anomaly/043.JPG
visa,pcb2,train,anomaly,,train/anomaly/061.JPG,train/masks/061.png,data/datasets/visa/pcb2/Data/Images/Anomaly/061.JPG
visa,pcb2,test,normal,,test/good/0840.JPG,,data/datasets/visa/pcb2/Data/Images/Normal/0840.JPG
visa,pcb2,test,normal,,test/good/0793.JPG,,data/datasets/visa/pcb2/Data/Images/Normal/0793.JPG
visa,pcb2,test,normal,,test/good/0859.JPG,,data/datasets/visa/pcb2/Data/Images/Normal/0859.JPG
visa,pcb2,test,normal,,test/good/0612.JPG,,data/datasets/visa/pcb2/Data/Images/Normal/0612.JPG
visa,pcb2,test,normal,,test/good/0046.JPG,,data/datasets/visa/pcb2/Data/Images/Normal/0046.JPG
visa,pcb2,test,normal,,test/good/0883.JPG,,data/datasets/visa/pcb2/Data/Images/Normal/0883.JPG
visa,pcb2,test,normal,,test/good/0283.JPG,,data/datasets/visa/pcb2/Data/Images/Normal/0283.JPG
visa,pcb2,test,normal,,test/good/0468.JPG,,data/datasets/visa/pcb2/Data/Images/Normal/0468.JPG
visa,pcb2,test,normal,,test/good/0844.JPG,,data/datasets/visa/pcb2/Data/Images/Normal/0844.JPG
visa,pcb2,test,normal,,test/good/0660.JPG,,data/datasets/visa/pcb2/Data/Images/Normal/0660.JPG
visa,pcb2,test,normal,,test/good/0577.JPG,,data/datasets/visa/pcb2/Data/Images/Normal/0577.JPG
visa,pcb2,test,normal,,test/good/0302.JPG,,data/datasets/visa/pcb2/Data/Images/Normal/0302.JPG
visa,pcb2,test,normal,,test/good/0837.JPG,,data/datasets/visa/pcb2/Data/Images/Normal/0837.JPG
visa,pcb2,test,normal,,test/good/0273.JPG,,data/datasets/visa/pcb2/Data/Images/Normal/0273.JPG
visa,pcb2,test,normal,,test/good/0083.JPG,,data/datasets/visa/pcb2/Data/Images/Normal/0083.JPG
visa,pcb2,test,normal,,test/good/0579.JPG,,data/datasets/visa/pcb2/Data/Images/Normal/0579.JPG
visa,pcb2,test,normal,,test/good/0229.JPG,,data/datasets/visa/pcb2/Data/Images/Normal/0229.JPG
visa,pcb2,test,normal,,test/good/0814.JPG,,data/datasets/visa/pcb2/Data/Images/Normal/0814.JPG
visa,pcb2,test,normal,,test/good/0584.JPG,,data/datasets/visa/pcb2/Data/Images/Normal/0584.JPG
visa,pcb2,test,normal,,test/good/0714.JPG,,data/datasets/visa/pcb2/Data/Images/Normal/0714.JPG
visa,pcb2,test,normal,,test/good/0695.JPG,,data/datasets/visa/pcb2/Data/Images/Normal/0695.JPG
visa,pcb2,test,normal,,test/good/0911.JPG,,data/datasets/visa/pcb2/Data/Images/Normal/0911.JPG
visa,pcb2,test,normal,,test/good/0117.JPG,,data/datasets/visa/pcb2/Data/Images/Normal/0117.JPG
visa,pcb2,test,normal,,test/good/0349.JPG,,data/datasets/visa/pcb2/Data/Images/Normal/0349.JPG
visa,pcb2,test,normal,,test/good/0770.JPG,,data/datasets/visa/pcb2/Data/Images/Normal/0770.JPG
visa,pcb2,test,normal,,test/good/0150.JPG,,data/datasets/visa/pcb2/Data/Images/Normal/0150.JPG
visa,pcb2,test,normal,,test/good/0389.JPG,,data/datasets/visa/pcb2/Data/Images/Normal/0389.JPG
visa,pcb2,test,normal,,test/good/0074.JPG,,data/datasets/visa/pcb2/Data/Images/Normal/0074.JPG
visa,pcb2,test,normal,,test/good/0416.JPG,,data/datasets/visa/pcb2/Data/Images/Normal/0416.JPG
visa,pcb2,test,normal,,test/good/0040.JPG,,data/datasets/visa/pcb2/Data/Images/Normal/0040.JPG
visa,pcb2,test,normal,,test/good/0725.JPG,,data/datasets/visa/pcb2/Data/Images/Normal/0725.JPG
visa,pcb2,test,normal,,test/good/0685.JPG,,data/datasets/visa/pcb2/Data/Images/Normal/0685.JPG
visa,pcb2,test,normal,,test/good/0801.JPG,,data/datasets/visa/pcb2/Data/Images/Normal/0801.JPG
visa,pcb2,test,normal,,test/good/0593.JPG,,data/datasets/visa/pcb2/Data/Images/Normal/0593.JPG
visa,pcb2,test,normal,,test/good/0669.JPG,,data/datasets/visa/pcb2/Data/Images/Normal/0669.JPG
visa,pcb2,test,normal,,test/good/0500.JPG,,data/datasets/visa/pcb2/Data/Images/Normal/0500.JPG
visa,pcb2,test,normal,,test/good/0618.JPG,,data/datasets/visa/pcb2/Data/Images/Normal/0618.JPG
visa,pcb2,test,normal,,test/good/0932.JPG,,data/datasets/visa/pcb2/Data/Images/Normal/0932.JPG
visa,pcb2,test,normal,,test/good/0298.JPG,,data/datasets/visa/pcb2/Data/Images/Normal/0298.JPG
visa,pcb2,test,normal,,test/good/0766.JPG,,data/datasets/visa/pcb2/Data/Images/Normal/0766.JPG
visa,pcb2,test,normal,,test/good/0348.JPG,,data/datasets/visa/pcb2/Data/Images/Normal/0348.JPG
visa,pcb2,test,normal,,test/good/0346.JPG,,data/datasets/visa/pcb2/Data/Images/Normal/0346.JPG
visa,pcb2,test,normal,,test/good/0376.JPG,,data/datasets/visa/pcb2/Data/Images/Normal/0376.JPG
visa,pcb2,test,normal,,test/good/0939.JPG,,data/datasets/visa/pcb2/Data/Images/Normal/0939.JPG
visa,pcb2,test,normal,,test/good/0928.JPG,,data/datasets/visa/pcb2/Data/Images/Normal/0928.JPG
visa,pcb2,test,normal,,test/good/0810.JPG,,data/datasets/visa/pcb2/Data/Images/Normal/0810.JPG
visa,pcb2,test,normal,,test/good/0965.JPG,,data/datasets/visa/pcb2/Data/Images/Normal/0965.JPG
visa,pcb2,test,normal,,test/good/0274.JPG,,data/datasets/visa/pcb2/Data/Images/Normal/0274.JPG
visa,pcb2,test,normal,,test/good/0666.JPG,,data/datasets/visa/pcb2/Data/Images/Normal/0666.JPG
visa,pcb2,test,normal,,test/good/0817.JPG,,data/datasets/visa/pcb2/Data/Images/Normal/0817.JPG
visa,pcb2,test,normal,,test/good/0170.JPG,,data/datasets/visa/pcb2/Data/Images/Normal/0170.JPG
visa,pcb2,test,normal,,test/good/0173.JPG,,data/datasets/visa/pcb2/Data/Images/Normal/0173.JPG
visa,pcb2,test,normal,,test/good/0136.JPG,,data/datasets/visa/pcb2/Data/Images/Normal/0136.JPG
visa,pcb2,test,normal,,test/good/0086.JPG,,data/datasets/visa/pcb2/Data/Images/Normal/0086.JPG
visa,pcb2,test,normal,,test/good/0041.JPG,,data/datasets/visa/pcb2/Data/Images/Normal/0041.JPG
visa,pcb2,test,normal,,test/good/0066.JPG,,data/datasets/visa/pcb2/Data/Images/Normal/0066.JPG
visa,pcb2,test,normal,,test/good/0240.JPG,,data/datasets/visa/pcb2/Data/Images/Normal/0240.JPG
visa,pcb2,test,normal,,test/good/0545.JPG,,data/datasets/visa/pcb2/Data/Images/Normal/0545.JPG
visa,pcb2,test,normal,,test/good/0822.JPG,,data/datasets/visa/pcb2/Data/Images/Normal/0822.JPG
visa,pcb2,test,normal,,test/good/0547.JPG,,data/datasets/visa/pcb2/Data/Images/Normal/0547.JPG
visa,pcb2,test,normal,,test/good/0784.JPG,,data/datasets/visa/pcb2/Data/Images/Normal/0784.JPG
visa,pcb2,test,normal,,test/good/0560.JPG,,data/datasets/visa/pcb2/Data/Images/Normal/0560.JPG
visa,pcb2,test,normal,,test/good/0987.JPG,,data/datasets/visa/pcb2/Data/Images/Normal/0987.JPG
visa,pcb2,test,normal,,test/good/0098.JPG,,data/datasets/visa/pcb2/Data/Images/Normal/0098.JPG
visa,pcb2,test,normal,,test/good/0971.JPG,,data/datasets/visa/pcb2/Data/Images/Normal/0971.JPG
visa,pcb2,test,normal,,test/good/0218.JPG,,data/datasets/visa/pcb2/Data/Images/Normal/0218.JPG
visa,pcb2,test,normal,,test/good/0439.JPG,,data/datasets/visa/pcb2/Data/Images/Normal/0439.JPG
visa,pcb2,test,normal,,test/good/0347.JPG,,data/datasets/visa/pcb2/Data/Images/Normal/0347.JPG
visa,pcb2,test,normal,,test/good/0138.JPG,,data/datasets/visa/pcb2/Data/Images/Normal/0138.JPG
visa,pcb2,test,normal,,test/good/0576.JPG,,data/datasets/visa/pcb2/Data/Images/Normal/0576.JPG
visa,pcb2,test,normal,,test/good/0335.JPG,,data/datasets/visa/pcb2/Data/Images/Normal/0335.JPG
visa,pcb2,test,normal,,test/good/0740.JPG,,data/datasets/visa/pcb2/Data/Images/Normal/0740.JPG
visa,pcb2,test,normal,,test/good/0160.JPG,,data/datasets/visa/pcb2/Data/Images/Normal/0160.JPG
visa,pcb2,test,normal,,test/good/0749.JPG,,data/datasets/visa/pcb2/Data/Images/Normal/0749.JPG
visa,pcb2,test,normal,,test/good/0288.JPG,,data/datasets/visa/pcb2/Data/Images/Normal/0288.JPG
visa,pcb2,test,normal,,test/good/0411.JPG,,data/datasets/visa/pcb2/Data/Images/Normal/0411.JPG
visa,pcb2,test,normal,,test/good/0626.JPG,,data/datasets/visa/pcb2/Data/Images/Normal/0626.JPG
visa,pcb2,test,normal,,test/good/0333.JPG,,data/datasets/visa/pcb2/Data/Images/Normal/0333.JPG
visa,pcb2,test,normal,,test/good/0795.JPG,,data/datasets/visa/pcb2/Data/Images/Normal/0795.JPG
visa,pcb2,test,normal,,test/good/0909.JPG,,data/datasets/visa/pcb2/Data/Images/Normal/0909.JPG
visa,pcb2,test,normal,,test/good/0824.JPG,,data/datasets/visa/pcb2/Data/Images/Normal/0824.JPG
visa,pcb2,test,normal,,test/good/0926.JPG,,data/datasets/visa/pcb2/Data/Images/Normal/0926.JPG
visa,pcb2,test,normal,,test/good/0979.JPG,,data/datasets/visa/pcb2/Data/Images/Normal/0979.JPG
visa,pcb2,test,normal,,test/good/0681.JPG,,data/datasets/visa/pcb2/Data/Images/Normal/0681.JPG
visa,pcb2,test,normal,,test/good/0106.JPG,,data/datasets/visa/pcb2/Data/Images/Normal/0106.JPG
visa,pcb2,test,normal,,test/good/0504.JPG,,data/datasets/visa/pcb2/Data/Images/Normal/0504.JPG
visa,pcb2,test,normal,,test/good/0198.JPG,,data/datasets/visa/pcb2/Data/Images/Normal/0198.JPG
visa,pcb2,test,normal,,test/good/0967.JPG,,data/datasets/visa/pcb2/Data/Images/Normal/0967.JPG
visa,pcb2,test,normal,,test/good/0978.JPG,,data/datasets/visa/pcb2/Data/Images/Normal/0978.JPG
visa,pcb2,test,normal,,test/good/0587.JPG,,data/datasets/visa/pcb2/Data/Images/Normal/0587.JPG
visa,pcb2,test,normal,,test/good/0832.JPG,,data/datasets/visa/pcb2/Data/Images/Normal/0832.JPG
visa,pcb2,test,normal,,test/good/0101.JPG,,data/datasets/visa/pcb2/Data/Images/Normal/0101.JPG
visa,pcb2,test,normal,,test/good/0355.JPG,,data/datasets/visa/pcb2/Data/Images/Normal/0355.JPG
visa,pcb2,test,normal,,test/good/0205.JPG,,data/datasets/visa/pcb2/Data/Images/Normal/0205.JPG
visa,pcb2,test,normal,,test/good/0387.JPG,,data/datasets/visa/pcb2/Data/Images/Normal/0387.JPG
visa,pcb2,test,normal,,test/good/0704.JPG,,data/datasets/visa/pcb2/Data/Images/Normal/0704.JPG
visa,pcb2,test,normal,,test/good/0521.JPG,,data/datasets/visa/pcb2/Data/Images/Normal/0521.JPG
visa,pcb2,test,normal,,test/good/0637.JPG,,data/datasets/visa/pcb2/Data/Images/Normal/0637.JPG
visa,pcb2,test,normal,,test/good/0175.JPG,,data/datasets/visa/pcb2/Data/Images/Normal/0175.JPG
visa,pcb2,test,normal,,test/good/0471.JPG,,data/datasets/visa/pcb2/Data/Images/Normal/0471.JPG
visa,pcb2,test,normal,,test/good/0827.JPG,,data/datasets/visa/pcb2/Data/Images/Normal/0827.JPG
visa,pcb2,test,normal,,test/good/0222.JPG,,data/datasets/visa/pcb2/Data/Images/Normal/0222.JPG
visa,pcb2,test,normal,,test/good/0604.JPG,,data/datasets/visa/pcb2/Data/Images/Normal/0604.JPG
visa,pcb2,test,normal,,test/good/0038.JPG,,data/datasets/visa/pcb2/Data/Images/Normal/0038.JPG
visa,pcb2,test,normal,,test/good/0833.JPG,,data/datasets/visa/pcb2/Data/Images/Normal/0833.JPG
visa,pcb2,test,normal,,test/good/0008.JPG,,data/datasets/visa/pcb2/Data/Images/Normal/0008.JPG
visa,pcb2,test,normal,,test/good/0133.JPG,,data/datasets/visa/pcb2/Data/Images/Normal/0133.JPG
visa,pcb2,test,normal,,test/good/0258.JPG,,data/datasets/visa/pcb2/Data/Images/Normal/0258.JPG
visa,pcb2,test,normal,,test/good/0578.JPG,,data/datasets/visa/pcb2/Data/Images/Normal/0578.JPG
visa,pcb2,test,normal,,test/good/0935.JPG,,data/datasets/visa/pcb2/Data/Images/Normal/0935.JPG
visa,pcb2,test,normal,,test/good/0162.JPG,,data/datasets/visa/pcb2/Data/Images/Normal/0162.JPG
visa,pcb2,test,normal,,test/good/0870.JPG,,data/datasets/visa/pcb2/Data/Images/Normal/0870.JPG
visa,pcb2,test,normal,,test/good/0317.JPG,,data/datasets/visa/pcb2/Data/Images/Normal/0317.JPG
visa,pcb2,test,normal,,test/good/0078.JPG,,data/datasets/visa/pcb2/Data/Images/Normal/0078.JPG
visa,pcb2,test,normal,,test/good/0882.JPG,,data/datasets/visa/pcb2/Data/Images/Normal/0882.JPG
visa,pcb2,test,normal,,test/good/0313.JPG,,data/datasets/visa/pcb2/Data/Images/Normal/0313.JPG
visa,pcb2,test,normal,,test/good/0048.JPG,,data/datasets/visa/pcb2/Data/Images/Normal/0048.JPG
visa,pcb2,test,normal,,test/good/0217.JPG,,data/datasets/visa/pcb2/Data/Images/Normal/0217.JPG
visa,pcb2,test,normal,,test/good/0128.JPG,,data/datasets/visa/pcb2/Data/Images/Normal/0128.JPG
visa,pcb2,test,normal,,test/good/0305.JPG,,data/datasets/visa/pcb2/Data/Images/Normal/0305.JPG
visa,pcb2,test,normal,,test/good/0060.JPG,,data/datasets/visa/pcb2/Data/Images/Normal/0060.JPG
visa,pcb2,test,normal,,test/good/0739.JPG,,data/datasets/visa/pcb2/Data/Images/Normal/0739.JPG
visa,pcb2,test,normal,,test/good/0646.JPG,,data/datasets/visa/pcb2/Data/Images/Normal/0646.JPG
visa,pcb2,test,normal,,test/good/0846.JPG,,data/datasets/visa/pcb2/Data/Images/Normal/0846.JPG
visa,pcb2,test,normal,,test/good/0328.JPG,,data/datasets/visa/pcb2/Data/Images/Normal/0328.JPG
visa,pcb2,test,normal,,test/good/0589.JPG,,data/datasets/visa/pcb2/Data/Images/Normal/0589.JPG
visa,pcb2,test,normal,,test/good/0691.JPG,,data/datasets/visa/pcb2/Data/Images/Normal/0691.JPG
visa,pcb2,test,normal,,test/good/0404.JPG,,data/datasets/visa/pcb2/Data/Images/Normal/0404.JPG
visa,pcb2,test,normal,,test/good/0963.JPG,,data/datasets/visa/pcb2/Data/Images/Normal/0963.JPG
visa,pcb2,test,normal,,test/good/0664.JPG,,data/datasets/visa/pcb2/Data/Images/Normal/0664.JPG
visa,pcb2,test,normal,,test/good/0536.JPG,,data/datasets/visa/pcb2/Data/Images/Normal/0536.JPG
visa,pcb2,test,normal,,test/good/0228.JPG,,data/datasets/visa/pcb2/Data/Images/Normal/0228.JPG
visa,pcb2,test,normal,,test/good/0461.JPG,,data/datasets/visa/pcb2/Data/Images/Normal/0461.JPG
visa,pcb2,test,normal,,test/good/0528.JPG,,data/datasets/visa/pcb2/Data/Images/Normal/0528.JPG
visa,pcb2,test,normal,,test/good/0711.JPG,,data/datasets/visa/pcb2/Data/Images/Normal/0711.JPG
visa,pcb2,test,normal,,test/good/0645.JPG,,data/datasets/visa/pcb2/Data/Images/Normal/0645.JPG
visa,pcb2,test,normal,,test/good/0225.JPG,,data/datasets/visa/pcb2/Data/Images/Normal/0225.JPG
visa,pcb2,test,normal,,test/good/0557.JPG,,data/datasets/visa/pcb2/Data/Images/Normal/0557.JPG
visa,pcb2,test,normal,,test/good/0831.JPG,,data/datasets/visa/pcb2/Data/Images/Normal/0831.JPG
visa,pcb2,test,normal,,test/good/0694.JPG,,data/datasets/visa/pcb2/Data/Images/Normal/0694.JPG
visa,pcb2,test,normal,,test/good/0518.JPG,,data/datasets/visa/pcb2/Data/Images/Normal/0518.JPG
visa,pcb2,test,normal,,test/good/0721.JPG,,data/datasets/visa/pcb2/Data/Images/Normal/0721.JPG
visa,pcb2,test,normal,,test/good/0972.JPG,,data/datasets/visa/pcb2/Data/Images/Normal/0972.JPG
visa,pcb2,test,normal,,test/good/0164.JPG,,data/datasets/visa/pcb2/Data/Images/Normal/0164.JPG
visa,pcb2,test,normal,,test/good/0736.JPG,,data/datasets/visa/pcb2/Data/Images/Normal/0736.JPG
visa,pcb2,test,normal,,test/good/0036.JPG,,data/datasets/visa/pcb2/Data/Images/Normal/0036.JPG
visa,pcb2,test,normal,,test/good/0149.JPG,,data/datasets/visa/pcb2/Data/Images/Normal/0149.JPG
visa,pcb2,test,normal,,test/good/0406.JPG,,data/datasets/visa/pcb2/Data/Images/Normal/0406.JPG
visa,pcb2,test,normal,,test/good/0018.JPG,,data/datasets/visa/pcb2/Data/Images/Normal/0018.JPG
visa,pcb2,test,normal,,test/good/0230.JPG,,data/datasets/visa/pcb2/Data/Images/Normal/0230.JPG
visa,pcb2,test,normal,,test/good/0021.JPG,,data/datasets/visa/pcb2/Data/Images/Normal/0021.JPG
visa,pcb2,test,normal,,test/good/0442.JPG,,data/datasets/visa/pcb2/Data/Images/Normal/0442.JPG
visa,pcb2,test,normal,,test/good/0620.JPG,,data/datasets/visa/pcb2/Data/Images/Normal/0620.JPG
visa,pcb2,test,normal,,test/good/0985.JPG,,data/datasets/visa/pcb2/Data/Images/Normal/0985.JPG
visa,pcb2,test,normal,,test/good/0522.JPG,,data/datasets/visa/pcb2/Data/Images/Normal/0522.JPG
visa,pcb2,test,normal,,test/good/0747.JPG,,data/datasets/visa/pcb2/Data/Images/Normal/0747.JPG
visa,pcb2,test,normal,,test/good/0259.JPG,,data/datasets/visa/pcb2/Data/Images/Normal/0259.JPG
visa,pcb2,test,normal,,test/good/0111.JPG,,data/datasets/visa/pcb2/Data/Images/Normal/0111.JPG
visa,pcb2,test,normal,,test/good/0264.JPG,,data/datasets/visa/pcb2/Data/Images/Normal/0264.JPG
visa,pcb2,test,normal,,test/good/0192.JPG,,data/datasets/visa/pcb2/Data/Images/Normal/0192.JPG
visa,pcb2,test,normal,,test/good/0431.JPG,,data/datasets/visa/pcb2/Data/Images/Normal/0431.JPG
visa,pcb2,test,normal,,test/good/0351.JPG,,data/datasets/visa/pcb2/Data/Images/Normal/0351.JPG
visa,pcb2,test,normal,,test/good/0395.JPG,,data/datasets/visa/pcb2/Data/Images/Normal/0395.JPG
visa,pcb2,test,normal,,test/good/0319.JPG,,data/datasets/visa/pcb2/Data/Images/Normal/0319.JPG
visa,pcb2,test,normal,,test/good/0024.JPG,,data/datasets/visa/pcb2/Data/Images/Normal/0024.JPG
visa,pcb2,test,normal,,test/good/0116.JPG,,data/datasets/visa/pcb2/Data/Images/Normal/0116.JPG
visa,pcb2,test,normal,,test/good/0485.JPG,,data/datasets/visa/pcb2/Data/Images/Normal/0485.JPG
visa,pcb2,test,normal,,test/good/0508.JPG,,data/datasets/visa/pcb2/Data/Images/Normal/0508.JPG
visa,pcb2,test,normal,,test/good/0329.JPG,,data/datasets/visa/pcb2/Data/Images/Normal/0329.JPG
visa,pcb2,test,normal,,test/good/0892.JPG,,data/datasets/visa/pcb2/Data/Images/Normal/0892.JPG
visa,pcb2,test,normal,,test/good/0465.JPG,,data/datasets/visa/pcb2/Data/Images/Normal/0465.JPG
visa,pcb2,test,normal,,test/good/0301.JPG,,data/datasets/visa/pcb2/Data/Images/Normal/0301.JPG
visa,pcb2,test,normal,,test/good/0920.JPG,,data/datasets/visa/pcb2/Data/Images/Normal/0920.JPG
visa,pcb2,test,normal,,test/good/0663.JPG,,data/datasets/visa/pcb2/Data/Images/Normal/0663.JPG
visa,pcb2,test,normal,,test/good/0279.JPG,,data/datasets/visa/pcb2/Data/Images/Normal/0279.JPG
visa,pcb2,test,normal,,test/good/0672.JPG,,data/datasets/visa/pcb2/Data/Images/Normal/0672.JPG
visa,pcb2,test,normal,,test/good/0862.JPG,,data/datasets/visa/pcb2/Data/Images/Normal/0862.JPG
visa,pcb2,test,normal,,test/good/0950.JPG,,data/datasets/visa/pcb2/Data/Images/Normal/0950.JPG
visa,pcb2,test,normal,,test/good/0800.JPG,,data/datasets/visa/pcb2/Data/Images/Normal/0800.JPG
visa,pcb2,test,normal,,test/good/0163.JPG,,data/datasets/visa/pcb2/Data/Images/Normal/0163.JPG
visa,pcb2,test,normal,,test/good/0171.JPG,,data/datasets/visa/pcb2/Data/Images/Normal/0171.JPG
visa,pcb2,test,normal,,test/good/0071.JPG,,data/datasets/visa/pcb2/Data/Images/Normal/0071.JPG
visa,pcb2,test,normal,,test/good/0297.JPG,,data/datasets/visa/pcb2/Data/Images/Normal/0297.JPG
visa,pcb2,test,normal,,test/good/0851.JPG,,data/datasets/visa/pcb2/Data/Images/Normal/0851.JPG
visa,pcb2,test,normal,,test/good/0189.JPG,,data/datasets/visa/pcb2/Data/Images/Normal/0189.JPG
visa,pcb2,test,normal,,test/good/0639.JPG,,data/datasets/visa/pcb2/Data/Images/Normal/0639.JPG
visa,pcb2,test,normal,,test/good/0112.JPG,,data/datasets/visa/pcb2/Data/Images/Normal/0112.JPG
visa,pcb2,test,normal,,test/good/0847.JPG,,data/datasets/visa/pcb2/Data/Images/Normal/0847.JPG
visa,pcb2,test,normal,,test/good/0255.JPG,,data/datasets/visa/pcb2/Data/Images/Normal/0255.JPG
visa,pcb2,test,normal,,test/good/0287.JPG,,data/datasets/visa/pcb2/Data/Images/Normal/0287.JPG
visa,pcb2,test,normal,,test/good/0773.JPG,,data/datasets/visa/pcb2/Data/Images/Normal/0773.JPG
visa,pcb2,test,normal,,test/good/0772.JPG,,data/datasets/visa/pcb2/Data/Images/Normal/0772.JPG
visa,pcb2,test,normal,,test/good/0014.JPG,,data/datasets/visa/pcb2/Data/Images/Normal/0014.JPG
visa,pcb2,test,normal,,test/good/0463.JPG,,data/datasets/visa/pcb2/Data/Images/Normal/0463.JPG
visa,pcb2,test,normal,,test/good/0017.JPG,,data/datasets/visa/pcb2/Data/Images/Normal/0017.JPG
visa,pcb2,test,normal,,test/good/0085.JPG,,data/datasets/visa/pcb2/Data/Images/Normal/0085.JPG
visa,pcb2,test,normal,,test/good/0072.JPG,,data/datasets/visa/pcb2/Data/Images/Normal/0072.JPG
visa,pcb2,test,normal,,test/good/0689.JPG,,data/datasets/visa/pcb2/Data/Images/Normal/0689.JPG
visa,pcb2,test,normal,,test/good/0033.JPG,,data/datasets/visa/pcb2/Data/Images/Normal/0033.JPG
visa,pcb2,test,normal,,test/good/0994.JPG,,data/datasets/visa/pcb2/Data/Images/Normal/0994.JPG
visa,pcb2,test,normal,,test/good/0564.JPG,,data/datasets/visa/pcb2/Data/Images/Normal/0564.JPG
visa,pcb2,test,normal,,test/good/0093.JPG,,data/datasets/visa/pcb2/Data/Images/Normal/0093.JPG
visa,pcb2,test,normal,,test/good/0185.JPG,,data/datasets/visa/pcb2/Data/Images/Normal/0185.JPG
visa,pcb2,test,normal,,test/good/0598.JPG,,data/datasets/visa/pcb2/Data/Images/Normal/0598.JPG
visa,pcb2,test,normal,,test/good/0563.JPG,,data/datasets/visa/pcb2/Data/Images/Normal/0563.JPG
visa,pcb2,test,normal,,test/good/0181.JPG,,data/datasets/visa/pcb2/Data/Images/Normal/0181.JPG
visa,pcb2,test,normal,,test/good/0650.JPG,,data/datasets/visa/pcb2/Data/Images/Normal/0650.JPG
visa,pcb2,test,normal,,test/good/0235.JPG,,data/datasets/visa/pcb2/Data/Images/Normal/0235.JPG
visa,pcb2,test,normal,,test/good/0028.JPG,,data/datasets/visa/pcb2/Data/Images/Normal/0028.JPG
visa,pcb2,test,normal,,test/good/0614.JPG,,data/datasets/visa/pcb2/Data/Images/Normal/0614.JPG
visa,pcb2,test,normal,,test/good/0469.JPG,,data/datasets/visa/pcb2/Data/Images/Normal/0469.JPG
visa,pcb2,test,normal,,test/good/0339.JPG,,data/datasets/visa/pcb2/Data/Images/Normal/0339.JPG
visa,pcb2,test,normal,,test/good/0627.JPG,,data/datasets/visa/pcb2/Data/Images/Normal/0627.JPG
visa,pcb2,test,normal,,test/good/0805.JPG,,data/datasets/visa/pcb2/Data/Images/Normal/0805.JPG
visa,pcb2,test,normal,,test/good/0638.JPG,,data/datasets/visa/pcb2/Data/Images/Normal/0638.JPG
visa,pcb2,test,normal,,test/good/0553.JPG,,data/datasets/visa/pcb2/Data/Images/Normal/0553.JPG
visa,pcb2,test,normal,,test/good/0551.JPG,,data/datasets/visa/pcb2/Data/Images/Normal/0551.JPG
visa,pcb2,test,normal,,test/good/0001.JPG,,data/datasets/visa/pcb2/Data/Images/Normal/0001.JPG
visa,pcb2,test,normal,,test/good/0354.JPG,,data/datasets/visa/pcb2/Data/Images/Normal/0354.JPG
visa,pcb2,test,normal,,test/good/0897.JPG,,data/datasets/visa/pcb2/Data/Images/Normal/0897.JPG
visa,pcb2,test,normal,,test/good/0365.JPG,,data/datasets/visa/pcb2/Data/Images/Normal/0365.JPG
visa,pcb2,test,normal,,test/good/0496.JPG,,data/datasets/visa/pcb2/Data/Images/Normal/0496.JPG
visa,pcb2,test,normal,,test/good/0423.JPG,,data/datasets/visa/pcb2/Data/Images/Normal/0423.JPG
visa,pcb2,test,normal,,test/good/0516.JPG,,data/datasets/visa/pcb2/Data/Images/Normal/0516.JPG
visa,pcb2,test,normal,,test/good/0934.JPG,,data/datasets/visa/pcb2/Data/Images/Normal/0934.JPG
visa,pcb2,test,normal,,test/good/0567.JPG,,data/datasets/visa/pcb2/Data/Images/Normal/0567.JPG
visa,pcb2,test,normal,,test/good/0583.JPG,,data/datasets/visa/pcb2/Data/Images/Normal/0583.JPG
visa,pcb2,test,normal,,test/good/0373.JPG,,data/datasets/visa/pcb2/Data/Images/Normal/0373.JPG
visa,pcb2,test,normal,,test/good/0492.JPG,,data/datasets/visa/pcb2/Data/Images/Normal/0492.JPG
visa,pcb2,test,normal,,test/good/0057.JPG,,data/datasets/visa/pcb2/Data/Images/Normal/0057.JPG
visa,pcb2,test,normal,,test/good/0436.JPG,,data/datasets/visa/pcb2/Data/Images/Normal/0436.JPG
visa,pcb2,test,normal,,test/good/0210.JPG,,data/datasets/visa/pcb2/Data/Images/Normal/0210.JPG
visa,pcb2,test,normal,,test/good/0574.JPG,,data/datasets/visa/pcb2/Data/Images/Normal/0574.JPG
visa,pcb2,test,normal,,test/good/0796.JPG,,data/datasets/visa/pcb2/Data/Images/Normal/0796.JPG
visa,pcb2,test,normal,,test/good/0531.JPG,,data/datasets/visa/pcb2/Data/Images/Normal/0531.JPG
visa,pcb2,test,normal,,test/good/0132.JPG,,data/datasets/visa/pcb2/Data/Images/Normal/0132.JPG
visa,pcb2,test,normal,,test/good/0828.JPG,,data/datasets/visa/pcb2/Data/Images/Normal/0828.JPG
visa,pcb2,test,normal,,test/good/0524.JPG,,data/datasets/visa/pcb2/Data/Images/Normal/0524.JPG
visa,pcb2,test,normal,,test/good/0758.JPG,,data/datasets/visa/pcb2/Data/Images/Normal/0758.JPG
visa,pcb2,test,normal,,test/good/0802.JPG,,data/datasets/visa/pcb2/Data/Images/Normal/0802.JPG
visa,pcb2,test,normal,,test/good/0392.JPG,,data/datasets/visa/pcb2/Data/Images/Normal/0392.JPG
visa,pcb2,test,normal,,test/good/0005.JPG,,data/datasets/visa/pcb2/Data/Images/Normal/0005.JPG
visa,pcb2,test,normal,,test/good/0746.JPG,,data/datasets/visa/pcb2/Data/Images/Normal/0746.JPG
visa,pcb2,test,normal,,test/good/0623.JPG,,data/datasets/visa/pcb2/Data/Images/Normal/0623.JPG
visa,pcb2,test,normal,,test/good/0980.JPG,,data/datasets/visa/pcb2/Data/Images/Normal/0980.JPG
visa,pcb2,test,normal,,test/good/0675.JPG,,data/datasets/visa/pcb2/Data/Images/Normal/0675.JPG
visa,pcb2,test,normal,,test/good/0275.JPG,,data/datasets/visa/pcb2/Data/Images/Normal/0275.JPG
visa,pcb2,test,normal,,test/good/0938.JPG,,data/datasets/visa/pcb2/Data/Images/Normal/0938.JPG
visa,pcb2,test,normal,,test/good/0361.JPG,,data/datasets/visa/pcb2/Data/Images/Normal/0361.JPG
visa,pcb2,test,normal,,test/good/0591.JPG,,data/datasets/visa/pcb2/Data/Images/Normal/0591.JPG
visa,pcb2,test,normal,,test/good/0352.JPG,,data/datasets/visa/pcb2/Data/Images/Normal/0352.JPG
visa,pcb2,test,normal,,test/good/0526.JPG,,data/datasets/visa/pcb2/Data/Images/Normal/0526.JPG
visa,pcb2,test,normal,,test/good/0414.JPG,,data/datasets/visa/pcb2/Data/Images/Normal/0414.JPG
visa,pcb2,test,normal,,test/good/0237.JPG,,data/datasets/visa/pcb2/Data/Images/Normal/0237.JPG
visa,pcb2,test,normal,,test/good/0893.JPG,,data/datasets/visa/pcb2/Data/Images/Normal/0893.JPG
visa,pcb2,test,normal,,test/good/0552.JPG,,data/datasets/visa/pcb2/Data/Images/Normal/0552.JPG
visa,pcb2,test,normal,,test/good/0204.JPG,,data/datasets/visa/pcb2/Data/Images/Normal/0204.JPG
visa,pcb2,test,normal,,test/good/0789.JPG,,data/datasets/visa/pcb2/Data/Images/Normal/0789.JPG
visa,pcb2,test,normal,,test/good/0012.JPG,,data/datasets/visa/pcb2/Data/Images/Normal/0012.JPG
visa,pcb2,test,normal,,test/good/0232.JPG,,data/datasets/visa/pcb2/Data/Images/Normal/0232.JPG
visa,pcb2,test,normal,,test/good/0514.JPG,,data/datasets/visa/pcb2/Data/Images/Normal/0514.JPG
visa,pcb2,test,normal,,test/good/0172.JPG,,data/datasets/visa/pcb2/Data/Images/Normal/0172.JPG
visa,pcb2,test,normal,,test/good/0174.JPG,,data/datasets/visa/pcb2/Data/Images/Normal/0174.JPG
visa,pcb2,test,normal,,test/good/0662.JPG,,data/datasets/visa/pcb2/Data/Images/Normal/0662.JPG
visa,pcb2,test,normal,,test/good/0403.JPG,,data/datasets/visa/pcb2/Data/Images/Normal/0403.JPG
visa,pcb2,test,normal,,test/good/0592.JPG,,data/datasets/visa/pcb2/Data/Images/Normal/0592.JPG
visa,pcb2,test,normal,,test/good/0607.JPG,,data/datasets/visa/pcb2/Data/Images/Normal/0607.JPG
visa,pcb2,test,normal,,test/good/0629.JPG,,data/datasets/visa/pcb2/Data/Images/Normal/0629.JPG
visa,pcb2,test,normal,,test/good/0868.JPG,,data/datasets/visa/pcb2/Data/Images/Normal/0868.JPG
visa,pcb2,test,normal,,test/good/0720.JPG,,data/datasets/visa/pcb2/Data/Images/Normal/0720.JPG
visa,pcb2,test,normal,,test/good/0315.JPG,,data/datasets/visa/pcb2/Data/Images/Normal/0315.JPG
visa,pcb2,test,normal,,test/good/0044.JPG,,data/datasets/visa/pcb2/Data/Images/Normal/0044.JPG
visa,pcb2,test,normal,,test/good/0480.JPG,,data/datasets/visa/pcb2/Data/Images/Normal/0480.JPG
visa,pcb2,test,normal,,test/good/0030.JPG,,data/datasets/visa/pcb2/Data/Images/Normal/0030.JPG
visa,pcb2,test,normal,,test/good/0750.JPG,,data/datasets/visa/pcb2/Data/Images/Normal/0750.JPG
visa,pcb2,test,normal,,test/good/0501.JPG,,data/datasets/visa/pcb2/Data/Images/Normal/0501.JPG
visa,pcb2,test,normal,,test/good/0379.JPG,,data/datasets/visa/pcb2/Data/Images/Normal/0379.JPG
visa,pcb2,test,normal,,test/good/0906.JPG,,data/datasets/visa/pcb2/Data/Images/Normal/0906.JPG
visa,pcb2,test,normal,,test/good/0860.JPG,,data/datasets/visa/pcb2/Data/Images/Normal/0860.JPG
visa,pcb2,test,normal,,test/good/0533.JPG,,data/datasets/visa/pcb2/Data/Images/Normal/0533.JPG
visa,pcb2,test,normal,,test/good/0167.JPG,,data/datasets/visa/pcb2/Data/Images/Normal/0167.JPG
visa,pcb2,test,normal,,test/good/0797.JPG,,data/datasets/visa/pcb2/Data/Images/Normal/0797.JPG
visa,pcb2,test,normal,,test/good/0110.JPG,,data/datasets/visa/pcb2/Data/Images/Normal/0110.JPG
visa,pcb2,test,normal,,test/good/0520.JPG,,data/datasets/visa/pcb2/Data/Images/Normal/0520.JPG
visa,pcb2,test,normal,,test/good/0679.JPG,,data/datasets/visa/pcb2/Data/Images/Normal/0679.JPG
visa,pcb2,test,normal,,test/good/0449.JPG,,data/datasets/visa/pcb2/Data/Images/Normal/0449.JPG
visa,pcb2,test,normal,,test/good/0088.JPG,,data/datasets/visa/pcb2/Data/Images/Normal/0088.JPG
visa,pcb2,test,normal,,test/good/0383.JPG,,data/datasets/visa/pcb2/Data/Images/Normal/0383.JPG
visa,pcb2,test,normal,,test/good/0755.JPG,,data/datasets/visa/pcb2/Data/Images/Normal/0755.JPG
visa,pcb2,test,normal,,test/good/0690.JPG,,data/datasets/visa/pcb2/Data/Images/Normal/0690.JPG
visa,pcb2,test,normal,,test/good/0794.JPG,,data/datasets/visa/pcb2/Data/Images/Normal/0794.JPG
visa,pcb2,test,normal,,test/good/0719.JPG,,data/datasets/visa/pcb2/Data/Images/Normal/0719.JPG
visa,pcb2,test,normal,,test/good/0561.JPG,,data/datasets/visa/pcb2/Data/Images/Normal/0561.JPG
visa,pcb2,test,normal,,test/good/0375.JPG,,data/datasets/visa/pcb2/Data/Images/Normal/0375.JPG
visa,pcb2,test,normal,,test/good/0177.JPG,,data/datasets/visa/pcb2/Data/Images/Normal/0177.JPG
visa,pcb2,test,normal,,test/good/0680.JPG,,data/datasets/visa/pcb2/Data/Images/Normal/0680.JPG
visa,pcb2,test,normal,,test/good/0424.JPG,,data/datasets/visa/pcb2/Data/Images/Normal/0424.JPG
visa,pcb2,test,normal,,test/good/0413.JPG,,data/datasets/visa/pcb2/Data/Images/Normal/0413.JPG
visa,pcb2,test,normal,,test/good/0816.JPG,,data/datasets/visa/pcb2/Data/Images/Normal/0816.JPG
visa,pcb2,test,normal,,test/good/0761.JPG,,data/datasets/visa/pcb2/Data/Images/Normal/0761.JPG
visa,pcb2,test,normal,,test/good/0248.JPG,,data/datasets/visa/pcb2/Data/Images/Normal/0248.JPG
visa,pcb2,test,normal,,test/good/0491.JPG,,data/datasets/visa/pcb2/Data/Images/Normal/0491.JPG
visa,pcb2,test,normal,,test/good/0035.JPG,,data/datasets/visa/pcb2/Data/Images/Normal/0035.JPG
visa,pcb2,test,normal,,test/good/0873.JPG,,data/datasets/visa/pcb2/Data/Images/Normal/0873.JPG
visa,pcb2,test,normal,,test/good/0603.JPG,,data/datasets/visa/pcb2/Data/Images/Normal/0603.JPG
visa,pcb2,test,normal,,test/good/0402.JPG,,data/datasets/visa/pcb2/Data/Images/Normal/0402.JPG
visa,pcb2,test,normal,,test/good/0517.JPG,,data/datasets/visa/pcb2/Data/Images/Normal/0517.JPG
visa,pcb2,test,normal,,test/good/0866.JPG,,data/datasets/visa/pcb2/Data/Images/Normal/0866.JPG
visa,pcb2,test,normal,,test/good/0511.JPG,,data/datasets/visa/pcb2/Data/Images/Normal/0511.JPG
visa,pcb2,test,normal,,test/good/0903.JPG,,data/datasets/visa/pcb2/Data/Images/Normal/0903.JPG
visa,pcb2,test,normal,,test/good/0601.JPG,,data/datasets/visa/pcb2/Data/Images/Normal/0601.JPG
visa,pcb2,test,normal,,test/good/0290.JPG,,data/datasets/visa/pcb2/Data/Images/Normal/0290.JPG
visa,pcb2,test,normal,,test/good/0310.JPG,,data/datasets/visa/pcb2/Data/Images/Normal/0310.JPG
visa,pcb2,test,normal,,test/good/0194.JPG,,data/datasets/visa/pcb2/Data/Images/Normal/0194.JPG
visa,pcb2,test,normal,,test/good/0686.JPG,,data/datasets/visa/pcb2/Data/Images/Normal/0686.JPG
visa,pcb2,test,normal,,test/good/0849.JPG,,data/datasets/visa/pcb2/Data/Images/Normal/0849.JPG
visa,pcb2,test,normal,,test/good/0519.JPG,,data/datasets/visa/pcb2/Data/Images/Normal/0519.JPG
visa,pcb2,test,normal,,test/good/0953.JPG,,data/datasets/visa/pcb2/Data/Images/Normal/0953.JPG
visa,pcb2,test,normal,,test/good/0512.JPG,,data/datasets/visa/pcb2/Data/Images/Normal/0512.JPG
visa,pcb2,test,normal,,test/good/0728.JPG,,data/datasets/visa/pcb2/Data/Images/Normal/0728.JPG
visa,pcb2,test,normal,,test/good/0970.JPG,,data/datasets/visa/pcb2/Data/Images/Normal/0970.JPG
visa,pcb2,test,normal,,test/good/0917.JPG,,data/datasets/visa/pcb2/Data/Images/Normal/0917.JPG
visa,pcb2,test,normal,,test/good/0340.JPG,,data/datasets/visa/pcb2/Data/Images/Normal/0340.JPG
visa,pcb2,test,normal,,test/good/0760.JPG,,data/datasets/visa/pcb2/Data/Images/Normal/0760.JPG
visa,pcb2,test,normal,,test/good/0123.JPG,,data/datasets/visa/pcb2/Data/Images/Normal/0123.JPG
visa,pcb2,test,normal,,test/good/0303.JPG,,data/datasets/visa/pcb2/Data/Images/Normal/0303.JPG
visa,pcb2,test,normal,,test/good/0880.JPG,,data/datasets/visa/pcb2/Data/Images/Normal/0880.JPG
visa,pcb2,test,normal,,test/good/0741.JPG,,data/datasets/visa/pcb2/Data/Images/Normal/0741.JPG
visa,pcb2,test,normal,,test/good/0644.JPG,,data/datasets/visa/pcb2/Data/Images/Normal/0644.JPG
visa,pcb2,test,normal,,test/good/0190.JPG,,data/datasets/visa/pcb2/Data/Images/Normal/0190.JPG
visa,pcb2,test,normal,,test/good/0102.JPG,,data/datasets/visa/pcb2/Data/Images/Normal/0102.JPG
visa,pcb2,test,normal,,test/good/0657.JPG,,data/datasets/visa/pcb2/Data/Images/Normal/0657.JPG
visa,pcb2,test,normal,,test/good/0569.JPG,,data/datasets/visa/pcb2/Data/Images/Normal/0569.JPG
visa,pcb2,test,normal,,test/good/0857.JPG,,data/datasets/visa/pcb2/Data/Images/Normal/0857.JPG
visa,pcb2,test,normal,,test/good/0426.JPG,,data/datasets/visa/pcb2/Data/Images/Normal/0426.JPG
visa,pcb2,test,normal,,test/good/0962.JPG,,data/datasets/visa/pcb2/Data/Images/Normal/0962.JPG
visa,pcb2,test,normal,,test/good/0296.JPG,,data/datasets/visa/pcb2/Data/Images/Normal/0296.JPG
visa,pcb2,test,normal,,test/good/0470.JPG,,data/datasets/visa/pcb2/Data/Images/Normal/0470.JPG
visa,pcb2,test,normal,,test/good/0991.JPG,,data/datasets/visa/pcb2/Data/Images/Normal/0991.JPG
visa,pcb2,test,normal,,test/good/0224.JPG,,data/datasets/visa/pcb2/Data/Images/Normal/0224.JPG
visa,pcb2,test,normal,,test/good/0693.JPG,,data/datasets/visa/pcb2/Data/Images/Normal/0693.JPG
visa,pcb2,test,normal,,test/good/0236.JPG,,data/datasets/visa/pcb2/Data/Images/Normal/0236.JPG
visa,pcb2,test,normal,,test/good/0353.JPG,,data/datasets/visa/pcb2/Data/Images/Normal/0353.JPG
visa,pcb2,test,normal,,test/good/0238.JPG,,data/datasets/visa/pcb2/Data/Images/Normal/0238.JPG
visa,pcb2,test,normal,,test/good/0566.JPG,,data/datasets/visa/pcb2/Data/Images/Normal/0566.JPG
visa,pcb2,test,normal,,test/good/0992.JPG,,data/datasets/visa/pcb2/Data/Images/Normal/0992.JPG
visa,pcb2,test,normal,,test/good/0448.JPG,,data/datasets/visa/pcb2/Data/Images/Normal/0448.JPG
visa,pcb2,test,normal,,test/good/0996.JPG,,data/datasets/visa/pcb2/Data/Images/Normal/0996.JPG
visa,pcb2,test,normal,,test/good/0227.JPG,,data/datasets/visa/pcb2/Data/Images/Normal/0227.JPG
visa,pcb2,test,normal,,test/good/0540.JPG,,data/datasets/visa/pcb2/Data/Images/Normal/0540.JPG
visa,pcb2,test,normal,,test/good/0982.JPG,,data/datasets/visa/pcb2/Data/Images/Normal/0982.JPG
visa,pcb2,test,normal,,test/good/0743.JPG,,data/datasets/visa/pcb2/Data/Images/Normal/0743.JPG
visa,pcb2,test,normal,,test/good/0432.JPG,,data/datasets/visa/pcb2/Data/Images/Normal/0432.JPG
visa,pcb2,test,normal,,test/good/0221.JPG,,data/datasets/visa/pcb2/Data/Images/Normal/0221.JPG
visa,pcb2,test,normal,,test/good/0702.JPG,,data/datasets/visa/pcb2/Data/Images/Normal/0702.JPG
visa,pcb2,test,normal,,test/good/0390.JPG,,data/datasets/visa/pcb2/Data/Images/Normal/0390.JPG
visa,pcb2,test,normal,,test/good/0902.JPG,,data/datasets/visa/pcb2/Data/Images/Normal/0902.JPG
visa,pcb2,test,normal,,test/good/0009.JPG,,data/datasets/visa/pcb2/Data/Images/Normal/0009.JPG
visa,pcb2,test,normal,,test/good/0554.JPG,,data/datasets/visa/pcb2/Data/Images/Normal/0554.JPG
visa,pcb2,test,normal,,test/good/0665.JPG,,data/datasets/visa/pcb2/Data/Images/Normal/0665.JPG
visa,pcb2,test,normal,,test/good/0026.JPG,,data/datasets/visa/pcb2/Data/Images/Normal/0026.JPG
visa,pcb2,test,normal,,test/good/0022.JPG,,data/datasets/visa/pcb2/Data/Images/Normal/0022.JPG
visa,pcb2,test,normal,,test/good/0031.JPG,,data/datasets/visa/pcb2/Data/Images/Normal/0031.JPG
visa,pcb2,test,normal,,test/good/0325.JPG,,data/datasets/visa/pcb2/Data/Images/Normal/0325.JPG
visa,pcb2,test,normal,,test/good/0923.JPG,,data/datasets/visa/pcb2/Data/Images/Normal/0923.JPG
visa,pcb2,test,normal,,test/good/0104.JPG,,data/datasets/visa/pcb2/Data/Images/Normal/0104.JPG
visa,pcb2,test,normal,,test/good/0605.JPG,,data/datasets/visa/pcb2/Data/Images/Normal/0605.JPG
visa,pcb2,test,normal,,test/good/0234.JPG,,data/datasets/visa/pcb2/Data/Images/Normal/0234.JPG
visa,pcb2,test,normal,,test/good/0997.JPG,,data/datasets/visa/pcb2/Data/Images/Normal/0997.JPG
visa,pcb2,test,normal,,test/good/0738.JPG,,data/datasets/visa/pcb2/Data/Images/Normal/0738.JPG
visa,pcb2,test,normal,,test/good/0272.JPG,,data/datasets/visa/pcb2/Data/Images/Normal/0272.JPG
visa,pcb2,test,normal,,test/good/0456.JPG,,data/datasets/visa/pcb2/Data/Images/Normal/0456.JPG
visa,pcb2,test,normal,,test/good/0712.JPG,,data/datasets/visa/pcb2/Data/Images/Normal/0712.JPG
visa,pcb2,test,normal,,test/good/0002.JPG,,data/datasets/visa/pcb2/Data/Images/Normal/0002.JPG
visa,pcb2,test,normal,,test/good/0785.JPG,,data/datasets/visa/pcb2/Data/Images/Normal/0785.JPG
visa,pcb2,test,normal,,test/good/0780.JPG,,data/datasets/visa/pcb2/Data/Images/Normal/0780.JPG
visa,pcb2,test,normal,,test/good/0622.JPG,,data/datasets/visa/pcb2/Data/Images/Normal/0622.JPG
visa,pcb2,test,normal,,test/good/0443.JPG,,data/datasets/visa/pcb2/Data/Images/Normal/0443.JPG
visa,pcb2,test,normal,,test/good/0399.JPG,,data/datasets/visa/pcb2/Data/Images/Normal/0399.JPG
visa,pcb2,test,normal,,test/good/0855.JPG,,data/datasets/visa/pcb2/Data/Images/Normal/0855.JPG
visa,pcb2,test,normal,,test/good/0914.JPG,,data/datasets/visa/pcb2/Data/Images/Normal/0914.JPG
visa,pcb2,test,normal,,test/good/0029.JPG,,data/datasets/visa/pcb2/Data/Images/Normal/0029.JPG
visa,pcb2,test,normal,,test/good/0499.JPG,,data/datasets/visa/pcb2/Data/Images/Normal/0499.JPG
visa,pcb2,test,normal,,test/good/0096.JPG,,data/datasets/visa/pcb2/Data/Images/Normal/0096.JPG
visa,pcb2,test,normal,,test/good/0214.JPG,,data/datasets/visa/pcb2/Data/Images/Normal/0214.JPG
visa,pcb2,test,normal,,test/good/0807.JPG,,data/datasets/visa/pcb2/Data/Images/Normal/0807.JPG
visa,pcb2,test,normal,,test/good/0388.JPG,,data/datasets/visa/pcb2/Data/Images/Normal/0388.JPG
visa,pcb2,test,normal,,test/good/0667.JPG,,data/datasets/visa/pcb2/Data/Images/Normal/0667.JPG
visa,pcb2,test,normal,,test/good/0483.JPG,,data/datasets/visa/pcb2/Data/Images/Normal/0483.JPG
visa,pcb2,test,normal,,test/good/0460.JPG,,data/datasets/visa/pcb2/Data/Images/Normal/0460.JPG
visa,pcb2,test,normal,,test/good/0779.JPG,,data/datasets/visa/pcb2/Data/Images/Normal/0779.JPG
visa,pcb2,test,normal,,test/good/0507.JPG,,data/datasets/visa/pcb2/Data/Images/Normal/0507.JPG
visa,pcb2,test,normal,,test/good/0120.JPG,,data/datasets/visa/pcb2/Data/Images/Normal/0120.JPG
visa,pcb2,test,normal,,test/good/0261.JPG,,data/datasets/visa/pcb2/Data/Images/Normal/0261.JPG
visa,pcb2,test,normal,,test/good/0064.JPG,,data/datasets/visa/pcb2/Data/Images/Normal/0064.JPG
visa,pcb2,test,normal,,test/good/0782.JPG,,data/datasets/visa/pcb2/Data/Images/Normal/0782.JPG
visa,pcb2,test,normal,,test/good/0821.JPG,,data/datasets/visa/pcb2/Data/Images/Normal/0821.JPG
visa,pcb2,test,normal,,test/good/0867.JPG,,data/datasets/visa/pcb2/Data/Images/Normal/0867.JPG
visa,pcb2,test,normal,,test/good/0582.JPG,,data/datasets/visa/pcb2/Data/Images/Normal/0582.JPG
visa,pcb2,test,normal,,test/good/0137.JPG,,data/datasets/visa/pcb2/Data/Images/Normal/0137.JPG
visa,pcb2,test,anomaly,,test/anomaly/022.JPG,test/masks/022.png,data/datasets/visa/pcb2/Data/Images/Anomaly/022.JPG
visa,pcb2,test,anomaly,,test/anomaly/014.JPG,test/masks/014.png,data/datasets/visa/pcb2/Data/Images/Anomaly/014.JPG
visa,pcb2,test,anomaly,,test/anomaly/035.JPG,test/masks/035.png,data/datasets/visa/pcb2/Data/Images/Anomaly/035.JPG
visa,pcb2,test,anomaly,,test/anomaly/093.JPG,test/masks/093.png,data/datasets/visa/pcb2/Data/Images/Anomaly/093.JPG
visa,pcb2,test,anomaly,,test/anomaly/056.JPG,test/masks/056.png,data/datasets/visa/pcb2/Data/Images/Anomaly/056.JPG
visa,pcb2,test,anomaly,,test/anomaly/028.JPG,test/masks/028.png,data/datasets/visa/pcb2/Data/Images/Anomaly/028.JPG
visa,pcb2,test,anomaly,,test/anomaly/098.JPG,test/masks/098.png,data/datasets/visa/pcb2/Data/Images/Anomaly/098.JPG
visa,pcb2,test,anomaly,,test/anomaly/054.JPG,test/masks/054.png,data/datasets/visa/pcb2/Data/Images/Anomaly/054.JPG
visa,pcb2,test,anomaly,,test/anomaly/027.JPG,test/masks/027.png,data/datasets/visa/pcb2/Data/Images/Anomaly/027.JPG
visa,pcb2,test,anomaly,,test/anomaly/089.JPG,test/masks/089.png,data/datasets/visa/pcb2/Data/Images/Anomaly/089.JPG
visa,pcb2,test,anomaly,,test/anomaly/001.JPG,test/masks/001.png,data/datasets/visa/pcb2/Data/Images/Anomaly/001.JPG
visa,pcb2,test,anomaly,,test/anomaly/069.JPG,test/masks/069.png,data/datasets/visa/pcb2/Data/Images/Anomaly/069.JPG
visa,pcb2,test,anomaly,,test/anomaly/074.JPG,test/masks/074.png,data/datasets/visa/pcb2/Data/Images/Anomaly/074.JPG
visa,pcb2,test,anomaly,,test/anomaly/002.JPG,test/masks/002.png,data/datasets/visa/pcb2/Data/Images/Anomaly/002.JPG
visa,pcb2,test,anomaly,,test/anomaly/085.JPG,test/masks/085.png,data/datasets/visa/pcb2/Data/Images/Anomaly/085.JPG
visa,pcb2,test,anomaly,,test/anomaly/040.JPG,test/masks/040.png,data/datasets/visa/pcb2/Data/Images/Anomaly/040.JPG
visa,pcb2,test,anomaly,,test/anomaly/013.JPG,test/masks/013.png,data/datasets/visa/pcb2/Data/Images/Anomaly/013.JPG
visa,pcb2,test,anomaly,,test/anomaly/075.JPG,test/masks/075.png,data/datasets/visa/pcb2/Data/Images/Anomaly/075.JPG
visa,pcb2,test,anomaly,,test/anomaly/029.JPG,test/masks/029.png,data/datasets/visa/pcb2/Data/Images/Anomaly/029.JPG
visa,pcb2,test,anomaly,,test/anomaly/034.JPG,test/masks/034.png,data/datasets/visa/pcb2/Data/Images/Anomaly/034.JPG
visa,pcb2,test,anomaly,,test/anomaly/092.JPG,test/masks/092.png,data/datasets/visa/pcb2/Data/Images/Anomaly/092.JPG
visa,pcb2,test,anomaly,,test/anomaly/000.JPG,test/masks/000.png,data/datasets/visa/pcb2/Data/Images/Anomaly/000.JPG
visa,pcb2,test,anomaly,,test/anomaly/077.JPG,test/masks/077.png,data/datasets/visa/pcb2/Data/Images/Anomaly/077.JPG
visa,pcb2,test,anomaly,,test/anomaly/055.JPG,test/masks/055.png,data/datasets/visa/pcb2/Data/Images/Anomaly/055.JPG
visa,pcb2,test,anomaly,,test/anomaly/049.JPG,test/masks/049.png,data/datasets/visa/pcb2/Data/Images/Anomaly/049.JPG
visa,pcb2,test,anomaly,,test/anomaly/003.JPG,test/masks/003.png,data/datasets/visa/pcb2/Data/Images/Anomaly/003.JPG
visa,pcb2,test,anomaly,,test/anomaly/062.JPG,test/masks/062.png,data/datasets/visa/pcb2/Data/Images/Anomaly/062.JPG
visa,pcb2,test,anomaly,,test/anomaly/012.JPG,test/masks/012.png,data/datasets/visa/pcb2/Data/Images/Anomaly/012.JPG
visa,pcb2,test,anomaly,,test/anomaly/026.JPG,test/masks/026.png,data/datasets/visa/pcb2/Data/Images/Anomaly/026.JPG
visa,pcb2,test,anomaly,,test/anomaly/048.JPG,test/masks/048.png,data/datasets/visa/pcb2/Data/Images/Anomaly/048.JPG
visa,pcb2,test,anomaly,,test/anomaly/083.JPG,test/masks/083.png,data/datasets/visa/pcb2/Data/Images/Anomaly/083.JPG
visa,pcb2,test,anomaly,,test/anomaly/060.JPG,test/masks/060.png,data/datasets/visa/pcb2/Data/Images/Anomaly/060.JPG
visa,pcb2,test,anomaly,,test/anomaly/057.JPG,test/masks/057.png,data/datasets/visa/pcb2/Data/Images/Anomaly/057.JPG
visa,pcb2,test,anomaly,,test/anomaly/063.JPG,test/masks/063.png,data/datasets/visa/pcb2/Data/Images/Anomaly/063.JPG
visa,pcb2,test,anomaly,,test/anomaly/015.JPG,test/masks/015.png,data/datasets/visa/pcb2/Data/Images/Anomaly/015.JPG
visa,pcb2,test,anomaly,,test/anomaly/032.JPG,test/masks/032.png,data/datasets/visa/pcb2/Data/Images/Anomaly/032.JPG
visa,pcb2,test,anomaly,,test/anomaly/008.JPG,test/masks/008.png,data/datasets/visa/pcb2/Data/Images/Anomaly/008.JPG
visa,pcb2,test,anomaly,,test/anomaly/097.JPG,test/masks/097.png,data/datasets/visa/pcb2/Data/Images/Anomaly/097.JPG
visa,pcb2,test,anomaly,,test/anomaly/072.JPG,test/masks/072.png,data/datasets/visa/pcb2/Data/Images/Anomaly/072.JPG
visa,pcb2,test,anomaly,,test/anomaly/017.JPG,test/masks/017.png,data/datasets/visa/pcb2/Data/Images/Anomaly/017.JPG
visa,pcb3,train,normal,,train/good/0944.JPG,,data/datasets/visa/pcb3/Data/Images/Normal/0944.JPG
visa,pcb3,train,normal,,train/good/0049.JPG,,data/datasets/visa/pcb3/Data/Images/Normal/0049.JPG
visa,pcb3,train,normal,,train/good/0959.JPG,,data/datasets/visa/pcb3/Data/Images/Normal/0959.JPG
visa,pcb3,train,normal,,train/good/0073.JPG,,data/datasets/visa/pcb3/Data/Images/Normal/0073.JPG
visa,pcb3,train,normal,,train/good/0155.JPG,,data/datasets/visa/pcb3/Data/Images/Normal/0155.JPG
visa,pcb3,train,normal,,train/good/0047.JPG,,data/datasets/visa/pcb3/Data/Images/Normal/0047.JPG
visa,pcb3,train,normal,,train/good/0484.JPG,,data/datasets/visa/pcb3/Data/Images/Normal/0484.JPG
visa,pcb3,train,normal,,train/good/0635.JPG,,data/datasets/visa/pcb3/Data/Images/Normal/0635.JPG
visa,pcb3,train,normal,,train/good/0418.JPG,,data/datasets/visa/pcb3/Data/Images/Normal/0418.JPG
visa,pcb3,train,normal,,train/good/0685.JPG,,data/datasets/visa/pcb3/Data/Images/Normal/0685.JPG
visa,pcb3,train,normal,,train/good/0479.JPG,,data/datasets/visa/pcb3/Data/Images/Normal/0479.JPG
visa,pcb3,train,normal,,train/good/0754.JPG,,data/datasets/visa/pcb3/Data/Images/Normal/0754.JPG
visa,pcb3,train,normal,,train/good/0612.JPG,,data/datasets/visa/pcb3/Data/Images/Normal/0612.JPG
visa,pcb3,train,normal,,train/good/0477.JPG,,data/datasets/visa/pcb3/Data/Images/Normal/0477.JPG
visa,pcb3,train,normal,,train/good/0964.JPG,,data/datasets/visa/pcb3/Data/Images/Normal/0964.JPG
visa,pcb3,train,normal,,train/good/0632.JPG,,data/datasets/visa/pcb3/Data/Images/Normal/0632.JPG
visa,pcb3,train,normal,,train/good/1005.JPG,,data/datasets/visa/pcb3/Data/Images/Normal/1005.JPG
visa,pcb3,train,normal,,train/good/0082.JPG,,data/datasets/visa/pcb3/Data/Images/Normal/0082.JPG
visa,pcb3,train,normal,,train/good/0634.JPG,,data/datasets/visa/pcb3/Data/Images/Normal/0634.JPG
visa,pcb3,train,normal,,train/good/0271.JPG,,data/datasets/visa/pcb3/Data/Images/Normal/0271.JPG
visa,pcb3,train,normal,,train/good/0853.JPG,,data/datasets/visa/pcb3/Data/Images/Normal/0853.JPG
visa,pcb3,train,normal,,train/good/0146.JPG,,data/datasets/visa/pcb3/Data/Images/Normal/0146.JPG
visa,pcb3,train,normal,,train/good/0925.JPG,,data/datasets/visa/pcb3/Data/Images/Normal/0925.JPG
visa,pcb3,train,normal,,train/good/0131.JPG,,data/datasets/visa/pcb3/Data/Images/Normal/0131.JPG
visa,pcb3,train,normal,,train/good/0293.JPG,,data/datasets/visa/pcb3/Data/Images/Normal/0293.JPG
visa,pcb3,train,normal,,train/good/0219.JPG,,data/datasets/visa/pcb3/Data/Images/Normal/0219.JPG
visa,pcb3,train,normal,,train/good/0095.JPG,,data/datasets/visa/pcb3/Data/Images/Normal/0095.JPG
visa,pcb3,train,normal,,train/good/0034.JPG,,data/datasets/visa/pcb3/Data/Images/Normal/0034.JPG
visa,pcb3,train,normal,,train/good/0695.JPG,,data/datasets/visa/pcb3/Data/Images/Normal/0695.JPG
visa,pcb3,train,normal,,train/good/0810.JPG,,data/datasets/visa/pcb3/Data/Images/Normal/0810.JPG
visa,pcb3,train,normal,,train/good/0316.JPG,,data/datasets/visa/pcb3/Data/Images/Normal/0316.JPG
visa,pcb3,train,normal,,train/good/0143.JPG,,data/datasets/visa/pcb3/Data/Images/Normal/0143.JPG
visa,pcb3,train,normal,,train/good/0176.JPG,,data/datasets/visa/pcb3/Data/Images/Normal/0176.JPG
visa,pcb3,train,normal,,train/good/0394.JPG,,data/datasets/visa/pcb3/Data/Images/Normal/0394.JPG
visa,pcb3,train,normal,,train/good/0985.JPG,,data/datasets/visa/pcb3/Data/Images/Normal/0985.JPG
visa,pcb3,train,normal,,train/good/0338.JPG,,data/datasets/visa/pcb3/Data/Images/Normal/0338.JPG
visa,pcb3,train,normal,,train/good/0370.JPG,,data/datasets/visa/pcb3/Data/Images/Normal/0370.JPG
visa,pcb3,train,normal,,train/good/0180.JPG,,data/datasets/visa/pcb3/Data/Images/Normal/0180.JPG
visa,pcb3,train,normal,,train/good/0831.JPG,,data/datasets/visa/pcb3/Data/Images/Normal/0831.JPG
visa,pcb3,train,normal,,train/good/0356.JPG,,data/datasets/visa/pcb3/Data/Images/Normal/0356.JPG
visa,pcb3,train,normal,,train/good/0542.JPG,,data/datasets/visa/pcb3/Data/Images/Normal/0542.JPG
visa,pcb3,train,normal,,train/good/0609.JPG,,data/datasets/visa/pcb3/Data/Images/Normal/0609.JPG
visa,pcb3,train,normal,,train/good/0407.JPG,,data/datasets/visa/pcb3/Data/Images/Normal/0407.JPG
visa,pcb3,train,normal,,train/good/0640.JPG,,data/datasets/visa/pcb3/Data/Images/Normal/0640.JPG
visa,pcb3,train,normal,,train/good/0502.JPG,,data/datasets/visa/pcb3/Data/Images/Normal/0502.JPG
visa,pcb3,train,normal,,train/good/0973.JPG,,data/datasets/visa/pcb3/Data/Images/Normal/0973.JPG
visa,pcb3,train,normal,,train/good/0550.JPG,,data/datasets/visa/pcb3/Data/Images/Normal/0550.JPG
visa,pcb3,train,normal,,train/good/0699.JPG,,data/datasets/visa/pcb3/Data/Images/Normal/0699.JPG
visa,pcb3,train,normal,,train/good/0241.JPG,,data/datasets/visa/pcb3/Data/Images/Normal/0241.JPG
visa,pcb3,train,normal,,train/good/0788.JPG,,data/datasets/visa/pcb3/Data/Images/Normal/0788.JPG
visa,pcb3,train,normal,,train/good/0233.JPG,,data/datasets/visa/pcb3/Data/Images/Normal/0233.JPG
visa,pcb3,train,normal,,train/good/0437.JPG,,data/datasets/visa/pcb3/Data/Images/Normal/0437.JPG
visa,pcb3,train,normal,,train/good/0839.JPG,,data/datasets/visa/pcb3/Data/Images/Normal/0839.JPG
visa,pcb3,train,normal,,train/good/1004.JPG,,data/datasets/visa/pcb3/Data/Images/Normal/1004.JPG
visa,pcb3,train,normal,,train/good/0765.JPG,,data/datasets/visa/pcb3/Data/Images/Normal/0765.JPG
visa,pcb3,train,normal,,train/good/0535.JPG,,data/datasets/visa/pcb3/Data/Images/Normal/0535.JPG
visa,pcb3,train,normal,,train/good/0600.JPG,,data/datasets/visa/pcb3/Data/Images/Normal/0600.JPG
visa,pcb3,train,normal,,train/good/0391.JPG,,data/datasets/visa/pcb3/Data/Images/Normal/0391.JPG
visa,pcb3,train,normal,,train/good/0037.JPG,,data/datasets/visa/pcb3/Data/Images/Normal/0037.JPG
visa,pcb3,train,normal,,train/good/0921.JPG,,data/datasets/visa/pcb3/Data/Images/Normal/0921.JPG
visa,pcb3,train,normal,,train/good/0732.JPG,,data/datasets/visa/pcb3/Data/Images/Normal/0732.JPG
visa,pcb3,train,normal,,train/good/0787.JPG,,data/datasets/visa/pcb3/Data/Images/Normal/0787.JPG
visa,pcb3,train,normal,,train/good/0052.JPG,,data/datasets/visa/pcb3/Data/Images/Normal/0052.JPG
visa,pcb3,train,normal,,train/good/0206.JPG,,data/datasets/visa/pcb3/Data/Images/Normal/0206.JPG
visa,pcb3,train,normal,,train/good/0549.JPG,,data/datasets/visa/pcb3/Data/Images/Normal/0549.JPG
visa,pcb3,train,normal,,train/good/0806.JPG,,data/datasets/visa/pcb3/Data/Images/Normal/0806.JPG
visa,pcb3,train,normal,,train/good/0771.JPG,,data/datasets/visa/pcb3/Data/Images/Normal/0771.JPG
visa,pcb3,train,normal,,train/good/0385.JPG,,data/datasets/visa/pcb3/Data/Images/Normal/0385.JPG
visa,pcb3,train,normal,,train/good/0125.JPG,,data/datasets/visa/pcb3/Data/Images/Normal/0125.JPG
visa,pcb3,train,normal,,train/good/0897.JPG,,data/datasets/visa/pcb3/Data/Images/Normal/0897.JPG
visa,pcb3,train,normal,,train/good/0988.JPG,,data/datasets/visa/pcb3/Data/Images/Normal/0988.JPG
visa,pcb3,train,normal,,train/good/0811.JPG,,data/datasets/visa/pcb3/Data/Images/Normal/0811.JPG
visa,pcb3,train,normal,,train/good/0714.JPG,,data/datasets/visa/pcb3/Data/Images/Normal/0714.JPG
visa,pcb3,train,normal,,train/good/0523.JPG,,data/datasets/visa/pcb3/Data/Images/Normal/0523.JPG
visa,pcb3,train,normal,,train/good/0309.JPG,,data/datasets/visa/pcb3/Data/Images/Normal/0309.JPG
visa,pcb3,train,normal,,train/good/0906.JPG,,data/datasets/visa/pcb3/Data/Images/Normal/0906.JPG
visa,pcb3,train,normal,,train/good/0231.JPG,,data/datasets/visa/pcb3/Data/Images/Normal/0231.JPG
visa,pcb3,train,normal,,train/good/0915.JPG,,data/datasets/visa/pcb3/Data/Images/Normal/0915.JPG
visa,pcb3,train,normal,,train/good/0244.JPG,,data/datasets/visa/pcb3/Data/Images/Normal/0244.JPG
visa,pcb3,train,normal,,train/good/0844.JPG,,data/datasets/visa/pcb3/Data/Images/Normal/0844.JPG
visa,pcb3,train,normal,,train/good/0197.JPG,,data/datasets/visa/pcb3/Data/Images/Normal/0197.JPG
visa,pcb3,train,normal,,train/good/0004.JPG,,data/datasets/visa/pcb3/Data/Images/Normal/0004.JPG
visa,pcb3,train,normal,,train/good/0671.JPG,,data/datasets/visa/pcb3/Data/Images/Normal/0671.JPG
visa,pcb3,train,normal,,train/good/0950.JPG,,data/datasets/visa/pcb3/Data/Images/Normal/0950.JPG
visa,pcb3,train,normal,,train/good/0147.JPG,,data/datasets/visa/pcb3/Data/Images/Normal/0147.JPG
visa,pcb3,train,normal,,train/good/0846.JPG,,data/datasets/visa/pcb3/Data/Images/Normal/0846.JPG
visa,pcb3,train,normal,,train/good/0487.JPG,,data/datasets/visa/pcb3/Data/Images/Normal/0487.JPG
visa,pcb3,train,normal,,train/good/0911.JPG,,data/datasets/visa/pcb3/Data/Images/Normal/0911.JPG
visa,pcb3,train,normal,,train/good/0837.JPG,,data/datasets/visa/pcb3/Data/Images/Normal/0837.JPG
visa,pcb3,train,normal,,train/good/0652.JPG,,data/datasets/visa/pcb3/Data/Images/Normal/0652.JPG
visa,pcb3,train,normal,,train/good/0169.JPG,,data/datasets/visa/pcb3/Data/Images/Normal/0169.JPG
visa,pcb3,train,normal,,train/good/0409.JPG,,data/datasets/visa/pcb3/Data/Images/Normal/0409.JPG
visa,pcb3,train,normal,,train/good/0954.JPG,,data/datasets/visa/pcb3/Data/Images/Normal/0954.JPG
visa,pcb3,train,normal,,train/good/0013.JPG,,data/datasets/visa/pcb3/Data/Images/Normal/0013.JPG
visa,pcb3,train,normal,,train/good/0708.JPG,,data/datasets/visa/pcb3/Data/Images/Normal/0708.JPG
visa,pcb3,train,normal,,train/good/0848.JPG,,data/datasets/visa/pcb3/Data/Images/Normal/0848.JPG
visa,pcb3,train,normal,,train/good/0446.JPG,,data/datasets/visa/pcb3/Data/Images/Normal/0446.JPG
visa,pcb3,train,normal,,train/good/0267.JPG,,data/datasets/visa/pcb3/Data/Images/Normal/0267.JPG
visa,pcb3,train,normal,,train/good/0360.JPG,,data/datasets/visa/pcb3/Data/Images/Normal/0360.JPG
visa,pcb3,train,normal,,train/good/0107.JPG,,data/datasets/visa/pcb3/Data/Images/Normal/0107.JPG
visa,pcb3,train,normal,,train/good/0908.JPG,,data/datasets/visa/pcb3/Data/Images/Normal/0908.JPG
visa,pcb3,train,normal,,train/good/0877.JPG,,data/datasets/visa/pcb3/Data/Images/Normal/0877.JPG
visa,pcb3,train,normal,,train/good/0345.JPG,,data/datasets/visa/pcb3/Data/Images/Normal/0345.JPG
visa,pcb3,train,normal,,train/good/0989.JPG,,data/datasets/visa/pcb3/Data/Images/Normal/0989.JPG
visa,pcb3,train,normal,,train/good/0581.JPG,,data/datasets/visa/pcb3/Data/Images/Normal/0581.JPG
visa,pcb3,train,normal,,train/good/0358.JPG,,data/datasets/visa/pcb3/Data/Images/Normal/0358.JPG
visa,pcb3,train,normal,,train/good/0998.JPG,,data/datasets/visa/pcb3/Data/Images/Normal/0998.JPG
visa,pcb3,train,normal,,train/good/0144.JPG,,data/datasets/visa/pcb3/Data/Images/Normal/0144.JPG
visa,pcb3,train,normal,,train/good/0452.JPG,,data/datasets/visa/pcb3/Data/Images/Normal/0452.JPG
visa,pcb3,train,normal,,train/good/0451.JPG,,data/datasets/visa/pcb3/Data/Images/Normal/0451.JPG
visa,pcb3,train,normal,,train/good/0558.JPG,,data/datasets/visa/pcb3/Data/Images/Normal/0558.JPG
visa,pcb3,train,normal,,train/good/0350.JPG,,data/datasets/visa/pcb3/Data/Images/Normal/0350.JPG
visa,pcb3,train,normal,,train/good/0889.JPG,,data/datasets/visa/pcb3/Data/Images/Normal/0889.JPG
visa,pcb3,train,normal,,train/good/0058.JPG,,data/datasets/visa/pcb3/Data/Images/Normal/0058.JPG
visa,pcb3,train,normal,,train/good/0801.JPG,,data/datasets/visa/pcb3/Data/Images/Normal/0801.JPG
visa,pcb3,train,normal,,train/good/0907.JPG,,data/datasets/visa/pcb3/Data/Images/Normal/0907.JPG
visa,pcb3,train,normal,,train/good/0357.JPG,,data/datasets/visa/pcb3/Data/Images/Normal/0357.JPG
visa,pcb3,train,normal,,train/good/0510.JPG,,data/datasets/visa/pcb3/Data/Images/Normal/0510.JPG
visa,pcb3,train,normal,,train/good/0641.JPG,,data/datasets/visa/pcb3/Data/Images/Normal/0641.JPG
visa,pcb3,train,normal,,train/good/0121.JPG,,data/datasets/visa/pcb3/Data/Images/Normal/0121.JPG
visa,pcb3,train,normal,,train/good/0481.JPG,,data/datasets/visa/pcb3/Data/Images/Normal/0481.JPG
visa,pcb3,train,normal,,train/good/0368.JPG,,data/datasets/visa/pcb3/Data/Images/Normal/0368.JPG
visa,pcb3,train,normal,,train/good/0362.JPG,,data/datasets/visa/pcb3/Data/Images/Normal/0362.JPG
visa,pcb3,train,normal,,train/good/0753.JPG,,data/datasets/visa/pcb3/Data/Images/Normal/0753.JPG
visa,pcb3,train,normal,,train/good/0602.JPG,,data/datasets/visa/pcb3/Data/Images/Normal/0602.JPG
visa,pcb3,train,normal,,train/good/0498.JPG,,data/datasets/visa/pcb3/Data/Images/Normal/0498.JPG
visa,pcb3,train,normal,,train/good/0438.JPG,,data/datasets/visa/pcb3/Data/Images/Normal/0438.JPG
visa,pcb3,train,normal,,train/good/0894.JPG,,data/datasets/visa/pcb3/Data/Images/Normal/0894.JPG
visa,pcb3,train,normal,,train/good/0910.JPG,,data/datasets/visa/pcb3/Data/Images/Normal/0910.JPG
visa,pcb3,train,normal,,train/good/0879.JPG,,data/datasets/visa/pcb3/Data/Images/Normal/0879.JPG
visa,pcb3,train,normal,,train/good/0870.JPG,,data/datasets/visa/pcb3/Data/Images/Normal/0870.JPG
visa,pcb3,train,normal,,train/good/0386.JPG,,data/datasets/visa/pcb3/Data/Images/Normal/0386.JPG
visa,pcb3,train,normal,,train/good/0817.JPG,,data/datasets/visa/pcb3/Data/Images/Normal/0817.JPG
visa,pcb3,train,normal,,train/good/0007.JPG,,data/datasets/visa/pcb3/Data/Images/Normal/0007.JPG
visa,pcb3,train,normal,,train/good/0852.JPG,,data/datasets/visa/pcb3/Data/Images/Normal/0852.JPG
visa,pcb3,train,normal,,train/good/0636.JPG,,data/datasets/visa/pcb3/Data/Images/Normal/0636.JPG
visa,pcb3,train,normal,,train/good/0056.JPG,,data/datasets/visa/pcb3/Data/Images/Normal/0056.JPG
visa,pcb3,train,normal,,train/good/0888.JPG,,data/datasets/visa/pcb3/Data/Images/Normal/0888.JPG
visa,pcb3,train,normal,,train/good/0692.JPG,,data/datasets/visa/pcb3/Data/Images/Normal/0692.JPG
visa,pcb3,train,normal,,train/good/0648.JPG,,data/datasets/visa/pcb3/Data/Images/Normal/0648.JPG
visa,pcb3,train,normal,,train/good/0875.JPG,,data/datasets/visa/pcb3/Data/Images/Normal/0875.JPG
visa,pcb3,train,normal,,train/good/0884.JPG,,data/datasets/visa/pcb3/Data/Images/Normal/0884.JPG
visa,pcb3,train,normal,,train/good/0100.JPG,,data/datasets/visa/pcb3/Data/Images/Normal/0100.JPG
visa,pcb3,train,normal,,train/good/0059.JPG,,data/datasets/visa/pcb3/Data/Images/Normal/0059.JPG
visa,pcb3,train,normal,,train/good/0474.JPG,,data/datasets/visa/pcb3/Data/Images/Normal/0474.JPG
visa,pcb3,train,normal,,train/good/0872.JPG,,data/datasets/visa/pcb3/Data/Images/Normal/0872.JPG
visa,pcb3,train,normal,,train/good/0660.JPG,,data/datasets/visa/pcb3/Data/Images/Normal/0660.JPG
visa,pcb3,train,normal,,train/good/0509.JPG,,data/datasets/visa/pcb3/Data/Images/Normal/0509.JPG
visa,pcb3,train,normal,,train/good/0186.JPG,,data/datasets/visa/pcb3/Data/Images/Normal/0186.JPG
visa,pcb3,train,normal,,train/good/0285.JPG,,data/datasets/visa/pcb3/Data/Images/Normal/0285.JPG
visa,pcb3,train,normal,,train/good/0730.JPG,,data/datasets/visa/pcb3/Data/Images/Normal/0730.JPG
visa,pcb3,train,normal,,train/good/0703.JPG,,data/datasets/visa/pcb3/Data/Images/Normal/0703.JPG
visa,pcb3,train,normal,,train/good/0960.JPG,,data/datasets/visa/pcb3/Data/Images/Normal/0960.JPG
visa,pcb3,train,normal,,train/good/0883.JPG,,data/datasets/visa/pcb3/Data/Images/Normal/0883.JPG
visa,pcb3,train,normal,,train/good/0538.JPG,,data/datasets/visa/pcb3/Data/Images/Normal/0538.JPG
visa,pcb3,train,normal,,train/good/0019.JPG,,data/datasets/visa/pcb3/Data/Images/Normal/0019.JPG
visa,pcb3,train,normal,,train/good/0260.JPG,,data/datasets/visa/pcb3/Data/Images/Normal/0260.JPG
visa,pcb3,train,normal,,train/good/0068.JPG,,data/datasets/visa/pcb3/Data/Images/Normal/0068.JPG
visa,pcb3,train,normal,,train/good/0798.JPG,,data/datasets/visa/pcb3/Data/Images/Normal/0798.JPG
visa,pcb3,train,normal,,train/good/0284.JPG,,data/datasets/visa/pcb3/Data/Images/Normal/0284.JPG
visa,pcb3,train,normal,,train/good/0216.JPG,,data/datasets/visa/pcb3/Data/Images/Normal/0216.JPG
visa,pcb3,train,normal,,train/good/0947.JPG,,data/datasets/visa/pcb3/Data/Images/Normal/0947.JPG
visa,pcb3,train,normal,,train/good/0053.JPG,,data/datasets/visa/pcb3/Data/Images/Normal/0053.JPG
visa,pcb3,train,normal,,train/good/0704.JPG,,data/datasets/visa/pcb3/Data/Images/Normal/0704.JPG
visa,pcb3,train,normal,,train/good/0207.JPG,,data/datasets/visa/pcb3/Data/Images/Normal/0207.JPG
visa,pcb3,train,normal,,train/good/0478.JPG,,data/datasets/visa/pcb3/Data/Images/Normal/0478.JPG
visa,pcb3,train,normal,,train/good/0208.JPG,,data/datasets/visa/pcb3/Data/Images/Normal/0208.JPG
visa,pcb3,train,normal,,train/good/0585.JPG,,data/datasets/visa/pcb3/Data/Images/Normal/0585.JPG
visa,pcb3,train,normal,,train/good/0023.JPG,,data/datasets/visa/pcb3/Data/Images/Normal/0023.JPG
visa,pcb3,train,normal,,train/good/0814.JPG,,data/datasets/visa/pcb3/Data/Images/Normal/0814.JPG
visa,pcb3,train,normal,,train/good/0725.JPG,,data/datasets/visa/pcb3/Data/Images/Normal/0725.JPG
visa,pcb3,train,normal,,train/good/0343.JPG,,data/datasets/visa/pcb3/Data/Images/Normal/0343.JPG
visa,pcb3,train,normal,,train/good/0532.JPG,,data/datasets/visa/pcb3/Data/Images/Normal/0532.JPG
visa,pcb3,train,normal,,train/good/0113.JPG,,data/datasets/visa/pcb3/Data/Images/Normal/0113.JPG
visa,pcb3,train,normal,,train/good/0168.JPG,,data/datasets/visa/pcb3/Data/Images/Normal/0168.JPG
visa,pcb3,train,normal,,train/good/0922.JPG,,data/datasets/visa/pcb3/Data/Images/Normal/0922.JPG
visa,pcb3,train,normal,,train/good/0366.JPG,,data/datasets/visa/pcb3/Data/Images/Normal/0366.JPG
visa,pcb3,train,normal,,train/good/0864.JPG,,data/datasets/visa/pcb3/Data/Images/Normal/0864.JPG
visa,pcb3,train,normal,,train/good/0410.JPG,,data/datasets/visa/pcb3/Data/Images/Normal/0410.JPG
visa,pcb3,train,normal,,train/good/0494.JPG,,data/datasets/visa/pcb3/Data/Images/Normal/0494.JPG
visa,pcb3,train,normal,,train/good/0025.JPG,,data/datasets/visa/pcb3/Data/Images/Normal/0025.JPG
visa,pcb3,train,normal,,train/good/0571.JPG,,data/datasets/visa/pcb3/Data/Images/Normal/0571.JPG
visa,pcb3,train,normal,,train/good/0913.JPG,,data/datasets/visa/pcb3/Data/Images/Normal/0913.JPG
visa,pcb3,train,normal,,train/good/0011.JPG,,data/datasets/visa/pcb3/Data/Images/Normal/0011.JPG
visa,pcb3,train,normal,,train/good/0659.JPG,,data/datasets/visa/pcb3/Data/Images/Normal/0659.JPG
visa,pcb3,train,normal,,train/good/0769.JPG,,data/datasets/visa/pcb3/Data/Images/Normal/0769.JPG
visa,pcb3,train,normal,,train/good/0242.JPG,,data/datasets/visa/pcb3/Data/Images/Normal/0242.JPG
visa,pcb3,train,normal,,train/good/0497.JPG,,data/datasets/visa/pcb3/Data/Images/Normal/0497.JPG
visa,pcb3,train,normal,,train/good/0935.JPG,,data/datasets/visa/pcb3/Data/Images/Normal/0935.JPG
visa,pcb3,train,normal,,train/good/0254.JPG,,data/datasets/visa/pcb3/Data/Images/Normal/0254.JPG
visa,pcb3,train,normal,,train/good/0930.JPG,,data/datasets/visa/pcb3/Data/Images/Normal/0930.JPG
visa,pcb3,train,normal,,train/good/0077.JPG,,data/datasets/visa/pcb3/Data/Images/Normal/0077.JPG
visa,pcb3,train,normal,,train/good/0300.JPG,,data/datasets/visa/pcb3/Data/Images/Normal/0300.JPG
visa,pcb3,train,normal,,train/good/0701.JPG,,data/datasets/visa/pcb3/Data/Images/Normal/0701.JPG
visa,pcb3,train,normal,,train/good/0306.JPG,,data/datasets/visa/pcb3/Data/Images/Normal/0306.JPG
visa,pcb3,train,normal,,train/good/0453.JPG,,data/datasets/visa/pcb3/Data/Images/Normal/0453.JPG
visa,pcb3,train,normal,,train/good/0067.JPG,,data/datasets/visa/pcb3/Data/Images/Normal/0067.JPG
visa,pcb3,train,normal,,train/good/0089.JPG,,data/datasets/visa/pcb3/Data/Images/Normal/0089.JPG
visa,pcb3,train,normal,,train/good/0490.JPG,,data/datasets/visa/pcb3/Data/Images/Normal/0490.JPG
visa,pcb3,train,normal,,train/good/0154.JPG,,data/datasets/visa/pcb3/Data/Images/Normal/0154.JPG
visa,pcb3,train,normal,,train/good/0688.JPG,,data/datasets/visa/pcb3/Data/Images/Normal/0688.JPG
visa,pcb3,train,normal,,train/good/0726.JPG,,data/datasets/visa/pcb3/Data/Images/Normal/0726.JPG
visa,pcb3,train,normal,,train/good/0289.JPG,,data/datasets/visa/pcb3/Data/Images/Normal/0289.JPG
visa,pcb3,train,normal,,train/good/0421.JPG,,data/datasets/visa/pcb3/Data/Images/Normal/0421.JPG
visa,pcb3,train,normal,,train/good/0280.JPG,,data/datasets/visa/pcb3/Data/Images/Normal/0280.JPG
visa,pcb3,train,normal,,train/good/0200.JPG,,data/datasets/visa/pcb3/Data/Images/Normal/0200.JPG
visa,pcb3,train,normal,,train/good/0791.JPG,,data/datasets/visa/pcb3/Data/Images/Normal/0791.JPG
visa,pcb3,train,normal,,train/good/0199.JPG,,data/datasets/visa/pcb3/Data/Images/Normal/0199.JPG
visa,pcb3,train,normal,,train/good/0415.JPG,,data/datasets/visa/pcb3/Data/Images/Normal/0415.JPG
visa,pcb3,train,normal,,train/good/0039.JPG,,data/datasets/visa/pcb3/Data/Images/Normal/0039.JPG
visa,pcb3,train,normal,,train/good/0756.JPG,,data/datasets/visa/pcb3/Data/Images/Normal/0756.JPG
visa,pcb3,train,normal,,train/good/0184.JPG,,data/datasets/visa/pcb3/Data/Images/Normal/0184.JPG
visa,pcb3,train,normal,,train/good/0419.JPG,,data/datasets/visa/pcb3/Data/Images/Normal/0419.JPG
visa,pcb3,train,normal,,train/good/0450.JPG,,data/datasets/visa/pcb3/Data/Images/Normal/0450.JPG
visa,pcb3,train,normal,,train/good/0486.JPG,,data/datasets/visa/pcb3/Data/Images/Normal/0486.JPG
visa,pcb3,train,normal,,train/good/0527.JPG,,data/datasets/visa/pcb3/Data/Images/Normal/0527.JPG
visa,pcb3,train,normal,,train/good/0459.JPG,,data/datasets/visa/pcb3/Data/Images/Normal/0459.JPG
visa,pcb3,train,normal,,train/good/0770.JPG,,data/datasets/visa/pcb3/Data/Images/Normal/0770.JPG
visa,pcb3,train,normal,,train/good/0269.JPG,,data/datasets/visa/pcb3/Data/Images/Normal/0269.JPG
visa,pcb3,train,normal,,train/good/0246.JPG,,data/datasets/visa/pcb3/Data/Images/Normal/0246.JPG
visa,pcb3,train,normal,,train/good/0793.JPG,,data/datasets/visa/pcb3/Data/Images/Normal/0793.JPG
visa,pcb3,train,normal,,train/good/0899.JPG,,data/datasets/visa/pcb3/Data/Images/Normal/0899.JPG
visa,pcb3,train,normal,,train/good/0707.JPG,,data/datasets/visa/pcb3/Data/Images/Normal/0707.JPG
visa,pcb3,train,normal,,train/good/0243.JPG,,data/datasets/visa/pcb3/Data/Images/Normal/0243.JPG
visa,pcb3,train,normal,,train/good/0740.JPG,,data/datasets/visa/pcb3/Data/Images/Normal/0740.JPG
visa,pcb3,train,normal,,train/good/0749.JPG,,data/datasets/visa/pcb3/Data/Images/Normal/0749.JPG
visa,pcb3,train,normal,,train/good/0276.JPG,,data/datasets/visa/pcb3/Data/Images/Normal/0276.JPG
visa,pcb3,train,normal,,train/good/0737.JPG,,data/datasets/visa/pcb3/Data/Images/Normal/0737.JPG
visa,pcb3,train,normal,,train/good/0311.JPG,,data/datasets/visa/pcb3/Data/Images/Normal/0311.JPG
visa,pcb3,train,normal,,train/good/0682.JPG,,data/datasets/visa/pcb3/Data/Images/Normal/0682.JPG
visa,pcb3,train,normal,,train/good/0109.JPG,,data/datasets/visa/pcb3/Data/Images/Normal/0109.JPG
visa,pcb3,train,normal,,train/good/0148.JPG,,data/datasets/visa/pcb3/Data/Images/Normal/0148.JPG
visa,pcb3,train,normal,,train/good/0099.JPG,,data/datasets/visa/pcb3/Data/Images/Normal/0099.JPG
visa,pcb3,train,normal,,train/good/0476.JPG,,data/datasets/visa/pcb3/Data/Images/Normal/0476.JPG
visa,pcb3,train,normal,,train/good/0666.JPG,,data/datasets/visa/pcb3/Data/Images/Normal/0666.JPG
visa,pcb3,train,normal,,train/good/0134.JPG,,data/datasets/visa/pcb3/Data/Images/Normal/0134.JPG
visa,pcb3,train,normal,,train/good/0546.JPG,,data/datasets/visa/pcb3/Data/Images/Normal/0546.JPG
visa,pcb3,train,normal,,train/good/0050.JPG,,data/datasets/visa/pcb3/Data/Images/Normal/0050.JPG
visa,pcb3,train,normal,,train/good/0135.JPG,,data/datasets/visa/pcb3/Data/Images/Normal/0135.JPG
visa,pcb3,train,normal,,train/good/0869.JPG,,data/datasets/visa/pcb3/Data/Images/Normal/0869.JPG
visa,pcb3,train,normal,,train/good/0158.JPG,,data/datasets/visa/pcb3/Data/Images/Normal/0158.JPG
visa,pcb3,train,normal,,train/good/0881.JPG,,data/datasets/visa/pcb3/Data/Images/Normal/0881.JPG
visa,pcb3,train,normal,,train/good/0396.JPG,,data/datasets/visa/pcb3/Data/Images/Normal/0396.JPG
visa,pcb3,train,normal,,train/good/0266.JPG,,data/datasets/visa/pcb3/Data/Images/Normal/0266.JPG
visa,pcb3,train,normal,,train/good/0515.JPG,,data/datasets/visa/pcb3/Data/Images/Normal/0515.JPG
visa,pcb3,train,normal,,train/good/0323.JPG,,data/datasets/visa/pcb3/Data/Images/Normal/0323.JPG
visa,pcb3,train,normal,,train/good/0378.JPG,,data/datasets/visa/pcb3/Data/Images/Normal/0378.JPG
visa,pcb3,train,normal,,train/good/0239.JPG,,data/datasets/visa/pcb3/Data/Images/Normal/0239.JPG
visa,pcb3,train,normal,,train/good/0710.JPG,,data/datasets/visa/pcb3/Data/Images/Normal/0710.JPG
visa,pcb3,train,normal,,train/good/0429.JPG,,data/datasets/visa/pcb3/Data/Images/Normal/0429.JPG
visa,pcb3,train,normal,,train/good/0440.JPG,,data/datasets/visa/pcb3/Data/Images/Normal/0440.JPG
visa,pcb3,train,normal,,train/good/0380.JPG,,data/datasets/visa/pcb3/Data/Images/Normal/0380.JPG
visa,pcb3,train,normal,,train/good/0594.JPG,,data/datasets/visa/pcb3/Data/Images/Normal/0594.JPG
visa,pcb3,train,normal,,train/good/0945.JPG,,data/datasets/visa/pcb3/Data/Images/Normal/0945.JPG
visa,pcb3,train,normal,,train/good/0262.JPG,,data/datasets/visa/pcb3/Data/Images/Normal/0262.JPG
visa,pcb3,train,normal,,train/good/0742.JPG,,data/datasets/visa/pcb3/Data/Images/Normal/0742.JPG
visa,pcb3,train,normal,,train/good/0994.JPG,,data/datasets/visa/pcb3/Data/Images/Normal/0994.JPG
visa,pcb3,train,normal,,train/good/0820.JPG,,data/datasets/visa/pcb3/Data/Images/Normal/0820.JPG
visa,pcb3,train,normal,,train/good/0425.JPG,,data/datasets/visa/pcb3/Data/Images/Normal/0425.JPG
visa,pcb3,train,normal,,train/good/0336.JPG,,data/datasets/visa/pcb3/Data/Images/Normal/0336.JPG
visa,pcb3,train,normal,,train/good/0715.JPG,,data/datasets/visa/pcb3/Data/Images/Normal/0715.JPG
visa,pcb3,train,normal,,train/good/0832.JPG,,data/datasets/visa/pcb3/Data/Images/Normal/0832.JPG
visa,pcb3,train,normal,,train/good/0859.JPG,,data/datasets/visa/pcb3/Data/Images/Normal/0859.JPG
visa,pcb3,train,normal,,train/good/0447.JPG,,data/datasets/visa/pcb3/Data/Images/Normal/0447.JPG
visa,pcb3,train,normal,,train/good/0827.JPG,,data/datasets/visa/pcb3/Data/Images/Normal/0827.JPG
visa,pcb3,train,normal,,train/good/0503.JPG,,data/datasets/visa/pcb3/Data/Images/Normal/0503.JPG
visa,pcb3,train,normal,,train/good/0179.JPG,,data/datasets/visa/pcb3/Data/Images/Normal/0179.JPG
visa,pcb3,train,normal,,train/good/0752.JPG,,data/datasets/visa/pcb3/Data/Images/Normal/0752.JPG
visa,pcb3,train,normal,,train/good/0226.JPG,,data/datasets/visa/pcb3/Data/Images/Normal/0226.JPG
visa,pcb3,train,normal,,train/good/0371.JPG,,data/datasets/visa/pcb3/Data/Images/Normal/0371.JPG
visa,pcb3,train,normal,,train/good/0000.JPG,,data/datasets/visa/pcb3/Data/Images/Normal/0000.JPG
visa,pcb3,train,normal,,train/good/0595.JPG,,data/datasets/visa/pcb3/Data/Images/Normal/0595.JPG
visa,pcb3,train,normal,,train/good/0422.JPG,,data/datasets/visa/pcb3/Data/Images/Normal/0422.JPG
visa,pcb3,train,normal,,train/good/0294.JPG,,data/datasets/visa/pcb3/Data/Images/Normal/0294.JPG
visa,pcb3,train,normal,,train/good/0257.JPG,,data/datasets/visa/pcb3/Data/Images/Normal/0257.JPG
visa,pcb3,train,normal,,train/good/0223.JPG,,data/datasets/visa/pcb3/Data/Images/Normal/0223.JPG
visa,pcb3,train,normal,,train/good/0299.JPG,,data/datasets/visa/pcb3/Data/Images/Normal/0299.JPG
visa,pcb3,train,normal,,train/good/0539.JPG,,data/datasets/visa/pcb3/Data/Images/Normal/0539.JPG
visa,pcb3,train,normal,,train/good/0856.JPG,,data/datasets/visa/pcb3/Data/Images/Normal/0856.JPG
visa,pcb3,train,normal,,train/good/0698.JPG,,data/datasets/visa/pcb3/Data/Images/Normal/0698.JPG
visa,pcb3,train,normal,,train/good/0069.JPG,,data/datasets/visa/pcb3/Data/Images/Normal/0069.JPG
visa,pcb3,train,normal,,train/good/0570.JPG,,data/datasets/visa/pcb3/Data/Images/Normal/0570.JPG
visa,pcb3,train,normal,,train/good/0295.JPG,,data/datasets/visa/pcb3/Data/Images/Normal/0295.JPG
visa,pcb3,train,normal,,train/good/0006.JPG,,data/datasets/visa/pcb3/Data/Images/Normal/0006.JPG
visa,pcb3,train,normal,,train/good/0643.JPG,,data/datasets/visa/pcb3/Data/Images/Normal/0643.JPG
visa,pcb3,train,normal,,train/good/0920.JPG,,data/datasets/visa/pcb3/Data/Images/Normal/0920.JPG
visa,pcb3,train,normal,,train/good/0055.JPG,,data/datasets/visa/pcb3/Data/Images/Normal/0055.JPG
visa,pcb3,train,normal,,train/good/0647.JPG,,data/datasets/visa/pcb3/Data/Images/Normal/0647.JPG
visa,pcb3,train,normal,,train/good/0384.JPG,,data/datasets/visa/pcb3/Data/Images/Normal/0384.JPG
visa,pcb3,train,normal,,train/good/0381.JPG,,data/datasets/visa/pcb3/Data/Images/Normal/0381.JPG
visa,pcb3,train,normal,,train/good/0633.JPG,,data/datasets/visa/pcb3/Data/Images/Normal/0633.JPG
visa,pcb3,train,normal,,train/good/0062.JPG,,data/datasets/visa/pcb3/Data/Images/Normal/0062.JPG
visa,pcb3,train,normal,,train/good/0215.JPG,,data/datasets/visa/pcb3/Data/Images/Normal/0215.JPG
visa,pcb3,train,normal,,train/good/0733.JPG,,data/datasets/visa/pcb3/Data/Images/Normal/0733.JPG
visa,pcb3,train,normal,,train/good/0182.JPG,,data/datasets/visa/pcb3/Data/Images/Normal/0182.JPG
visa,pcb3,train,normal,,train/good/0905.JPG,,data/datasets/visa/pcb3/Data/Images/Normal/0905.JPG
visa,pcb3,train,normal,,train/good/0655.JPG,,data/datasets/visa/pcb3/Data/Images/Normal/0655.JPG
visa,pcb3,train,normal,,train/good/0572.JPG,,data/datasets/visa/pcb3/Data/Images/Normal/0572.JPG
visa,pcb3,train,normal,,train/good/0401.JPG,,data/datasets/visa/pcb3/Data/Images/Normal/0401.JPG
visa,pcb3,train,normal,,train/good/0891.JPG,,data/datasets/visa/pcb3/Data/Images/Normal/0891.JPG
visa,pcb3,train,normal,,train/good/0139.JPG,,data/datasets/visa/pcb3/Data/Images/Normal/0139.JPG
visa,pcb3,train,normal,,train/good/0580.JPG,,data/datasets/visa/pcb3/Data/Images/Normal/0580.JPG
visa,pcb3,train,normal,,train/good/0455.JPG,,data/datasets/visa/pcb3/Data/Images/Normal/0455.JPG
visa,pcb3,train,normal,,train/good/0075.JPG,,data/datasets/visa/pcb3/Data/Images/Normal/0075.JPG
visa,pcb3,train,normal,,train/good/0145.JPG,,data/datasets/visa/pcb3/Data/Images/Normal/0145.JPG
visa,pcb3,train,normal,,train/good/0847.JPG,,data/datasets/visa/pcb3/Data/Images/Normal/0847.JPG
visa,pcb3,train,normal,,train/good/0475.JPG,,data/datasets/visa/pcb3/Data/Images/Normal/0475.JPG
visa,pcb3,train,normal,,train/good/0709.JPG,,data/datasets/visa/pcb3/Data/Images/Normal/0709.JPG
visa,pcb3,train,normal,,train/good/0124.JPG,,data/datasets/visa/pcb3/Data/Images/Normal/0124.JPG
visa,pcb3,train,normal,,train/good/0015.JPG,,data/datasets/visa/pcb3/Data/Images/Normal/0015.JPG
visa,pcb3,train,normal,,train/good/0757.JPG,,data/datasets/visa/pcb3/Data/Images/Normal/0757.JPG
visa,pcb3,train,normal,,train/good/0434.JPG,,data/datasets/visa/pcb3/Data/Images/Normal/0434.JPG
visa,pcb3,train,normal,,train/good/0331.JPG,,data/datasets/visa/pcb3/Data/Images/Normal/0331.JPG
visa,pcb3,train,normal,,train/good/0630.JPG,,data/datasets/visa/pcb3/Data/Images/Normal/0630.JPG
visa,pcb3,train,normal,,train/good/0097.JPG,,data/datasets/visa/pcb3/Data/Images/Normal/0097.JPG
visa,pcb3,train,normal,,train/good/0979.JPG,,data/datasets/visa/pcb3/Data/Images/Normal/0979.JPG
visa,pcb3,train,normal,,train/good/0836.JPG,,data/datasets/visa/pcb3/Data/Images/Normal/0836.JPG
visa,pcb3,train,normal,,train/good/0887.JPG,,data/datasets/visa/pcb3/Data/Images/Normal/0887.JPG
visa,pcb3,train,normal,,train/good/0127.JPG,,data/datasets/visa/pcb3/Data/Images/Normal/0127.JPG
visa,pcb3,train,normal,,train/good/0142.JPG,,data/datasets/visa/pcb3/Data/Images/Normal/0142.JPG
visa,pcb3,train,normal,,train/good/0151.JPG,,data/datasets/visa/pcb3/Data/Images/Normal/0151.JPG
visa,pcb3,train,normal,,train/good/0723.JPG,,data/datasets/visa/pcb3/Data/Images/Normal/0723.JPG
visa,pcb3,train,normal,,train/good/0209.JPG,,data/datasets/visa/pcb3/Data/Images/Normal/0209.JPG
visa,pcb3,train,normal,,train/good/0615.JPG,,data/datasets/visa/pcb3/Data/Images/Normal/0615.JPG
visa,pcb3,train,normal,,train/good/0307.JPG,,data/datasets/visa/pcb3/Data/Images/Normal/0307.JPG
visa,pcb3,train,normal,,train/good/0611.JPG,,data/datasets/visa/pcb3/Data/Images/Normal/0611.JPG
visa,pcb3,train,normal,,train/good/0061.JPG,,data/datasets/visa/pcb3/Data/Images/Normal/0061.JPG
visa,pcb3,train,normal,,train/good/0108.JPG,,data/datasets/visa/pcb3/Data/Images/Normal/0108.JPG
visa,pcb3,train,normal,,train/good/0529.JPG,,data/datasets/visa/pcb3/Data/Images/Normal/0529.JPG
visa,pcb3,train,normal,,train/good/0318.JPG,,data/datasets/visa/pcb3/Data/Images/Normal/0318.JPG
visa,pcb3,train,normal,,train/good/0596.JPG,,data/datasets/visa/pcb3/Data/Images/Normal/0596.JPG
visa,pcb3,train,normal,,train/good/0412.JPG,,data/datasets/visa/pcb3/Data/Images/Normal/0412.JPG
visa,pcb3,train,normal,,train/good/0166.JPG,,data/datasets/visa/pcb3/Data/Images/Normal/0166.JPG
visa,pcb3,train,normal,,train/good/1003.JPG,,data/datasets/visa/pcb3/Data/Images/Normal/1003.JPG
visa,pcb3,train,normal,,train/good/0978.JPG,,data/datasets/visa/pcb3/Data/Images/Normal/0978.JPG
visa,pcb3,train,normal,,train/good/0472.JPG,,data/datasets/visa/pcb3/Data/Images/Normal/0472.JPG
visa,pcb3,train,normal,,train/good/0195.JPG,,data/datasets/visa/pcb3/Data/Images/Normal/0195.JPG
visa,pcb3,train,normal,,train/good/0928.JPG,,data/datasets/visa/pcb3/Data/Images/Normal/0928.JPG
visa,pcb3,train,normal,,train/good/0952.JPG,,data/datasets/visa/pcb3/Data/Images/Normal/0952.JPG
visa,pcb3,train,normal,,train/good/0656.JPG,,data/datasets/visa/pcb3/Data/Images/Normal/0656.JPG
visa,pcb3,train,normal,,train/good/0337.JPG,,data/datasets/visa/pcb3/Data/Images/Normal/0337.JPG
visa,pcb3,train,normal,,train/good/0874.JPG,,data/datasets/visa/pcb3/Data/Images/Normal/0874.JPG
visa,pcb3,train,normal,,train/good/0784.JPG,,data/datasets/visa/pcb3/Data/Images/Normal/0784.JPG
visa,pcb3,train,normal,,train/good/0541.JPG,,data/datasets/visa/pcb3/Data/Images/Normal/0541.JPG
visa,pcb3,train,normal,,train/good/0654.JPG,,data/datasets/visa/pcb3/Data/Images/Normal/0654.JPG
visa,pcb3,train,normal,,train/good/0051.JPG,,data/datasets/visa/pcb3/Data/Images/Normal/0051.JPG
visa,pcb3,train,normal,,train/good/0321.JPG,,data/datasets/visa/pcb3/Data/Images/Normal/0321.JPG
visa,pcb3,train,normal,,train/good/0130.JPG,,data/datasets/visa/pcb3/Data/Images/Normal/0130.JPG
visa,pcb3,train,normal,,train/good/0606.JPG,,data/datasets/visa/pcb3/Data/Images/Normal/0606.JPG
visa,pcb3,train,normal,,train/good/0268.JPG,,data/datasets/visa/pcb3/Data/Images/Normal/0268.JPG
visa,pcb3,train,normal,,train/good/0530.JPG,,data/datasets/visa/pcb3/Data/Images/Normal/0530.JPG
visa,pcb3,train,normal,,train/good/0278.JPG,,data/datasets/visa/pcb3/Data/Images/Normal/0278.JPG
visa,pcb3,train,normal,,train/good/0377.JPG,,data/datasets/visa/pcb3/Data/Images/Normal/0377.JPG
visa,pcb3,train,normal,,train/good/0489.JPG,,data/datasets/visa/pcb3/Data/Images/Normal/0489.JPG
visa,pcb3,train,normal,,train/good/0196.JPG,,data/datasets/visa/pcb3/Data/Images/Normal/0196.JPG
visa,pcb3,train,normal,,train/good/0178.JPG,,data/datasets/visa/pcb3/Data/Images/Normal/0178.JPG
visa,pcb3,train,normal,,train/good/0326.JPG,,data/datasets/visa/pcb3/Data/Images/Normal/0326.JPG
visa,pcb3,train,normal,,train/good/0201.JPG,,data/datasets/visa/pcb3/Data/Images/Normal/0201.JPG
visa,pcb3,train,normal,,train/good/0642.JPG,,data/datasets/visa/pcb3/Data/Images/Normal/0642.JPG
visa,pcb3,train,normal,,train/good/0405.JPG,,data/datasets/visa/pcb3/Data/Images/Normal/0405.JPG
visa,pcb3,train,normal,,train/good/0965.JPG,,data/datasets/visa/pcb3/Data/Images/Normal/0965.JPG
visa,pcb3,train,normal,,train/good/0291.JPG,,data/datasets/visa/pcb3/Data/Images/Normal/0291.JPG
visa,pcb3,train,normal,,train/good/0927.JPG,,data/datasets/visa/pcb3/Data/Images/Normal/0927.JPG
visa,pcb3,train,normal,,train/good/0809.JPG,,data/datasets/visa/pcb3/Data/Images/Normal/0809.JPG
visa,pcb3,train,normal,,train/good/0745.JPG,,data/datasets/visa/pcb3/Data/Images/Normal/0745.JPG
visa,pcb3,train,normal,,train/good/0079.JPG,,data/datasets/visa/pcb3/Data/Images/Normal/0079.JPG
visa,pcb3,train,normal,,train/good/0417.JPG,,data/datasets/visa/pcb3/Data/Images/Normal/0417.JPG
visa,pcb3,train,normal,,train/good/0193.JPG,,data/datasets/visa/pcb3/Data/Images/Normal/0193.JPG
visa,pcb3,train,normal,,train/good/0668.JPG,,data/datasets/visa/pcb3/Data/Images/Normal/0668.JPG
visa,pcb3,train,normal,,train/good/0700.JPG,,data/datasets/visa/pcb3/Data/Images/Normal/0700.JPG
visa,pcb3,train,normal,,train/good/0537.JPG,,data/datasets/visa/pcb3/Data/Images/Normal/0537.JPG
visa,pcb3,train,normal,,train/good/0063.JPG,,data/datasets/visa/pcb3/Data/Images/Normal/0063.JPG
visa,pcb3,train,normal,,train/good/0043.JPG,,data/datasets/visa/pcb3/Data/Images/Normal/0043.JPG
visa,pcb3,train,normal,,train/good/0304.JPG,,data/datasets/visa/pcb3/Data/Images/Normal/0304.JPG
visa,pcb3,train,normal,,train/good/0937.JPG,,data/datasets/visa/pcb3/Data/Images/Normal/0937.JPG
visa,pcb3,train,normal,,train/good/0932.JPG,,data/datasets/visa/pcb3/Data/Images/Normal/0932.JPG
visa,pcb3,train,normal,,train/good/0359.JPG,,data/datasets/visa/pcb3/Data/Images/Normal/0359.JPG
visa,pcb3,train,normal,,train/good/0084.JPG,,data/datasets/visa/pcb3/Data/Images/Normal/0084.JPG
visa,pcb3,train,normal,,train/good/0933.JPG,,data/datasets/visa/pcb3/Data/Images/Normal/0933.JPG
visa,pcb3,train,normal,,train/good/0282.JPG,,data/datasets/visa/pcb3/Data/Images/Normal/0282.JPG
visa,pcb3,train,normal,,train/good/0473.JPG,,data/datasets/visa/pcb3/Data/Images/Normal/0473.JPG
visa,pcb3,train,normal,,train/good/0724.JPG,,data/datasets/visa/pcb3/Data/Images/Normal/0724.JPG
visa,pcb3,train,normal,,train/good/0152.JPG,,data/datasets/visa/pcb3/Data/Images/Normal/0152.JPG
visa,pcb3,train,normal,,train/good/0159.JPG,,data/datasets/visa/pcb3/Data/Images/Normal/0159.JPG
visa,pcb3,train,normal,,train/good/0970.JPG,,data/datasets/visa/pcb3/Data/Images/Normal/0970.JPG
visa,pcb3,train,normal,,train/good/0628.JPG,,data/datasets/visa/pcb3/Data/Images/Normal/0628.JPG
visa,pcb3,train,normal,,train/good/0081.JPG,,data/datasets/visa/pcb3/Data/Images/Normal/0081.JPG
visa,pcb3,train,normal,,train/good/0188.JPG,,data/datasets/visa/pcb3/Data/Images/Normal/0188.JPG
visa,pcb3,train,normal,,train/good/0393.JPG,,data/datasets/visa/pcb3/Data/Images/Normal/0393.JPG
visa,pcb3,train,normal,,train/good/0924.JPG,,data/datasets/visa/pcb3/Data/Images/Normal/0924.JPG
visa,pcb3,train,normal,,train/good/0748.JPG,,data/datasets/visa/pcb3/Data/Images/Normal/0748.JPG
visa,pcb3,train,normal,,train/good/0813.JPG,,data/datasets/visa/pcb3/Data/Images/Normal/0813.JPG
visa,pcb3,train,normal,,train/good/0861.JPG,,data/datasets/visa/pcb3/Data/Images/Normal/0861.JPG
visa,pcb3,train,normal,,train/good/0467.JPG,,data/datasets/visa/pcb3/Data/Images/Normal/0467.JPG
visa,pcb3,train,normal,,train/good/0140.JPG,,data/datasets/visa/pcb3/Data/Images/Normal/0140.JPG
visa,pcb3,train,normal,,train/good/0334.JPG,,data/datasets/visa/pcb3/Data/Images/Normal/0334.JPG
visa,pcb3,train,normal,,train/good/0372.JPG,,data/datasets/visa/pcb3/Data/Images/Normal/0372.JPG
visa,pcb3,train,normal,,train/good/0312.JPG,,data/datasets/visa/pcb3/Data/Images/Normal/0312.JPG
visa,pcb3,train,normal,,train/good/0286.JPG,,data/datasets/visa/pcb3/Data/Images/Normal/0286.JPG
visa,pcb3,train,normal,,train/good/0942.JPG,,data/datasets/visa/pcb3/Data/Images/Normal/0942.JPG
visa,pcb3,train,normal,,train/good/0211.JPG,,data/datasets/visa/pcb3/Data/Images/Normal/0211.JPG
visa,pcb3,train,normal,,train/good/0559.JPG,,data/datasets/visa/pcb3/Data/Images/Normal/0559.JPG
visa,pcb3,train,normal,,train/good/0936.JPG,,data/datasets/visa/pcb3/Data/Images/Normal/0936.JPG
visa,pcb3,train,normal,,train/good/0597.JPG,,data/datasets/visa/pcb3/Data/Images/Normal/0597.JPG
visa,pcb3,train,normal,,train/good/0482.JPG,,data/datasets/visa/pcb3/Data/Images/Normal/0482.JPG
visa,pcb3,train,normal,,train/good/0253.JPG,,data/datasets/visa/pcb3/Data/Images/Normal/0253.JPG
visa,pcb3,train,normal,,train/good/0674.JPG,,data/datasets/visa/pcb3/Data/Images/Normal/0674.JPG
visa,pcb3,train,normal,,train/good/0122.JPG,,data/datasets/visa/pcb3/Data/Images/Normal/0122.JPG
visa,pcb3,train,normal,,train/good/0115.JPG,,data/datasets/visa/pcb3/Data/Images/Normal/0115.JPG
visa,pcb3,train,normal,,train/good/0374.JPG,,data/datasets/visa/pcb3/Data/Images/Normal/0374.JPG
visa,pcb3,train,normal,,train/good/0573.JPG,,data/datasets/visa/pcb3/Data/Images/Normal/0573.JPG
visa,pcb3,train,normal,,train/good/0764.JPG,,data/datasets/visa/pcb3/Data/Images/Normal/0764.JPG
visa,pcb3,train,normal,,train/good/0454.JPG,,data/datasets/visa/pcb3/Data/Images/Normal/0454.JPG
visa,pcb3,train,normal,,train/good/0332.JPG,,data/datasets/visa/pcb3/Data/Images/Normal/0332.JPG
visa,pcb3,train,normal,,train/good/0892.JPG,,data/datasets/visa/pcb3/Data/Images/Normal/0892.JPG
visa,pcb3,train,normal,,train/good/0590.JPG,,data/datasets/visa/pcb3/Data/Images/Normal/0590.JPG
visa,pcb3,train,normal,,train/good/0270.JPG,,data/datasets/visa/pcb3/Data/Images/Normal/0270.JPG
visa,pcb3,train,normal,,train/good/0090.JPG,,data/datasets/visa/pcb3/Data/Images/Normal/0090.JPG
visa,pcb3,train,normal,,train/good/0003.JPG,,data/datasets/visa/pcb3/Data/Images/Normal/0003.JPG
visa,pcb3,train,normal,,train/good/0444.JPG,,data/datasets/visa/pcb3/Data/Images/Normal/0444.JPG
visa,pcb3,train,normal,,train/good/0119.JPG,,data/datasets/visa/pcb3/Data/Images/Normal/0119.JPG
visa,pcb3,train,normal,,train/good/0045.JPG,,data/datasets/visa/pcb3/Data/Images/Normal/0045.JPG
visa,pcb3,train,normal,,train/good/0718.JPG,,data/datasets/visa/pcb3/Data/Images/Normal/0718.JPG
visa,pcb3,train,normal,,train/good/0890.JPG,,data/datasets/visa/pcb3/Data/Images/Normal/0890.JPG
visa,pcb3,train,normal,,train/good/0673.JPG,,data/datasets/visa/pcb3/Data/Images/Normal/0673.JPG
visa,pcb3,train,normal,,train/good/0676.JPG,,data/datasets/visa/pcb3/Data/Images/Normal/0676.JPG
visa,pcb3,train,normal,,train/good/0818.JPG,,data/datasets/visa/pcb3/Data/Images/Normal/0818.JPG
visa,pcb3,train,normal,,train/good/0141.JPG,,data/datasets/visa/pcb3/Data/Images/Normal/0141.JPG
visa,pcb3,train,normal,,train/good/0822.JPG,,data/datasets/visa/pcb3/Data/Images/Normal/0822.JPG
visa,pcb3,train,normal,,train/good/0588.JPG,,data/datasets/visa/pcb3/Data/Images/Normal/0588.JPG
visa,pcb3,train,normal,,train/good/0433.JPG,,data/datasets/visa/pcb3/Data/Images/Normal/0433.JPG
visa,pcb3,train,normal,,train/good/0495.JPG,,data/datasets/visa/pcb3/Data/Images/Normal/0495.JPG
visa,pcb3,train,normal,,train/good/0683.JPG,,data/datasets/visa/pcb3/Data/Images/Normal/0683.JPG
visa,pcb3,train,normal,,train/good/0070.JPG,,data/datasets/visa/pcb3/Data/Images/Normal/0070.JPG
visa,pcb3,train,normal,,train/good/0940.JPG,,data/datasets/visa/pcb3/Data/Images/Normal/0940.JPG
visa,pcb3,train,normal,,train/good/0808.JPG,,data/datasets/visa/pcb3/Data/Images/Normal/0808.JPG
visa,pcb3,train,normal,,train/good/0974.JPG,,data/datasets/visa/pcb3/Data/Images/Normal/0974.JPG
visa,pcb3,train,normal,,train/good/0731.JPG,,data/datasets/visa/pcb3/Data/Images/Normal/0731.JPG
visa,pcb3,train,normal,,train/good/0962.JPG,,data/datasets/visa/pcb3/Data/Images/Normal/0962.JPG
visa,pcb3,train,normal,,train/good/0292.JPG,,data/datasets/visa/pcb3/Data/Images/Normal/0292.JPG
visa,pcb3,train,normal,,train/good/0213.JPG,,data/datasets/visa/pcb3/Data/Images/Normal/0213.JPG
visa,pcb3,train,normal,,train/good/0330.JPG,,data/datasets/visa/pcb3/Data/Images/Normal/0330.JPG
visa,pcb3,train,normal,,train/good/0878.JPG,,data/datasets/visa/pcb3/Data/Images/Normal/0878.JPG
visa,pcb3,train,normal,,train/good/0705.JPG,,data/datasets/visa/pcb3/Data/Images/Normal/0705.JPG
visa,pcb3,train,normal,,train/good/0904.JPG,,data/datasets/visa/pcb3/Data/Images/Normal/0904.JPG
visa,pcb3,train,normal,,train/good/0838.JPG,,data/datasets/visa/pcb3/Data/Images/Normal/0838.JPG
visa,pcb3,train,normal,,train/good/0087.JPG,,data/datasets/visa/pcb3/Data/Images/Normal/0087.JPG
visa,pcb3,train,normal,,train/good/0653.JPG,,data/datasets/visa/pcb3/Data/Images/Normal/0653.JPG
visa,pcb3,train,normal,,train/good/0428.JPG,,data/datasets/visa/pcb3/Data/Images/Normal/0428.JPG
visa,pcb3,train,normal,,train/good/0202.JPG,,data/datasets/visa/pcb3/Data/Images/Normal/0202.JPG
visa,pcb3,train,normal,,train/good/0845.JPG,,data/datasets/visa/pcb3/Data/Images/Normal/0845.JPG
visa,pcb3,train,normal,,train/good/0544.JPG,,data/datasets/visa/pcb3/Data/Images/Normal/0544.JPG
visa,pcb3,train,normal,,train/good/0958.JPG,,data/datasets/visa/pcb3/Data/Images/Normal/0958.JPG
visa,pcb3,train,normal,,train/good/0435.JPG,,data/datasets/visa/pcb3/Data/Images/Normal/0435.JPG
visa,pcb3,train,normal,,train/good/0943.JPG,,data/datasets/visa/pcb3/Data/Images/Normal/0943.JPG
visa,pcb3,train,normal,,train/good/0277.JPG,,data/datasets/visa/pcb3/Data/Images/Normal/0277.JPG
visa,pcb3,train,normal,,train/good/0678.JPG,,data/datasets/visa/pcb3/Data/Images/Normal/0678.JPG
visa,pcb3,train,normal,,train/good/0281.JPG,,data/datasets/visa/pcb3/Data/Images/Normal/0281.JPG
visa,pcb3,train,normal,,train/good/0562.JPG,,data/datasets/visa/pcb3/Data/Images/Normal/0562.JPG
visa,pcb3,train,normal,,train/good/0901.JPG,,data/datasets/visa/pcb3/Data/Images/Normal/0901.JPG
visa,pcb3,train,normal,,train/good/0734.JPG,,data/datasets/visa/pcb3/Data/Images/Normal/0734.JPG
visa,pcb3,train,normal,,train/good/0625.JPG,,data/datasets/visa/pcb3/Data/Images/Normal/0625.JPG
visa,pcb3,train,normal,,train/good/0032.JPG,,data/datasets/visa/pcb3/Data/Images/Normal/0032.JPG
visa,pcb3,train,normal,,train/good/0398.JPG,,data/datasets/visa/pcb3/Data/Images/Normal/0398.JPG
visa,pcb3,train,normal,,train/good/0129.JPG,,data/datasets/visa/pcb3/Data/Images/Normal/0129.JPG
visa,pcb3,train,normal,,train/good/0126.JPG,,data/datasets/visa/pcb3/Data/Images/Normal/0126.JPG
visa,pcb3,train,normal,,train/good/0341.JPG,,data/datasets/visa/pcb3/Data/Images/Normal/0341.JPG
visa,pcb3,train,normal,,train/good/0441.JPG,,data/datasets/visa/pcb3/Data/Images/Normal/0441.JPG
visa,pcb3,train,normal,,train/good/0823.JPG,,data/datasets/visa/pcb3/Data/Images/Normal/0823.JPG
visa,pcb3,train,normal,,train/good/0767.JPG,,data/datasets/visa/pcb3/Data/Images/Normal/0767.JPG
visa,pcb3,train,normal,,train/good/0080.JPG,,data/datasets/visa/pcb3/Data/Images/Normal/0080.JPG
visa,pcb3,train,normal,,train/good/0790.JPG,,data/datasets/visa/pcb3/Data/Images/Normal/0790.JPG
visa,pcb3,train,normal,,train/good/0957.JPG,,data/datasets/visa/pcb3/Data/Images/Normal/0957.JPG
visa,pcb3,train,normal,,train/good/0153.JPG,,data/datasets/visa/pcb3/Data/Images/Normal/0153.JPG
visa,pcb3,train,normal,,train/good/0548.JPG,,data/datasets/visa/pcb3/Data/Images/Normal/0548.JPG
visa,pcb3,train,normal,,train/good/0493.JPG,,data/datasets/visa/pcb3/Data/Images/Normal/0493.JPG
visa,pcb3,train,normal,,train/good/0946.JPG,,data/datasets/visa/pcb3/Data/Images/Normal/0946.JPG
visa,pcb3,train,normal,,train/good/0382.JPG,,data/datasets/visa/pcb3/Data/Images/Normal/0382.JPG
visa,pcb3,train,normal,,train/good/0430.JPG,,data/datasets/visa/pcb3/Data/Images/Normal/0430.JPG
visa,pcb3,train,normal,,train/good/0608.JPG,,data/datasets/visa/pcb3/Data/Images/Normal/0608.JPG
visa,pcb3,train,normal,,train/good/0464.JPG,,data/datasets/visa/pcb3/Data/Images/Normal/0464.JPG
visa,pcb3,train,normal,,train/good/0344.JPG,,data/datasets/visa/pcb3/Data/Images/Normal/0344.JPG
visa,pcb3,train,normal,,train/good/0841.JPG,,data/datasets/visa/pcb3/Data/Images/Normal/0841.JPG
visa,pcb3,train,normal,,train/good/0766.JPG,,data/datasets/visa/pcb3/Data/Images/Normal/0766.JPG
visa,pcb3,train,normal,,train/good/0462.JPG,,data/datasets/visa/pcb3/Data/Images/Normal/0462.JPG
visa,pcb3,train,normal,,train/good/0506.JPG,,data/datasets/visa/pcb3/Data/Images/Normal/0506.JPG
visa,pcb3,train,normal,,train/good/0161.JPG,,data/datasets/visa/pcb3/Data/Images/Normal/0161.JPG
visa,pcb3,train,normal,,train/good/0543.JPG,,data/datasets/visa/pcb3/Data/Images/Normal/0543.JPG
visa,pcb3,train,normal,,train/good/0016.JPG,,data/datasets/visa/pcb3/Data/Images/Normal/0016.JPG
visa,pcb3,train,normal,,train/good/0651.JPG,,data/datasets/visa/pcb3/Data/Images/Normal/0651.JPG
visa,pcb3,train,normal,,train/good/0565.JPG,,data/datasets/visa/pcb3/Data/Images/Normal/0565.JPG
visa,pcb3,train,normal,,train/good/0777.JPG,,data/datasets/visa/pcb3/Data/Images/Normal/0777.JPG
visa,pcb3,train,normal,,train/good/0949.JPG,,data/datasets/visa/pcb3/Data/Images/Normal/0949.JPG
visa,pcb3,train,normal,,train/good/0775.JPG,,data/datasets/visa/pcb3/Data/Images/Normal/0775.JPG
visa,pcb3,train,normal,,train/good/0457.JPG,,data/datasets/visa/pcb3/Data/Images/Normal/0457.JPG
visa,pcb3,train,normal,,train/good/0568.JPG,,data/datasets/visa/pcb3/Data/Images/Normal/0568.JPG
visa,pcb3,train,normal,,train/good/0815.JPG,,data/datasets/visa/pcb3/Data/Images/Normal/0815.JPG
visa,pcb3,train,normal,,train/good/0308.JPG,,data/datasets/visa/pcb3/Data/Images/Normal/0308.JPG
visa,pcb3,train,normal,,train/good/0851.JPG,,data/datasets/visa/pcb3/Data/Images/Normal/0851.JPG
visa,pcb3,train,normal,,train/good/0427.JPG,,data/datasets/visa/pcb3/Data/Images/Normal/0427.JPG
visa,pcb3,train,normal,,train/good/0263.JPG,,data/datasets/visa/pcb3/Data/Images/Normal/0263.JPG
visa,pcb3,train,normal,,train/good/0363.JPG,,data/datasets/visa/pcb3/Data/Images/Normal/0363.JPG
visa,pcb3,train,normal,,train/good/0054.JPG,,data/datasets/visa/pcb3/Data/Images/Normal/0054.JPG
visa,pcb3,train,normal,,train/good/0156.JPG,,data/datasets/visa/pcb3/Data/Images/Normal/0156.JPG
visa,pcb3,train,normal,,train/good/0951.JPG,,data/datasets/visa/pcb3/Data/Images/Normal/0951.JPG
visa,pcb3,train,normal,,train/good/0729.JPG,,data/datasets/visa/pcb3/Data/Images/Normal/0729.JPG
visa,pcb3,train,normal,,train/good/0420.JPG,,data/datasets/visa/pcb3/Data/Images/Normal/0420.JPG
visa,pcb3,train,normal,,train/good/0525.JPG,,data/datasets/visa/pcb3/Data/Images/Normal/0525.JPG
visa,pcb3,train,normal,,train/good/0687.JPG,,data/datasets/visa/pcb3/Data/Images/Normal/0687.JPG
visa,pcb3,train,normal,,train/good/0842.JPG,,data/datasets/visa/pcb3/Data/Images/Normal/0842.JPG
visa,pcb3,train,normal,,train/good/0397.JPG,,data/datasets/visa/pcb3/Data/Images/Normal/0397.JPG
visa,pcb3,train,normal,,train/good/0183.JPG,,data/datasets/visa/pcb3/Data/Images/Normal/0183.JPG
visa,pcb3,train,normal,,train/good/0898.JPG,,data/datasets/visa/pcb3/Data/Images/Normal/0898.JPG
visa,pcb3,train,normal,,train/good/0621.JPG,,data/datasets/visa/pcb3/Data/Images/Normal/0621.JPG
visa,pcb3,train,normal,,train/good/0981.JPG,,data/datasets/visa/pcb3/Data/Images/Normal/0981.JPG
visa,pcb3,train,normal,,train/good/0513.JPG,,data/datasets/visa/pcb3/Data/Images/Normal/0513.JPG
visa,pcb3,train,normal,,train/good/0534.JPG,,data/datasets/visa/pcb3/Data/Images/Normal/0534.JPG
visa,pcb3,train,normal,,train/good/0157.JPG,,data/datasets/visa/pcb3/Data/Images/Normal/0157.JPG
visa,pcb3,train,normal,,train/good/0776.JPG,,data/datasets/visa/pcb3/Data/Images/Normal/0776.JPG
visa,pcb3,train,normal,,train/good/0505.JPG,,data/datasets/visa/pcb3/Data/Images/Normal/0505.JPG
visa,pcb3,train,normal,,train/good/0367.JPG,,data/datasets/visa/pcb3/Data/Images/Normal/0367.JPG
visa,pcb3,train,normal,,train/good/0980.JPG,,data/datasets/visa/pcb3/Data/Images/Normal/0980.JPG
visa,pcb3,train,normal,,train/good/0575.JPG,,data/datasets/visa/pcb3/Data/Images/Normal/0575.JPG
visa,pcb3,train,normal,,train/good/0939.JPG,,data/datasets/visa/pcb3/Data/Images/Normal/0939.JPG
visa,pcb3,train,normal,,train/good/0076.JPG,,data/datasets/visa/pcb3/Data/Images/Normal/0076.JPG
visa,pcb3,train,normal,,train/good/0717.JPG,,data/datasets/visa/pcb3/Data/Images/Normal/0717.JPG
visa,pcb3,train,normal,,train/good/0649.JPG,,data/datasets/visa/pcb3/Data/Images/Normal/0649.JPG
visa,pcb3,train,normal,,train/good/0871.JPG,,data/datasets/visa/pcb3/Data/Images/Normal/0871.JPG
visa,pcb3,train,normal,,train/good/0677.JPG,,data/datasets/visa/pcb3/Data/Images/Normal/0677.JPG
visa,pcb3,train,normal,,train/good/0249.JPG,,data/datasets/visa/pcb3/Data/Images/Normal/0249.JPG
visa,pcb3,train,normal,,train/good/0020.JPG,,data/datasets/visa/pcb3/Data/Images/Normal/0020.JPG
visa,pcb3,train,normal,,train/good/0739.JPG,,data/datasets/visa/pcb3/Data/Images/Normal/0739.JPG
visa,pcb3,train,normal,,train/good/0250.JPG,,data/datasets/visa/pcb3/Data/Images/Normal/0250.JPG
visa,pcb3,train,normal,,train/good/0094.JPG,,data/datasets/visa/pcb3/Data/Images/Normal/0094.JPG
visa,pcb3,train,normal,,train/good/0103.JPG,,data/datasets/visa/pcb3/Data/Images/Normal/0103.JPG
visa,pcb3,train,normal,,train/good/0342.JPG,,data/datasets/visa/pcb3/Data/Images/Normal/0342.JPG
visa,pcb3,train,normal,,train/good/0251.JPG,,data/datasets/visa/pcb3/Data/Images/Normal/0251.JPG
visa,pcb3,train,normal,,train/good/0916.JPG,,data/datasets/visa/pcb3/Data/Images/Normal/0916.JPG
visa,pcb3,train,normal,,train/good/0948.JPG,,data/datasets/visa/pcb3/Data/Images/Normal/0948.JPG
visa,pcb3,train,normal,,train/good/0191.JPG,,data/datasets/visa/pcb3/Data/Images/Normal/0191.JPG
visa,pcb3,train,normal,,train/good/0778.JPG,,data/datasets/visa/pcb3/Data/Images/Normal/0778.JPG
visa,pcb3,train,normal,,train/good/0042.JPG,,data/datasets/visa/pcb3/Data/Images/Normal/0042.JPG
visa,pcb3,train,normal,,train/good/0556.JPG,,data/datasets/visa/pcb3/Data/Images/Normal/0556.JPG
visa,pcb3,train,normal,,train/good/0684.JPG,,data/datasets/visa/pcb3/Data/Images/Normal/0684.JPG
visa,pcb3,train,normal,,train/good/0863.JPG,,data/datasets/visa/pcb3/Data/Images/Normal/0863.JPG
visa,pcb3,train,normal,,train/good/0669.JPG,,data/datasets/visa/pcb3/Data/Images/Normal/0669.JPG
visa,pcb3,train,normal,,train/good/0092.JPG,,data/datasets/visa/pcb3/Data/Images/Normal/0092.JPG
visa,pcb3,train,normal,,train/good/0458.JPG,,data/datasets/visa/pcb3/Data/Images/Normal/0458.JPG
visa,pcb3,train,normal,,train/good/0091.JPG,,data/datasets/visa/pcb3/Data/Images/Normal/0091.JPG
visa,pcb3,train,normal,,train/good/0792.JPG,,data/datasets/visa/pcb3/Data/Images/Normal/0792.JPG
visa,pcb3,train,normal,,train/good/0616.JPG,,data/datasets/visa/pcb3/Data/Images/Normal/0616.JPG
visa,pcb3,train,normal,,train/good/0369.JPG,,data/datasets/visa/pcb3/Data/Images/Normal/0369.JPG
visa,pcb3,train,normal,,train/good/0252.JPG,,data/datasets/visa/pcb3/Data/Images/Normal/0252.JPG
visa,pcb3,train,normal,,train/good/0203.JPG,,data/datasets/visa/pcb3/Data/Images/Normal/0203.JPG
visa,pcb3,train,normal,,train/good/0314.JPG,,data/datasets/visa/pcb3/Data/Images/Normal/0314.JPG
visa,pcb3,train,normal,,train/good/0617.JPG,,data/datasets/visa/pcb3/Data/Images/Normal/0617.JPG
visa,pcb3,train,normal,,train/good/0963.JPG,,data/datasets/visa/pcb3/Data/Images/Normal/0963.JPG
visa,pcb3,train,normal,,train/good/0187.JPG,,data/datasets/visa/pcb3/Data/Images/Normal/0187.JPG
visa,pcb3,train,normal,,train/good/0265.JPG,,data/datasets/visa/pcb3/Data/Images/Normal/0265.JPG
visa,pcb3,train,normal,,train/good/0364.JPG,,data/datasets/visa/pcb3/Data/Images/Normal/0364.JPG
visa,pcb3,train,normal,,train/good/0876.JPG,,data/datasets/visa/pcb3/Data/Images/Normal/0876.JPG
visa,pcb3,train,normal,,train/good/0586.JPG,,data/datasets/visa/pcb3/Data/Images/Normal/0586.JPG
visa,pcb3,train,normal,,train/good/0220.JPG,,data/datasets/visa/pcb3/Data/Images/Normal/0220.JPG
visa,pcb3,train,normal,,train/good/0256.JPG,,data/datasets/visa/pcb3/Data/Images/Normal/0256.JPG
visa,pcb3,train,normal,,train/good/0114.JPG,,data/datasets/visa/pcb3/Data/Images/Normal/0114.JPG
visa,pcb3,train,normal,,train/good/0466.JPG,,data/datasets/visa/pcb3/Data/Images/Normal/0466.JPG
visa,pcb3,train,normal,,train/good/0324.JPG,,data/datasets/visa/pcb3/Data/Images/Normal/0324.JPG
visa,pcb3,train,normal,,train/good/0065.JPG,,data/datasets/visa/pcb3/Data/Images/Normal/0065.JPG
visa,pcb3,train,normal,,train/good/1000.JPG,,data/datasets/visa/pcb3/Data/Images/Normal/1000.JPG
visa,pcb3,train,normal,,train/good/0408.JPG,,data/datasets/visa/pcb3/Data/Images/Normal/0408.JPG
visa,pcb3,train,normal,,train/good/0320.JPG,,data/datasets/visa/pcb3/Data/Images/Normal/0320.JPG
visa,pcb3,train,normal,,train/good/0400.JPG,,data/datasets/visa/pcb3/Data/Images/Normal/0400.JPG
visa,pcb3,train,normal,,train/good/0995.JPG,,data/datasets/visa/pcb3/Data/Images/Normal/0995.JPG
visa,pcb3,train,normal,,train/good/0327.JPG,,data/datasets/visa/pcb3/Data/Images/Normal/0327.JPG
visa,pcb3,train,normal,,train/good/0800.JPG,,data/datasets/visa/pcb3/Data/Images/Normal/0800.JPG
visa,pcb3,train,normal,,train/good/0010.JPG,,data/datasets/visa/pcb3/Data/Images/Normal/0010.JPG
visa,pcb3,train,normal,,train/good/0027.JPG,,data/datasets/visa/pcb3/Data/Images/Normal/0027.JPG
visa,pcb3,train,normal,,train/good/0599.JPG,,data/datasets/visa/pcb3/Data/Images/Normal/0599.JPG
visa,pcb3,train,normal,,train/good/0968.JPG,,data/datasets/visa/pcb3/Data/Images/Normal/0968.JPG
visa,pcb3,train,normal,,train/good/0212.JPG,,data/datasets/visa/pcb3/Data/Images/Normal/0212.JPG
visa,pcb3,train,normal,,train/good/0934.JPG,,data/datasets/visa/pcb3/Data/Images/Normal/0934.JPG
visa,pcb3,train,normal,,train/good/0322.JPG,,data/datasets/visa/pcb3/Data/Images/Normal/0322.JPG
visa,pcb3,train,normal,,train/good/0488.JPG,,data/datasets/visa/pcb3/Data/Images/Normal/0488.JPG
visa,pcb3,train,normal,,train/good/0759.JPG,,data/datasets/visa/pcb3/Data/Images/Normal/0759.JPG
visa,pcb3,train,normal,,train/good/0619.JPG,,data/datasets/visa/pcb3/Data/Images/Normal/0619.JPG
visa,pcb3,train,normal,,train/good/0774.JPG,,data/datasets/visa/pcb3/Data/Images/Normal/0774.JPG
visa,pcb3,train,normal,,train/good/0555.JPG,,data/datasets/visa/pcb3/Data/Images/Normal/0555.JPG
visa,pcb3,train,normal,,train/good/0982.JPG,,data/datasets/visa/pcb3/Data/Images/Normal/0982.JPG
visa,pcb3,train,normal,,train/good/0445.JPG,,data/datasets/visa/pcb3/Data/Images/Normal/0445.JPG
visa,pcb3,train,normal,,train/good/0105.JPG,,data/datasets/visa/pcb3/Data/Images/Normal/0105.JPG
visa,pcb3,train,normal,,train/good/0713.JPG,,data/datasets/visa/pcb3/Data/Images/Normal/0713.JPG
visa,pcb3,train,normal,,train/good/0247.JPG,,data/datasets/visa/pcb3/Data/Images/Normal/0247.JPG
visa,pcb3,train,normal,,train/good/0783.JPG,,data/datasets/visa/pcb3/Data/Images/Normal/0783.JPG
visa,pcb3,train,normal,,train/good/0735.JPG,,data/datasets/visa/pcb3/Data/Images/Normal/0735.JPG
visa,pcb3,train,normal,,train/good/0118.JPG,,data/datasets/visa/pcb3/Data/Images/Normal/0118.JPG
visa,pcb3,train,normal,,train/good/0165.JPG,,data/datasets/visa/pcb3/Data/Images/Normal/0165.JPG
visa,pcb3,train,normal,,train/good/0763.JPG,,data/datasets/visa/pcb3/Data/Images/Normal/0763.JPG
visa,pcb3,train,normal,,train/good/0245.JPG,,data/datasets/visa/pcb3/Data/Images/Normal/0245.JPG
visa,pcb3,train,normal,,train/good/0762.JPG,,data/datasets/visa/pcb3/Data/Images/Normal/0762.JPG
visa,pcb3,train,normal,,train/good/0631.JPG,,data/datasets/visa/pcb3/Data/Images/Normal/0631.JPG
visa,pcb3,train,normal,,train/good/0610.JPG,,data/datasets/visa/pcb3/Data/Images/Normal/0610.JPG
visa,pcb3,train,normal,,train/good/0825.JPG,,data/datasets/visa/pcb3/Data/Images/Normal/0825.JPG
visa,pcb3,train,normal,,train/good/0804.JPG,,data/datasets/visa/pcb3/Data/Images/Normal/0804.JPG
visa,pcb3,train,normal,,train/good/0795.JPG,,data/datasets/visa/pcb3/Data/Images/Normal/0795.JPG
visa,pcb3,train,anomaly,,train/anomaly/053.JPG,train/masks/053.png,data/datasets/visa/pcb3/Data/Images/Anomaly/053.JPG
visa,pcb3,train,anomaly,,train/anomaly/037.JPG,train/masks/037.png,data/datasets/visa/pcb3/Data/Images/Anomaly/037.JPG
visa,pcb3,train,anomaly,,train/anomaly/065.JPG,train/masks/065.png,data/datasets/visa/pcb3/Data/Images/Anomaly/065.JPG
visa,pcb3,train,anomaly,,train/anomaly/051.JPG,train/masks/051.png,data/datasets/visa/pcb3/Data/Images/Anomaly/051.JPG
visa,pcb3,train,anomaly,,train/anomaly/004.JPG,train/masks/004.png,data/datasets/visa/pcb3/Data/Images/Anomaly/004.JPG
visa,pcb3,train,anomaly,,train/anomaly/020.JPG,train/masks/020.png,data/datasets/visa/pcb3/Data/Images/Anomaly/020.JPG
visa,pcb3,train,anomaly,,train/anomaly/038.JPG,train/masks/038.png,data/datasets/visa/pcb3/Data/Images/Anomaly/038.JPG
visa,pcb3,train,anomaly,,train/anomaly/009.JPG,train/masks/009.png,data/datasets/visa/pcb3/Data/Images/Anomaly/009.JPG
visa,pcb3,train,anomaly,,train/anomaly/010.JPG,train/masks/010.png,data/datasets/visa/pcb3/Data/Images/Anomaly/010.JPG
visa,pcb3,train,anomaly,,train/anomaly/081.JPG,train/masks/081.png,data/datasets/visa/pcb3/Data/Images/Anomaly/081.JPG
visa,pcb3,train,anomaly,,train/anomaly/044.JPG,train/masks/044.png,data/datasets/visa/pcb3/Data/Images/Anomaly/044.JPG
visa,pcb3,train,anomaly,,train/anomaly/036.JPG,train/masks/036.png,data/datasets/visa/pcb3/Data/Images/Anomaly/036.JPG
visa,pcb3,train,anomaly,,train/anomaly/084.JPG,train/masks/084.png,data/datasets/visa/pcb3/Data/Images/Anomaly/084.JPG
visa,pcb3,train,anomaly,,train/anomaly/050.JPG,train/masks/050.png,data/datasets/visa/pcb3/Data/Images/Anomaly/050.JPG
visa,pcb3,train,anomaly,,train/anomaly/096.JPG,train/masks/096.png,data/datasets/visa/pcb3/Data/Images/Anomaly/096.JPG
visa,pcb3,train,anomaly,,train/anomaly/090.JPG,train/masks/090.png,data/datasets/visa/pcb3/Data/Images/Anomaly/090.JPG
visa,pcb3,train,anomaly,,train/anomaly/066.JPG,train/masks/066.png,data/datasets/visa/pcb3/Data/Images/Anomaly/066.JPG
visa,pcb3,train,anomaly,,train/anomaly/016.JPG,train/masks/016.png,data/datasets/visa/pcb3/Data/Images/Anomaly/016.JPG
visa,pcb3,train,anomaly,,train/anomaly/080.JPG,train/masks/080.png,data/datasets/visa/pcb3/Data/Images/Anomaly/080.JPG
visa,pcb3,train,anomaly,,train/anomaly/033.JPG,train/masks/033.png,data/datasets/visa/pcb3/Data/Images/Anomaly/033.JPG
visa,pcb3,train,anomaly,,train/anomaly/024.JPG,train/masks/024.png,data/datasets/visa/pcb3/Data/Images/Anomaly/024.JPG
visa,pcb3,train,anomaly,,train/anomaly/052.JPG,train/masks/052.png,data/datasets/visa/pcb3/Data/Images/Anomaly/052.JPG
visa,pcb3,train,anomaly,,train/anomaly/091.JPG,train/masks/091.png,data/datasets/visa/pcb3/Data/Images/Anomaly/091.JPG
visa,pcb3,train,anomaly,,train/anomaly/099.JPG,train/masks/099.png,data/datasets/visa/pcb3/Data/Images/Anomaly/099.JPG
visa,pcb3,train,anomaly,,train/anomaly/064.JPG,train/masks/064.png,data/datasets/visa/pcb3/Data/Images/Anomaly/064.JPG
visa,pcb3,train,anomaly,,train/anomaly/005.JPG,train/masks/005.png,data/datasets/visa/pcb3/Data/Images/Anomaly/005.JPG
visa,pcb3,train,anomaly,,train/anomaly/058.JPG,train/masks/058.png,data/datasets/visa/pcb3/Data/Images/Anomaly/058.JPG
visa,pcb3,train,anomaly,,train/anomaly/076.JPG,train/masks/076.png,data/datasets/visa/pcb3/Data/Images/Anomaly/076.JPG
visa,pcb3,train,anomaly,,train/anomaly/039.JPG,train/masks/039.png,data/datasets/visa/pcb3/Data/Images/Anomaly/039.JPG
visa,pcb3,train,anomaly,,train/anomaly/079.JPG,train/masks/079.png,data/datasets/visa/pcb3/Data/Images/Anomaly/079.JPG
visa,pcb3,train,anomaly,,train/anomaly/023.JPG,train/masks/023.png,data/datasets/visa/pcb3/Data/Images/Anomaly/023.JPG
visa,pcb3,train,anomaly,,train/anomaly/094.JPG,train/masks/094.png,data/datasets/visa/pcb3/Data/Images/Anomaly/094.JPG
visa,pcb3,train,anomaly,,train/anomaly/030.JPG,train/masks/030.png,data/datasets/visa/pcb3/Data/Images/Anomaly/030.JPG
visa,pcb3,train,anomaly,,train/anomaly/073.JPG,train/masks/073.png,data/datasets/visa/pcb3/Data/Images/Anomaly/073.JPG
visa,pcb3,train,anomaly,,train/anomaly/025.JPG,train/masks/025.png,data/datasets/visa/pcb3/Data/Images/Anomaly/025.JPG
visa,pcb3,train,anomaly,,train/anomaly/047.JPG,train/masks/047.png,data/datasets/visa/pcb3/Data/Images/Anomaly/047.JPG
visa,pcb3,train,anomaly,,train/anomaly/031.JPG,train/masks/031.png,data/datasets/visa/pcb3/Data/Images/Anomaly/031.JPG
visa,pcb3,train,anomaly,,train/anomaly/045.JPG,train/masks/045.png,data/datasets/visa/pcb3/Data/Images/Anomaly/045.JPG
visa,pcb3,train,anomaly,,train/anomaly/019.JPG,train/masks/019.png,data/datasets/visa/pcb3/Data/Images/Anomaly/019.JPG
visa,pcb3,train,anomaly,,train/anomaly/087.JPG,train/masks/087.png,data/datasets/visa/pcb3/Data/Images/Anomaly/087.JPG
visa,pcb3,train,anomaly,,train/anomaly/042.JPG,train/masks/042.png,data/datasets/visa/pcb3/Data/Images/Anomaly/042.JPG
visa,pcb3,train,anomaly,,train/anomaly/068.JPG,train/masks/068.png,data/datasets/visa/pcb3/Data/Images/Anomaly/068.JPG
visa,pcb3,train,anomaly,,train/anomaly/095.JPG,train/masks/095.png,data/datasets/visa/pcb3/Data/Images/Anomaly/095.JPG
visa,pcb3,train,anomaly,,train/anomaly/021.JPG,train/masks/021.png,data/datasets/visa/pcb3/Data/Images/Anomaly/021.JPG
visa,pcb3,train,anomaly,,train/anomaly/007.JPG,train/masks/007.png,data/datasets/visa/pcb3/Data/Images/Anomaly/007.JPG
visa,pcb3,train,anomaly,,train/anomaly/067.JPG,train/masks/067.png,data/datasets/visa/pcb3/Data/Images/Anomaly/067.JPG
visa,pcb3,train,anomaly,,train/anomaly/046.JPG,train/masks/046.png,data/datasets/visa/pcb3/Data/Images/Anomaly/046.JPG
visa,pcb3,train,anomaly,,train/anomaly/082.JPG,train/masks/082.png,data/datasets/visa/pcb3/Data/Images/Anomaly/082.JPG
visa,pcb3,train,anomaly,,train/anomaly/011.JPG,train/masks/011.png,data/datasets/visa/pcb3/Data/Images/Anomaly/011.JPG
visa,pcb3,train,anomaly,,train/anomaly/006.JPG,train/masks/006.png,data/datasets/visa/pcb3/Data/Images/Anomaly/006.JPG
visa,pcb3,train,anomaly,,train/anomaly/041.JPG,train/masks/041.png,data/datasets/visa/pcb3/Data/Images/Anomaly/041.JPG
visa,pcb3,train,anomaly,,train/anomaly/086.JPG,train/masks/086.png,data/datasets/visa/pcb3/Data/Images/Anomaly/086.JPG
visa,pcb3,train,anomaly,,train/anomaly/088.JPG,train/masks/088.png,data/datasets/visa/pcb3/Data/Images/Anomaly/088.JPG
visa,pcb3,train,anomaly,,train/anomaly/070.JPG,train/masks/070.png,data/datasets/visa/pcb3/Data/Images/Anomaly/070.JPG
visa,pcb3,train,anomaly,,train/anomaly/018.JPG,train/masks/018.png,data/datasets/visa/pcb3/Data/Images/Anomaly/018.JPG
visa,pcb3,train,anomaly,,train/anomaly/078.JPG,train/masks/078.png,data/datasets/visa/pcb3/Data/Images/Anomaly/078.JPG
visa,pcb3,train,anomaly,,train/anomaly/071.JPG,train/masks/071.png,data/datasets/visa/pcb3/Data/Images/Anomaly/071.JPG
visa,pcb3,train,anomaly,,train/anomaly/059.JPG,train/masks/059.png,data/datasets/visa/pcb3/Data/Images/Anomaly/059.JPG
visa,pcb3,train,anomaly,,train/anomaly/043.JPG,train/masks/043.png,data/datasets/visa/pcb3/Data/Images/Anomaly/043.JPG
visa,pcb3,train,anomaly,,train/anomaly/061.JPG,train/masks/061.png,data/datasets/visa/pcb3/Data/Images/Anomaly/061.JPG
visa,pcb3,test,normal,,test/good/0862.JPG,,data/datasets/visa/pcb3/Data/Images/Normal/0862.JPG
visa,pcb3,test,normal,,test/good/0613.JPG,,data/datasets/visa/pcb3/Data/Images/Normal/0613.JPG
visa,pcb3,test,normal,,test/good/0046.JPG,,data/datasets/visa/pcb3/Data/Images/Normal/0046.JPG
visa,pcb3,test,normal,,test/good/0886.JPG,,data/datasets/visa/pcb3/Data/Images/Normal/0886.JPG
visa,pcb3,test,normal,,test/good/0283.JPG,,data/datasets/visa/pcb3/Data/Images/Normal/0283.JPG
visa,pcb3,test,normal,,test/good/0468.JPG,,data/datasets/visa/pcb3/Data/Images/Normal/0468.JPG
visa,pcb3,test,normal,,test/good/0624.JPG,,data/datasets/visa/pcb3/Data/Images/Normal/0624.JPG
visa,pcb3,test,normal,,test/good/0661.JPG,,data/datasets/visa/pcb3/Data/Images/Normal/0661.JPG
visa,pcb3,test,normal,,test/good/0577.JPG,,data/datasets/visa/pcb3/Data/Images/Normal/0577.JPG
visa,pcb3,test,normal,,test/good/0302.JPG,,data/datasets/visa/pcb3/Data/Images/Normal/0302.JPG
visa,pcb3,test,normal,,test/good/0830.JPG,,data/datasets/visa/pcb3/Data/Images/Normal/0830.JPG
visa,pcb3,test,normal,,test/good/0273.JPG,,data/datasets/visa/pcb3/Data/Images/Normal/0273.JPG
visa,pcb3,test,normal,,test/good/0083.JPG,,data/datasets/visa/pcb3/Data/Images/Normal/0083.JPG
visa,pcb3,test,normal,,test/good/0579.JPG,,data/datasets/visa/pcb3/Data/Images/Normal/0579.JPG
visa,pcb3,test,normal,,test/good/0229.JPG,,data/datasets/visa/pcb3/Data/Images/Normal/0229.JPG
visa,pcb3,test,normal,,test/good/0991.JPG,,data/datasets/visa/pcb3/Data/Images/Normal/0991.JPG
visa,pcb3,test,normal,,test/good/0584.JPG,,data/datasets/visa/pcb3/Data/Images/Normal/0584.JPG
visa,pcb3,test,normal,,test/good/0716.JPG,,data/datasets/visa/pcb3/Data/Images/Normal/0716.JPG
visa,pcb3,test,normal,,test/good/0697.JPG,,data/datasets/visa/pcb3/Data/Images/Normal/0697.JPG
visa,pcb3,test,normal,,test/good/0986.JPG,,data/datasets/visa/pcb3/Data/Images/Normal/0986.JPG
visa,pcb3,test,normal,,test/good/0117.JPG,,data/datasets/visa/pcb3/Data/Images/Normal/0117.JPG
visa,pcb3,test,normal,,test/good/0349.JPG,,data/datasets/visa/pcb3/Data/Images/Normal/0349.JPG
visa,pcb3,test,normal,,test/good/0744.JPG,,data/datasets/visa/pcb3/Data/Images/Normal/0744.JPG
visa,pcb3,test,normal,,test/good/0150.JPG,,data/datasets/visa/pcb3/Data/Images/Normal/0150.JPG
visa,pcb3,test,normal,,test/good/0389.JPG,,data/datasets/visa/pcb3/Data/Images/Normal/0389.JPG
visa,pcb3,test,normal,,test/good/0074.JPG,,data/datasets/visa/pcb3/Data/Images/Normal/0074.JPG
visa,pcb3,test,normal,,test/good/0416.JPG,,data/datasets/visa/pcb3/Data/Images/Normal/0416.JPG
visa,pcb3,test,normal,,test/good/0040.JPG,,data/datasets/visa/pcb3/Data/Images/Normal/0040.JPG
visa,pcb3,test,normal,,test/good/0727.JPG,,data/datasets/visa/pcb3/Data/Images/Normal/0727.JPG
visa,pcb3,test,normal,,test/good/0918.JPG,,data/datasets/visa/pcb3/Data/Images/Normal/0918.JPG
visa,pcb3,test,normal,,test/good/0803.JPG,,data/datasets/visa/pcb3/Data/Images/Normal/0803.JPG
visa,pcb3,test,normal,,test/good/0593.JPG,,data/datasets/visa/pcb3/Data/Images/Normal/0593.JPG
visa,pcb3,test,normal,,test/good/0670.JPG,,data/datasets/visa/pcb3/Data/Images/Normal/0670.JPG
visa,pcb3,test,normal,,test/good/0500.JPG,,data/datasets/visa/pcb3/Data/Images/Normal/0500.JPG
visa,pcb3,test,normal,,test/good/0618.JPG,,data/datasets/visa/pcb3/Data/Images/Normal/0618.JPG
visa,pcb3,test,normal,,test/good/0658.JPG,,data/datasets/visa/pcb3/Data/Images/Normal/0658.JPG
visa,pcb3,test,normal,,test/good/0298.JPG,,data/datasets/visa/pcb3/Data/Images/Normal/0298.JPG
visa,pcb3,test,normal,,test/good/0768.JPG,,data/datasets/visa/pcb3/Data/Images/Normal/0768.JPG
visa,pcb3,test,normal,,test/good/0348.JPG,,data/datasets/visa/pcb3/Data/Images/Normal/0348.JPG
visa,pcb3,test,normal,,test/good/0346.JPG,,data/datasets/visa/pcb3/Data/Images/Normal/0346.JPG
visa,pcb3,test,normal,,test/good/0376.JPG,,data/datasets/visa/pcb3/Data/Images/Normal/0376.JPG
visa,pcb3,test,normal,,test/good/0781.JPG,,data/datasets/visa/pcb3/Data/Images/Normal/0781.JPG
visa,pcb3,test,normal,,test/good/0955.JPG,,data/datasets/visa/pcb3/Data/Images/Normal/0955.JPG
visa,pcb3,test,normal,,test/good/0812.JPG,,data/datasets/visa/pcb3/Data/Images/Normal/0812.JPG
visa,pcb3,test,normal,,test/good/0926.JPG,,data/datasets/visa/pcb3/Data/Images/Normal/0926.JPG
visa,pcb3,test,normal,,test/good/0274.JPG,,data/datasets/visa/pcb3/Data/Images/Normal/0274.JPG
visa,pcb3,test,normal,,test/good/0993.JPG,,data/datasets/visa/pcb3/Data/Images/Normal/0993.JPG
visa,pcb3,test,normal,,test/good/0819.JPG,,data/datasets/visa/pcb3/Data/Images/Normal/0819.JPG
visa,pcb3,test,normal,,test/good/0170.JPG,,data/datasets/visa/pcb3/Data/Images/Normal/0170.JPG
visa,pcb3,test,normal,,test/good/0173.JPG,,data/datasets/visa/pcb3/Data/Images/Normal/0173.JPG
visa,pcb3,test,normal,,test/good/0136.JPG,,data/datasets/visa/pcb3/Data/Images/Normal/0136.JPG
visa,pcb3,test,normal,,test/good/0086.JPG,,data/datasets/visa/pcb3/Data/Images/Normal/0086.JPG
visa,pcb3,test,normal,,test/good/0041.JPG,,data/datasets/visa/pcb3/Data/Images/Normal/0041.JPG
visa,pcb3,test,normal,,test/good/0066.JPG,,data/datasets/visa/pcb3/Data/Images/Normal/0066.JPG
visa,pcb3,test,normal,,test/good/0240.JPG,,data/datasets/visa/pcb3/Data/Images/Normal/0240.JPG
visa,pcb3,test,normal,,test/good/0545.JPG,,data/datasets/visa/pcb3/Data/Images/Normal/0545.JPG
visa,pcb3,test,normal,,test/good/0824.JPG,,data/datasets/visa/pcb3/Data/Images/Normal/0824.JPG
visa,pcb3,test,normal,,test/good/0547.JPG,,data/datasets/visa/pcb3/Data/Images/Normal/0547.JPG
visa,pcb3,test,normal,,test/good/0786.JPG,,data/datasets/visa/pcb3/Data/Images/Normal/0786.JPG
visa,pcb3,test,normal,,test/good/0560.JPG,,data/datasets/visa/pcb3/Data/Images/Normal/0560.JPG
visa,pcb3,test,normal,,test/good/0992.JPG,,data/datasets/visa/pcb3/Data/Images/Normal/0992.JPG
visa,pcb3,test,normal,,test/good/0098.JPG,,data/datasets/visa/pcb3/Data/Images/Normal/0098.JPG
visa,pcb3,test,normal,,test/good/0976.JPG,,data/datasets/visa/pcb3/Data/Images/Normal/0976.JPG
visa,pcb3,test,normal,,test/good/0218.JPG,,data/datasets/visa/pcb3/Data/Images/Normal/0218.JPG
visa,pcb3,test,normal,,test/good/0439.JPG,,data/datasets/visa/pcb3/Data/Images/Normal/0439.JPG
visa,pcb3,test,normal,,test/good/0347.JPG,,data/datasets/visa/pcb3/Data/Images/Normal/0347.JPG
visa,pcb3,test,normal,,test/good/0138.JPG,,data/datasets/visa/pcb3/Data/Images/Normal/0138.JPG
visa,pcb3,test,normal,,test/good/0576.JPG,,data/datasets/visa/pcb3/Data/Images/Normal/0576.JPG
visa,pcb3,test,normal,,test/good/0335.JPG,,data/datasets/visa/pcb3/Data/Images/Normal/0335.JPG
visa,pcb3,test,normal,,test/good/0696.JPG,,data/datasets/visa/pcb3/Data/Images/Normal/0696.JPG
visa,pcb3,test,normal,,test/good/0160.JPG,,data/datasets/visa/pcb3/Data/Images/Normal/0160.JPG
visa,pcb3,test,normal,,test/good/0751.JPG,,data/datasets/visa/pcb3/Data/Images/Normal/0751.JPG
visa,pcb3,test,normal,,test/good/0288.JPG,,data/datasets/visa/pcb3/Data/Images/Normal/0288.JPG
visa,pcb3,test,normal,,test/good/0411.JPG,,data/datasets/visa/pcb3/Data/Images/Normal/0411.JPG
visa,pcb3,test,normal,,test/good/0626.JPG,,data/datasets/visa/pcb3/Data/Images/Normal/0626.JPG
visa,pcb3,test,normal,,test/good/0333.JPG,,data/datasets/visa/pcb3/Data/Images/Normal/0333.JPG
visa,pcb3,test,normal,,test/good/0885.JPG,,data/datasets/visa/pcb3/Data/Images/Normal/0885.JPG
visa,pcb3,test,normal,,test/good/0912.JPG,,data/datasets/visa/pcb3/Data/Images/Normal/0912.JPG
visa,pcb3,test,normal,,test/good/0826.JPG,,data/datasets/visa/pcb3/Data/Images/Normal/0826.JPG
visa,pcb3,test,normal,,test/good/0929.JPG,,data/datasets/visa/pcb3/Data/Images/Normal/0929.JPG
visa,pcb3,test,normal,,test/good/0984.JPG,,data/datasets/visa/pcb3/Data/Images/Normal/0984.JPG
visa,pcb3,test,normal,,test/good/0681.JPG,,data/datasets/visa/pcb3/Data/Images/Normal/0681.JPG
visa,pcb3,test,normal,,test/good/0106.JPG,,data/datasets/visa/pcb3/Data/Images/Normal/0106.JPG
visa,pcb3,test,normal,,test/good/0504.JPG,,data/datasets/visa/pcb3/Data/Images/Normal/0504.JPG
visa,pcb3,test,normal,,test/good/0198.JPG,,data/datasets/visa/pcb3/Data/Images/Normal/0198.JPG
visa,pcb3,test,normal,,test/good/0972.JPG,,data/datasets/visa/pcb3/Data/Images/Normal/0972.JPG
visa,pcb3,test,normal,,test/good/0983.JPG,,data/datasets/visa/pcb3/Data/Images/Normal/0983.JPG
visa,pcb3,test,normal,,test/good/0893.JPG,,data/datasets/visa/pcb3/Data/Images/Normal/0893.JPG
visa,pcb3,test,normal,,test/good/0587.JPG,,data/datasets/visa/pcb3/Data/Images/Normal/0587.JPG
visa,pcb3,test,normal,,test/good/0834.JPG,,data/datasets/visa/pcb3/Data/Images/Normal/0834.JPG
visa,pcb3,test,normal,,test/good/0101.JPG,,data/datasets/visa/pcb3/Data/Images/Normal/0101.JPG
visa,pcb3,test,normal,,test/good/0355.JPG,,data/datasets/visa/pcb3/Data/Images/Normal/0355.JPG
visa,pcb3,test,normal,,test/good/0205.JPG,,data/datasets/visa/pcb3/Data/Images/Normal/0205.JPG
visa,pcb3,test,normal,,test/good/0387.JPG,,data/datasets/visa/pcb3/Data/Images/Normal/0387.JPG
visa,pcb3,test,normal,,test/good/0706.JPG,,data/datasets/visa/pcb3/Data/Images/Normal/0706.JPG
visa,pcb3,test,normal,,test/good/0521.JPG,,data/datasets/visa/pcb3/Data/Images/Normal/0521.JPG
visa,pcb3,test,normal,,test/good/0637.JPG,,data/datasets/visa/pcb3/Data/Images/Normal/0637.JPG
visa,pcb3,test,normal,,test/good/0175.JPG,,data/datasets/visa/pcb3/Data/Images/Normal/0175.JPG
visa,pcb3,test,normal,,test/good/0471.JPG,,data/datasets/visa/pcb3/Data/Images/Normal/0471.JPG
visa,pcb3,test,normal,,test/good/0829.JPG,,data/datasets/visa/pcb3/Data/Images/Normal/0829.JPG
visa,pcb3,test,normal,,test/good/0222.JPG,,data/datasets/visa/pcb3/Data/Images/Normal/0222.JPG
visa,pcb3,test,normal,,test/good/0604.JPG,,data/datasets/visa/pcb3/Data/Images/Normal/0604.JPG
visa,pcb3,test,normal,,test/good/0038.JPG,,data/datasets/visa/pcb3/Data/Images/Normal/0038.JPG
visa,pcb3,test,normal,,test/good/0835.JPG,,data/datasets/visa/pcb3/Data/Images/Normal/0835.JPG
visa,pcb3,test,normal,,test/good/0008.JPG,,data/datasets/visa/pcb3/Data/Images/Normal/0008.JPG
visa,pcb3,test,normal,,test/good/0133.JPG,,data/datasets/visa/pcb3/Data/Images/Normal/0133.JPG
visa,pcb3,test,normal,,test/good/0258.JPG,,data/datasets/visa/pcb3/Data/Images/Normal/0258.JPG
visa,pcb3,test,normal,,test/good/0578.JPG,,data/datasets/visa/pcb3/Data/Images/Normal/0578.JPG
visa,pcb3,test,normal,,test/good/0938.JPG,,data/datasets/visa/pcb3/Data/Images/Normal/0938.JPG
visa,pcb3,test,normal,,test/good/0162.JPG,,data/datasets/visa/pcb3/Data/Images/Normal/0162.JPG
visa,pcb3,test,normal,,test/good/0722.JPG,,data/datasets/visa/pcb3/Data/Images/Normal/0722.JPG
visa,pcb3,test,normal,,test/good/0317.JPG,,data/datasets/visa/pcb3/Data/Images/Normal/0317.JPG
visa,pcb3,test,normal,,test/good/0078.JPG,,data/datasets/visa/pcb3/Data/Images/Normal/0078.JPG
visa,pcb3,test,normal,,test/good/0799.JPG,,data/datasets/visa/pcb3/Data/Images/Normal/0799.JPG
visa,pcb3,test,normal,,test/good/0313.JPG,,data/datasets/visa/pcb3/Data/Images/Normal/0313.JPG
visa,pcb3,test,normal,,test/good/0048.JPG,,data/datasets/visa/pcb3/Data/Images/Normal/0048.JPG
visa,pcb3,test,normal,,test/good/0217.JPG,,data/datasets/visa/pcb3/Data/Images/Normal/0217.JPG
visa,pcb3,test,normal,,test/good/0128.JPG,,data/datasets/visa/pcb3/Data/Images/Normal/0128.JPG
visa,pcb3,test,normal,,test/good/0305.JPG,,data/datasets/visa/pcb3/Data/Images/Normal/0305.JPG
visa,pcb3,test,normal,,test/good/0060.JPG,,data/datasets/visa/pcb3/Data/Images/Normal/0060.JPG
visa,pcb3,test,normal,,test/good/0931.JPG,,data/datasets/visa/pcb3/Data/Images/Normal/0931.JPG
visa,pcb3,test,normal,,test/good/0646.JPG,,data/datasets/visa/pcb3/Data/Images/Normal/0646.JPG
visa,pcb3,test,normal,,test/good/0919.JPG,,data/datasets/visa/pcb3/Data/Images/Normal/0919.JPG
visa,pcb3,test,normal,,test/good/0328.JPG,,data/datasets/visa/pcb3/Data/Images/Normal/0328.JPG
visa,pcb3,test,normal,,test/good/0589.JPG,,data/datasets/visa/pcb3/Data/Images/Normal/0589.JPG
visa,pcb3,test,normal,,test/good/0691.JPG,,data/datasets/visa/pcb3/Data/Images/Normal/0691.JPG
visa,pcb3,test,normal,,test/good/0404.JPG,,data/datasets/visa/pcb3/Data/Images/Normal/0404.JPG
visa,pcb3,test,normal,,test/good/0971.JPG,,data/datasets/visa/pcb3/Data/Images/Normal/0971.JPG
visa,pcb3,test,normal,,test/good/0664.JPG,,data/datasets/visa/pcb3/Data/Images/Normal/0664.JPG
visa,pcb3,test,normal,,test/good/0536.JPG,,data/datasets/visa/pcb3/Data/Images/Normal/0536.JPG
visa,pcb3,test,normal,,test/good/0228.JPG,,data/datasets/visa/pcb3/Data/Images/Normal/0228.JPG
visa,pcb3,test,normal,,test/good/0461.JPG,,data/datasets/visa/pcb3/Data/Images/Normal/0461.JPG
visa,pcb3,test,normal,,test/good/0528.JPG,,data/datasets/visa/pcb3/Data/Images/Normal/0528.JPG
visa,pcb3,test,normal,,test/good/0711.JPG,,data/datasets/visa/pcb3/Data/Images/Normal/0711.JPG
visa,pcb3,test,normal,,test/good/0645.JPG,,data/datasets/visa/pcb3/Data/Images/Normal/0645.JPG
visa,pcb3,test,normal,,test/good/0225.JPG,,data/datasets/visa/pcb3/Data/Images/Normal/0225.JPG
visa,pcb3,test,normal,,test/good/0557.JPG,,data/datasets/visa/pcb3/Data/Images/Normal/0557.JPG
visa,pcb3,test,normal,,test/good/0833.JPG,,data/datasets/visa/pcb3/Data/Images/Normal/0833.JPG
visa,pcb3,test,normal,,test/good/0694.JPG,,data/datasets/visa/pcb3/Data/Images/Normal/0694.JPG
visa,pcb3,test,normal,,test/good/0518.JPG,,data/datasets/visa/pcb3/Data/Images/Normal/0518.JPG
visa,pcb3,test,normal,,test/good/0721.JPG,,data/datasets/visa/pcb3/Data/Images/Normal/0721.JPG
visa,pcb3,test,normal,,test/good/0977.JPG,,data/datasets/visa/pcb3/Data/Images/Normal/0977.JPG
visa,pcb3,test,normal,,test/good/0164.JPG,,data/datasets/visa/pcb3/Data/Images/Normal/0164.JPG
visa,pcb3,test,normal,,test/good/0736.JPG,,data/datasets/visa/pcb3/Data/Images/Normal/0736.JPG
visa,pcb3,test,normal,,test/good/0036.JPG,,data/datasets/visa/pcb3/Data/Images/Normal/0036.JPG
visa,pcb3,test,normal,,test/good/0149.JPG,,data/datasets/visa/pcb3/Data/Images/Normal/0149.JPG
visa,pcb3,test,normal,,test/good/0406.JPG,,data/datasets/visa/pcb3/Data/Images/Normal/0406.JPG
visa,pcb3,test,normal,,test/good/0018.JPG,,data/datasets/visa/pcb3/Data/Images/Normal/0018.JPG
visa,pcb3,test,normal,,test/good/0230.JPG,,data/datasets/visa/pcb3/Data/Images/Normal/0230.JPG
visa,pcb3,test,normal,,test/good/0021.JPG,,data/datasets/visa/pcb3/Data/Images/Normal/0021.JPG
visa,pcb3,test,normal,,test/good/0442.JPG,,data/datasets/visa/pcb3/Data/Images/Normal/0442.JPG
visa,pcb3,test,normal,,test/good/0620.JPG,,data/datasets/visa/pcb3/Data/Images/Normal/0620.JPG
visa,pcb3,test,normal,,test/good/0990.JPG,,data/datasets/visa/pcb3/Data/Images/Normal/0990.JPG
visa,pcb3,test,normal,,test/good/0522.JPG,,data/datasets/visa/pcb3/Data/Images/Normal/0522.JPG
visa,pcb3,test,normal,,test/good/0747.JPG,,data/datasets/visa/pcb3/Data/Images/Normal/0747.JPG
visa,pcb3,test,normal,,test/good/0259.JPG,,data/datasets/visa/pcb3/Data/Images/Normal/0259.JPG
visa,pcb3,test,normal,,test/good/0111.JPG,,data/datasets/visa/pcb3/Data/Images/Normal/0111.JPG
visa,pcb3,test,normal,,test/good/0264.JPG,,data/datasets/visa/pcb3/Data/Images/Normal/0264.JPG
visa,pcb3,test,normal,,test/good/0192.JPG,,data/datasets/visa/pcb3/Data/Images/Normal/0192.JPG
visa,pcb3,test,normal,,test/good/0431.JPG,,data/datasets/visa/pcb3/Data/Images/Normal/0431.JPG
visa,pcb3,test,normal,,test/good/0351.JPG,,data/datasets/visa/pcb3/Data/Images/Normal/0351.JPG
visa,pcb3,test,normal,,test/good/0395.JPG,,data/datasets/visa/pcb3/Data/Images/Normal/0395.JPG
visa,pcb3,test,normal,,test/good/0319.JPG,,data/datasets/visa/pcb3/Data/Images/Normal/0319.JPG
visa,pcb3,test,normal,,test/good/0024.JPG,,data/datasets/visa/pcb3/Data/Images/Normal/0024.JPG
visa,pcb3,test,normal,,test/good/0116.JPG,,data/datasets/visa/pcb3/Data/Images/Normal/0116.JPG
visa,pcb3,test,normal,,test/good/0485.JPG,,data/datasets/visa/pcb3/Data/Images/Normal/0485.JPG
visa,pcb3,test,normal,,test/good/0508.JPG,,data/datasets/visa/pcb3/Data/Images/Normal/0508.JPG
visa,pcb3,test,normal,,test/good/0329.JPG,,data/datasets/visa/pcb3/Data/Images/Normal/0329.JPG
visa,pcb3,test,normal,,test/good/0895.JPG,,data/datasets/visa/pcb3/Data/Images/Normal/0895.JPG
visa,pcb3,test,normal,,test/good/0465.JPG,,data/datasets/visa/pcb3/Data/Images/Normal/0465.JPG
visa,pcb3,test,normal,,test/good/0301.JPG,,data/datasets/visa/pcb3/Data/Images/Normal/0301.JPG
visa,pcb3,test,normal,,test/good/0969.JPG,,data/datasets/visa/pcb3/Data/Images/Normal/0969.JPG
visa,pcb3,test,normal,,test/good/0663.JPG,,data/datasets/visa/pcb3/Data/Images/Normal/0663.JPG
visa,pcb3,test,normal,,test/good/0279.JPG,,data/datasets/visa/pcb3/Data/Images/Normal/0279.JPG
visa,pcb3,test,normal,,test/good/0672.JPG,,data/datasets/visa/pcb3/Data/Images/Normal/0672.JPG
visa,pcb3,test,normal,,test/good/0865.JPG,,data/datasets/visa/pcb3/Data/Images/Normal/0865.JPG
visa,pcb3,test,normal,,test/good/0953.JPG,,data/datasets/visa/pcb3/Data/Images/Normal/0953.JPG
visa,pcb3,test,normal,,test/good/0843.JPG,,data/datasets/visa/pcb3/Data/Images/Normal/0843.JPG
visa,pcb3,test,normal,,test/good/0163.JPG,,data/datasets/visa/pcb3/Data/Images/Normal/0163.JPG
visa,pcb3,test,normal,,test/good/0171.JPG,,data/datasets/visa/pcb3/Data/Images/Normal/0171.JPG
visa,pcb3,test,normal,,test/good/0071.JPG,,data/datasets/visa/pcb3/Data/Images/Normal/0071.JPG
visa,pcb3,test,normal,,test/good/0297.JPG,,data/datasets/visa/pcb3/Data/Images/Normal/0297.JPG
visa,pcb3,test,normal,,test/good/0854.JPG,,data/datasets/visa/pcb3/Data/Images/Normal/0854.JPG
visa,pcb3,test,normal,,test/good/0189.JPG,,data/datasets/visa/pcb3/Data/Images/Normal/0189.JPG
visa,pcb3,test,normal,,test/good/0639.JPG,,data/datasets/visa/pcb3/Data/Images/Normal/0639.JPG
visa,pcb3,test,normal,,test/good/0112.JPG,,data/datasets/visa/pcb3/Data/Images/Normal/0112.JPG
visa,pcb3,test,normal,,test/good/0850.JPG,,data/datasets/visa/pcb3/Data/Images/Normal/0850.JPG
visa,pcb3,test,normal,,test/good/0255.JPG,,data/datasets/visa/pcb3/Data/Images/Normal/0255.JPG
visa,pcb3,test,normal,,test/good/0287.JPG,,data/datasets/visa/pcb3/Data/Images/Normal/0287.JPG
visa,pcb3,test,normal,,test/good/0773.JPG,,data/datasets/visa/pcb3/Data/Images/Normal/0773.JPG
visa,pcb3,test,normal,,test/good/0772.JPG,,data/datasets/visa/pcb3/Data/Images/Normal/0772.JPG
visa,pcb3,test,normal,,test/good/0014.JPG,,data/datasets/visa/pcb3/Data/Images/Normal/0014.JPG
visa,pcb3,test,normal,,test/good/0463.JPG,,data/datasets/visa/pcb3/Data/Images/Normal/0463.JPG
visa,pcb3,test,normal,,test/good/0017.JPG,,data/datasets/visa/pcb3/Data/Images/Normal/0017.JPG
visa,pcb3,test,normal,,test/good/0085.JPG,,data/datasets/visa/pcb3/Data/Images/Normal/0085.JPG
visa,pcb3,test,normal,,test/good/0072.JPG,,data/datasets/visa/pcb3/Data/Images/Normal/0072.JPG
visa,pcb3,test,normal,,test/good/0689.JPG,,data/datasets/visa/pcb3/Data/Images/Normal/0689.JPG
visa,pcb3,test,normal,,test/good/0033.JPG,,data/datasets/visa/pcb3/Data/Images/Normal/0033.JPG
visa,pcb3,test,normal,,test/good/0999.JPG,,data/datasets/visa/pcb3/Data/Images/Normal/0999.JPG
visa,pcb3,test,normal,,test/good/0564.JPG,,data/datasets/visa/pcb3/Data/Images/Normal/0564.JPG
visa,pcb3,test,normal,,test/good/0093.JPG,,data/datasets/visa/pcb3/Data/Images/Normal/0093.JPG
visa,pcb3,test,normal,,test/good/0185.JPG,,data/datasets/visa/pcb3/Data/Images/Normal/0185.JPG
visa,pcb3,test,normal,,test/good/0598.JPG,,data/datasets/visa/pcb3/Data/Images/Normal/0598.JPG
visa,pcb3,test,normal,,test/good/0563.JPG,,data/datasets/visa/pcb3/Data/Images/Normal/0563.JPG
visa,pcb3,test,normal,,test/good/0181.JPG,,data/datasets/visa/pcb3/Data/Images/Normal/0181.JPG
visa,pcb3,test,normal,,test/good/0650.JPG,,data/datasets/visa/pcb3/Data/Images/Normal/0650.JPG
visa,pcb3,test,normal,,test/good/0235.JPG,,data/datasets/visa/pcb3/Data/Images/Normal/0235.JPG
visa,pcb3,test,normal,,test/good/0028.JPG,,data/datasets/visa/pcb3/Data/Images/Normal/0028.JPG
visa,pcb3,test,normal,,test/good/0614.JPG,,data/datasets/visa/pcb3/Data/Images/Normal/0614.JPG
visa,pcb3,test,normal,,test/good/0469.JPG,,data/datasets/visa/pcb3/Data/Images/Normal/0469.JPG
visa,pcb3,test,normal,,test/good/0339.JPG,,data/datasets/visa/pcb3/Data/Images/Normal/0339.JPG
visa,pcb3,test,normal,,test/good/0627.JPG,,data/datasets/visa/pcb3/Data/Images/Normal/0627.JPG
visa,pcb3,test,normal,,test/good/0805.JPG,,data/datasets/visa/pcb3/Data/Images/Normal/0805.JPG
visa,pcb3,test,normal,,test/good/0638.JPG,,data/datasets/visa/pcb3/Data/Images/Normal/0638.JPG
visa,pcb3,test,normal,,test/good/0553.JPG,,data/datasets/visa/pcb3/Data/Images/Normal/0553.JPG
visa,pcb3,test,normal,,test/good/0551.JPG,,data/datasets/visa/pcb3/Data/Images/Normal/0551.JPG
visa,pcb3,test,normal,,test/good/0001.JPG,,data/datasets/visa/pcb3/Data/Images/Normal/0001.JPG
visa,pcb3,test,normal,,test/good/0354.JPG,,data/datasets/visa/pcb3/Data/Images/Normal/0354.JPG
visa,pcb3,test,normal,,test/good/0900.JPG,,data/datasets/visa/pcb3/Data/Images/Normal/0900.JPG
visa,pcb3,test,normal,,test/good/0365.JPG,,data/datasets/visa/pcb3/Data/Images/Normal/0365.JPG
visa,pcb3,test,normal,,test/good/0496.JPG,,data/datasets/visa/pcb3/Data/Images/Normal/0496.JPG
visa,pcb3,test,normal,,test/good/0423.JPG,,data/datasets/visa/pcb3/Data/Images/Normal/0423.JPG
visa,pcb3,test,normal,,test/good/0516.JPG,,data/datasets/visa/pcb3/Data/Images/Normal/0516.JPG
visa,pcb3,test,normal,,test/good/0882.JPG,,data/datasets/visa/pcb3/Data/Images/Normal/0882.JPG
visa,pcb3,test,normal,,test/good/0567.JPG,,data/datasets/visa/pcb3/Data/Images/Normal/0567.JPG
visa,pcb3,test,normal,,test/good/0583.JPG,,data/datasets/visa/pcb3/Data/Images/Normal/0583.JPG
visa,pcb3,test,normal,,test/good/0373.JPG,,data/datasets/visa/pcb3/Data/Images/Normal/0373.JPG
visa,pcb3,test,normal,,test/good/0492.JPG,,data/datasets/visa/pcb3/Data/Images/Normal/0492.JPG
visa,pcb3,test,normal,,test/good/0057.JPG,,data/datasets/visa/pcb3/Data/Images/Normal/0057.JPG
visa,pcb3,test,normal,,test/good/0436.JPG,,data/datasets/visa/pcb3/Data/Images/Normal/0436.JPG
visa,pcb3,test,normal,,test/good/0210.JPG,,data/datasets/visa/pcb3/Data/Images/Normal/0210.JPG
visa,pcb3,test,normal,,test/good/0574.JPG,,data/datasets/visa/pcb3/Data/Images/Normal/0574.JPG
visa,pcb3,test,normal,,test/good/0796.JPG,,data/datasets/visa/pcb3/Data/Images/Normal/0796.JPG
visa,pcb3,test,normal,,test/good/0531.JPG,,data/datasets/visa/pcb3/Data/Images/Normal/0531.JPG
visa,pcb3,test,normal,,test/good/0132.JPG,,data/datasets/visa/pcb3/Data/Images/Normal/0132.JPG
visa,pcb3,test,normal,,test/good/0828.JPG,,data/datasets/visa/pcb3/Data/Images/Normal/0828.JPG
visa,pcb3,test,normal,,test/good/0524.JPG,,data/datasets/visa/pcb3/Data/Images/Normal/0524.JPG
visa,pcb3,test,normal,,test/good/0758.JPG,,data/datasets/visa/pcb3/Data/Images/Normal/0758.JPG
visa,pcb3,test,normal,,test/good/0840.JPG,,data/datasets/visa/pcb3/Data/Images/Normal/0840.JPG
visa,pcb3,test,normal,,test/good/0802.JPG,,data/datasets/visa/pcb3/Data/Images/Normal/0802.JPG
visa,pcb3,test,normal,,test/good/0392.JPG,,data/datasets/visa/pcb3/Data/Images/Normal/0392.JPG
visa,pcb3,test,normal,,test/good/0005.JPG,,data/datasets/visa/pcb3/Data/Images/Normal/0005.JPG
visa,pcb3,test,normal,,test/good/0746.JPG,,data/datasets/visa/pcb3/Data/Images/Normal/0746.JPG
visa,pcb3,test,normal,,test/good/0623.JPG,,data/datasets/visa/pcb3/Data/Images/Normal/0623.JPG
visa,pcb3,test,normal,,test/good/0858.JPG,,data/datasets/visa/pcb3/Data/Images/Normal/0858.JPG
visa,pcb3,test,normal,,test/good/0675.JPG,,data/datasets/visa/pcb3/Data/Images/Normal/0675.JPG
visa,pcb3,test,normal,,test/good/0275.JPG,,data/datasets/visa/pcb3/Data/Images/Normal/0275.JPG
visa,pcb3,test,normal,,test/good/0941.JPG,,data/datasets/visa/pcb3/Data/Images/Normal/0941.JPG
visa,pcb3,test,normal,,test/good/0361.JPG,,data/datasets/visa/pcb3/Data/Images/Normal/0361.JPG
visa,pcb3,test,normal,,test/good/0591.JPG,,data/datasets/visa/pcb3/Data/Images/Normal/0591.JPG
visa,pcb3,test,normal,,test/good/0352.JPG,,data/datasets/visa/pcb3/Data/Images/Normal/0352.JPG
visa,pcb3,test,normal,,test/good/0526.JPG,,data/datasets/visa/pcb3/Data/Images/Normal/0526.JPG
visa,pcb3,test,normal,,test/good/0414.JPG,,data/datasets/visa/pcb3/Data/Images/Normal/0414.JPG
visa,pcb3,test,normal,,test/good/0237.JPG,,data/datasets/visa/pcb3/Data/Images/Normal/0237.JPG
visa,pcb3,test,normal,,test/good/0896.JPG,,data/datasets/visa/pcb3/Data/Images/Normal/0896.JPG
visa,pcb3,test,normal,,test/good/0552.JPG,,data/datasets/visa/pcb3/Data/Images/Normal/0552.JPG
visa,pcb3,test,normal,,test/good/0204.JPG,,data/datasets/visa/pcb3/Data/Images/Normal/0204.JPG
visa,pcb3,test,normal,,test/good/0789.JPG,,data/datasets/visa/pcb3/Data/Images/Normal/0789.JPG
visa,pcb3,test,normal,,test/good/0012.JPG,,data/datasets/visa/pcb3/Data/Images/Normal/0012.JPG
visa,pcb3,test,normal,,test/good/0232.JPG,,data/datasets/visa/pcb3/Data/Images/Normal/0232.JPG
visa,pcb3,test,normal,,test/good/0514.JPG,,data/datasets/visa/pcb3/Data/Images/Normal/0514.JPG
visa,pcb3,test,normal,,test/good/0172.JPG,,data/datasets/visa/pcb3/Data/Images/Normal/0172.JPG
visa,pcb3,test,normal,,test/good/0174.JPG,,data/datasets/visa/pcb3/Data/Images/Normal/0174.JPG
visa,pcb3,test,normal,,test/good/0662.JPG,,data/datasets/visa/pcb3/Data/Images/Normal/0662.JPG
visa,pcb3,test,normal,,test/good/0403.JPG,,data/datasets/visa/pcb3/Data/Images/Normal/0403.JPG
visa,pcb3,test,normal,,test/good/0592.JPG,,data/datasets/visa/pcb3/Data/Images/Normal/0592.JPG
visa,pcb3,test,normal,,test/good/0607.JPG,,data/datasets/visa/pcb3/Data/Images/Normal/0607.JPG
visa,pcb3,test,normal,,test/good/0629.JPG,,data/datasets/visa/pcb3/Data/Images/Normal/0629.JPG
visa,pcb3,test,normal,,test/good/0868.JPG,,data/datasets/visa/pcb3/Data/Images/Normal/0868.JPG
visa,pcb3,test,normal,,test/good/0720.JPG,,data/datasets/visa/pcb3/Data/Images/Normal/0720.JPG
visa,pcb3,test,normal,,test/good/0315.JPG,,data/datasets/visa/pcb3/Data/Images/Normal/0315.JPG
visa,pcb3,test,normal,,test/good/0044.JPG,,data/datasets/visa/pcb3/Data/Images/Normal/0044.JPG
visa,pcb3,test,normal,,test/good/0480.JPG,,data/datasets/visa/pcb3/Data/Images/Normal/0480.JPG
visa,pcb3,test,normal,,test/good/0030.JPG,,data/datasets/visa/pcb3/Data/Images/Normal/0030.JPG
visa,pcb3,test,normal,,test/good/0750.JPG,,data/datasets/visa/pcb3/Data/Images/Normal/0750.JPG
visa,pcb3,test,normal,,test/good/0501.JPG,,data/datasets/visa/pcb3/Data/Images/Normal/0501.JPG
visa,pcb3,test,normal,,test/good/0379.JPG,,data/datasets/visa/pcb3/Data/Images/Normal/0379.JPG
visa,pcb3,test,normal,,test/good/0909.JPG,,data/datasets/visa/pcb3/Data/Images/Normal/0909.JPG
visa,pcb3,test,normal,,test/good/0860.JPG,,data/datasets/visa/pcb3/Data/Images/Normal/0860.JPG
visa,pcb3,test,normal,,test/good/0533.JPG,,data/datasets/visa/pcb3/Data/Images/Normal/0533.JPG
visa,pcb3,test,normal,,test/good/0167.JPG,,data/datasets/visa/pcb3/Data/Images/Normal/0167.JPG
visa,pcb3,test,normal,,test/good/0797.JPG,,data/datasets/visa/pcb3/Data/Images/Normal/0797.JPG
visa,pcb3,test,normal,,test/good/0110.JPG,,data/datasets/visa/pcb3/Data/Images/Normal/0110.JPG
visa,pcb3,test,normal,,test/good/0520.JPG,,data/datasets/visa/pcb3/Data/Images/Normal/0520.JPG
visa,pcb3,test,normal,,test/good/0679.JPG,,data/datasets/visa/pcb3/Data/Images/Normal/0679.JPG
visa,pcb3,test,normal,,test/good/0449.JPG,,data/datasets/visa/pcb3/Data/Images/Normal/0449.JPG
visa,pcb3,test,normal,,test/good/0088.JPG,,data/datasets/visa/pcb3/Data/Images/Normal/0088.JPG
visa,pcb3,test,normal,,test/good/0383.JPG,,data/datasets/visa/pcb3/Data/Images/Normal/0383.JPG
visa,pcb3,test,normal,,test/good/0755.JPG,,data/datasets/visa/pcb3/Data/Images/Normal/0755.JPG
visa,pcb3,test,normal,,test/good/0690.JPG,,data/datasets/visa/pcb3/Data/Images/Normal/0690.JPG
visa,pcb3,test,normal,,test/good/0794.JPG,,data/datasets/visa/pcb3/Data/Images/Normal/0794.JPG
visa,pcb3,test,normal,,test/good/0719.JPG,,data/datasets/visa/pcb3/Data/Images/Normal/0719.JPG
visa,pcb3,test,normal,,test/good/0561.JPG,,data/datasets/visa/pcb3/Data/Images/Normal/0561.JPG
visa,pcb3,test,normal,,test/good/0375.JPG,,data/datasets/visa/pcb3/Data/Images/Normal/0375.JPG
visa,pcb3,test,normal,,test/good/0177.JPG,,data/datasets/visa/pcb3/Data/Images/Normal/0177.JPG
visa,pcb3,test,normal,,test/good/0680.JPG,,data/datasets/visa/pcb3/Data/Images/Normal/0680.JPG
visa,pcb3,test,normal,,test/good/0424.JPG,,data/datasets/visa/pcb3/Data/Images/Normal/0424.JPG
visa,pcb3,test,normal,,test/good/0413.JPG,,data/datasets/visa/pcb3/Data/Images/Normal/0413.JPG
visa,pcb3,test,normal,,test/good/0816.JPG,,data/datasets/visa/pcb3/Data/Images/Normal/0816.JPG
visa,pcb3,test,normal,,test/good/0761.JPG,,data/datasets/visa/pcb3/Data/Images/Normal/0761.JPG
visa,pcb3,test,normal,,test/good/0248.JPG,,data/datasets/visa/pcb3/Data/Images/Normal/0248.JPG
visa,pcb3,test,normal,,test/good/0491.JPG,,data/datasets/visa/pcb3/Data/Images/Normal/0491.JPG
visa,pcb3,test,normal,,test/good/0035.JPG,,data/datasets/visa/pcb3/Data/Images/Normal/0035.JPG
visa,pcb3,test,normal,,test/good/0873.JPG,,data/datasets/visa/pcb3/Data/Images/Normal/0873.JPG
visa,pcb3,test,normal,,test/good/0603.JPG,,data/datasets/visa/pcb3/Data/Images/Normal/0603.JPG
visa,pcb3,test,normal,,test/good/0402.JPG,,data/datasets/visa/pcb3/Data/Images/Normal/0402.JPG
visa,pcb3,test,normal,,test/good/0517.JPG,,data/datasets/visa/pcb3/Data/Images/Normal/0517.JPG
visa,pcb3,test,normal,,test/good/0866.JPG,,data/datasets/visa/pcb3/Data/Images/Normal/0866.JPG
visa,pcb3,test,normal,,test/good/0511.JPG,,data/datasets/visa/pcb3/Data/Images/Normal/0511.JPG
visa,pcb3,test,normal,,test/good/0903.JPG,,data/datasets/visa/pcb3/Data/Images/Normal/0903.JPG
visa,pcb3,test,normal,,test/good/0601.JPG,,data/datasets/visa/pcb3/Data/Images/Normal/0601.JPG
visa,pcb3,test,normal,,test/good/0290.JPG,,data/datasets/visa/pcb3/Data/Images/Normal/0290.JPG
visa,pcb3,test,normal,,test/good/0310.JPG,,data/datasets/visa/pcb3/Data/Images/Normal/0310.JPG
visa,pcb3,test,normal,,test/good/0194.JPG,,data/datasets/visa/pcb3/Data/Images/Normal/0194.JPG
visa,pcb3,test,normal,,test/good/0686.JPG,,data/datasets/visa/pcb3/Data/Images/Normal/0686.JPG
visa,pcb3,test,normal,,test/good/0849.JPG,,data/datasets/visa/pcb3/Data/Images/Normal/0849.JPG
visa,pcb3,test,normal,,test/good/0519.JPG,,data/datasets/visa/pcb3/Data/Images/Normal/0519.JPG
visa,pcb3,test,normal,,test/good/0956.JPG,,data/datasets/visa/pcb3/Data/Images/Normal/0956.JPG
visa,pcb3,test,normal,,test/good/0512.JPG,,data/datasets/visa/pcb3/Data/Images/Normal/0512.JPG
visa,pcb3,test,normal,,test/good/0728.JPG,,data/datasets/visa/pcb3/Data/Images/Normal/0728.JPG
visa,pcb3,test,normal,,test/good/0975.JPG,,data/datasets/visa/pcb3/Data/Images/Normal/0975.JPG
visa,pcb3,test,normal,,test/good/0917.JPG,,data/datasets/visa/pcb3/Data/Images/Normal/0917.JPG
visa,pcb3,test,normal,,test/good/0340.JPG,,data/datasets/visa/pcb3/Data/Images/Normal/0340.JPG
visa,pcb3,test,normal,,test/good/0760.JPG,,data/datasets/visa/pcb3/Data/Images/Normal/0760.JPG
visa,pcb3,test,normal,,test/good/0123.JPG,,data/datasets/visa/pcb3/Data/Images/Normal/0123.JPG
visa,pcb3,test,normal,,test/good/0303.JPG,,data/datasets/visa/pcb3/Data/Images/Normal/0303.JPG
visa,pcb3,test,normal,,test/good/0880.JPG,,data/datasets/visa/pcb3/Data/Images/Normal/0880.JPG
visa,pcb3,test,normal,,test/good/0741.JPG,,data/datasets/visa/pcb3/Data/Images/Normal/0741.JPG
visa,pcb3,test,normal,,test/good/0644.JPG,,data/datasets/visa/pcb3/Data/Images/Normal/0644.JPG
visa,pcb3,test,normal,,test/good/0190.JPG,,data/datasets/visa/pcb3/Data/Images/Normal/0190.JPG
visa,pcb3,test,normal,,test/good/0102.JPG,,data/datasets/visa/pcb3/Data/Images/Normal/0102.JPG
visa,pcb3,test,normal,,test/good/0657.JPG,,data/datasets/visa/pcb3/Data/Images/Normal/0657.JPG
visa,pcb3,test,normal,,test/good/0569.JPG,,data/datasets/visa/pcb3/Data/Images/Normal/0569.JPG
visa,pcb3,test,normal,,test/good/0857.JPG,,data/datasets/visa/pcb3/Data/Images/Normal/0857.JPG
visa,pcb3,test,normal,,test/good/0426.JPG,,data/datasets/visa/pcb3/Data/Images/Normal/0426.JPG
visa,pcb3,test,normal,,test/good/0966.JPG,,data/datasets/visa/pcb3/Data/Images/Normal/0966.JPG
visa,pcb3,test,normal,,test/good/0296.JPG,,data/datasets/visa/pcb3/Data/Images/Normal/0296.JPG
visa,pcb3,test,normal,,test/good/0470.JPG,,data/datasets/visa/pcb3/Data/Images/Normal/0470.JPG
visa,pcb3,test,normal,,test/good/0996.JPG,,data/datasets/visa/pcb3/Data/Images/Normal/0996.JPG
visa,pcb3,test,normal,,test/good/0224.JPG,,data/datasets/visa/pcb3/Data/Images/Normal/0224.JPG
visa,pcb3,test,normal,,test/good/0693.JPG,,data/datasets/visa/pcb3/Data/Images/Normal/0693.JPG
visa,pcb3,test,normal,,test/good/0236.JPG,,data/datasets/visa/pcb3/Data/Images/Normal/0236.JPG
visa,pcb3,test,normal,,test/good/0353.JPG,,data/datasets/visa/pcb3/Data/Images/Normal/0353.JPG
visa,pcb3,test,normal,,test/good/0238.JPG,,data/datasets/visa/pcb3/Data/Images/Normal/0238.JPG
visa,pcb3,test,normal,,test/good/0566.JPG,,data/datasets/visa/pcb3/Data/Images/Normal/0566.JPG
visa,pcb3,test,normal,,test/good/0997.JPG,,data/datasets/visa/pcb3/Data/Images/Normal/0997.JPG
visa,pcb3,test,normal,,test/good/0448.JPG,,data/datasets/visa/pcb3/Data/Images/Normal/0448.JPG
visa,pcb3,test,normal,,test/good/1001.JPG,,data/datasets/visa/pcb3/Data/Images/Normal/1001.JPG
visa,pcb3,test,normal,,test/good/0227.JPG,,data/datasets/visa/pcb3/Data/Images/Normal/0227.JPG
visa,pcb3,test,normal,,test/good/0540.JPG,,data/datasets/visa/pcb3/Data/Images/Normal/0540.JPG
visa,pcb3,test,normal,,test/good/0987.JPG,,data/datasets/visa/pcb3/Data/Images/Normal/0987.JPG
visa,pcb3,test,normal,,test/good/0743.JPG,,data/datasets/visa/pcb3/Data/Images/Normal/0743.JPG
visa,pcb3,test,normal,,test/good/0432.JPG,,data/datasets/visa/pcb3/Data/Images/Normal/0432.JPG
visa,pcb3,test,normal,,test/good/0221.JPG,,data/datasets/visa/pcb3/Data/Images/Normal/0221.JPG
visa,pcb3,test,normal,,test/good/0702.JPG,,data/datasets/visa/pcb3/Data/Images/Normal/0702.JPG
visa,pcb3,test,normal,,test/good/0390.JPG,,data/datasets/visa/pcb3/Data/Images/Normal/0390.JPG
visa,pcb3,test,normal,,test/good/0902.JPG,,data/datasets/visa/pcb3/Data/Images/Normal/0902.JPG
visa,pcb3,test,normal,,test/good/0961.JPG,,data/datasets/visa/pcb3/Data/Images/Normal/0961.JPG
visa,pcb3,test,normal,,test/good/0009.JPG,,data/datasets/visa/pcb3/Data/Images/Normal/0009.JPG
visa,pcb3,test,normal,,test/good/0554.JPG,,data/datasets/visa/pcb3/Data/Images/Normal/0554.JPG
visa,pcb3,test,normal,,test/good/0665.JPG,,data/datasets/visa/pcb3/Data/Images/Normal/0665.JPG
visa,pcb3,test,normal,,test/good/0026.JPG,,data/datasets/visa/pcb3/Data/Images/Normal/0026.JPG
visa,pcb3,test,normal,,test/good/0022.JPG,,data/datasets/visa/pcb3/Data/Images/Normal/0022.JPG
visa,pcb3,test,normal,,test/good/0031.JPG,,data/datasets/visa/pcb3/Data/Images/Normal/0031.JPG
visa,pcb3,test,normal,,test/good/0325.JPG,,data/datasets/visa/pcb3/Data/Images/Normal/0325.JPG
visa,pcb3,test,normal,,test/good/0923.JPG,,data/datasets/visa/pcb3/Data/Images/Normal/0923.JPG
visa,pcb3,test,normal,,test/good/0104.JPG,,data/datasets/visa/pcb3/Data/Images/Normal/0104.JPG
visa,pcb3,test,normal,,test/good/0967.JPG,,data/datasets/visa/pcb3/Data/Images/Normal/0967.JPG
visa,pcb3,test,normal,,test/good/0605.JPG,,data/datasets/visa/pcb3/Data/Images/Normal/0605.JPG
visa,pcb3,test,normal,,test/good/0234.JPG,,data/datasets/visa/pcb3/Data/Images/Normal/0234.JPG
visa,pcb3,test,normal,,test/good/1002.JPG,,data/datasets/visa/pcb3/Data/Images/Normal/1002.JPG
visa,pcb3,test,normal,,test/good/0738.JPG,,data/datasets/visa/pcb3/Data/Images/Normal/0738.JPG
visa,pcb3,test,normal,,test/good/0272.JPG,,data/datasets/visa/pcb3/Data/Images/Normal/0272.JPG
visa,pcb3,test,normal,,test/good/0456.JPG,,data/datasets/visa/pcb3/Data/Images/Normal/0456.JPG
visa,pcb3,test,normal,,test/good/0712.JPG,,data/datasets/visa/pcb3/Data/Images/Normal/0712.JPG
visa,pcb3,test,normal,,test/good/0002.JPG,,data/datasets/visa/pcb3/Data/Images/Normal/0002.JPG
visa,pcb3,test,normal,,test/good/0785.JPG,,data/datasets/visa/pcb3/Data/Images/Normal/0785.JPG
visa,pcb3,test,normal,,test/good/0780.JPG,,data/datasets/visa/pcb3/Data/Images/Normal/0780.JPG
visa,pcb3,test,normal,,test/good/0622.JPG,,data/datasets/visa/pcb3/Data/Images/Normal/0622.JPG
visa,pcb3,test,normal,,test/good/0443.JPG,,data/datasets/visa/pcb3/Data/Images/Normal/0443.JPG
visa,pcb3,test,normal,,test/good/0399.JPG,,data/datasets/visa/pcb3/Data/Images/Normal/0399.JPG
visa,pcb3,test,normal,,test/good/0855.JPG,,data/datasets/visa/pcb3/Data/Images/Normal/0855.JPG
visa,pcb3,test,normal,,test/good/0914.JPG,,data/datasets/visa/pcb3/Data/Images/Normal/0914.JPG
visa,pcb3,test,normal,,test/good/0029.JPG,,data/datasets/visa/pcb3/Data/Images/Normal/0029.JPG
visa,pcb3,test,normal,,test/good/0499.JPG,,data/datasets/visa/pcb3/Data/Images/Normal/0499.JPG
visa,pcb3,test,normal,,test/good/0096.JPG,,data/datasets/visa/pcb3/Data/Images/Normal/0096.JPG
visa,pcb3,test,normal,,test/good/0214.JPG,,data/datasets/visa/pcb3/Data/Images/Normal/0214.JPG
visa,pcb3,test,normal,,test/good/0807.JPG,,data/datasets/visa/pcb3/Data/Images/Normal/0807.JPG
visa,pcb3,test,normal,,test/good/0388.JPG,,data/datasets/visa/pcb3/Data/Images/Normal/0388.JPG
visa,pcb3,test,normal,,test/good/0667.JPG,,data/datasets/visa/pcb3/Data/Images/Normal/0667.JPG
visa,pcb3,test,normal,,test/good/0483.JPG,,data/datasets/visa/pcb3/Data/Images/Normal/0483.JPG
visa,pcb3,test,normal,,test/good/0460.JPG,,data/datasets/visa/pcb3/Data/Images/Normal/0460.JPG
visa,pcb3,test,normal,,test/good/0779.JPG,,data/datasets/visa/pcb3/Data/Images/Normal/0779.JPG
visa,pcb3,test,normal,,test/good/0507.JPG,,data/datasets/visa/pcb3/Data/Images/Normal/0507.JPG
visa,pcb3,test,normal,,test/good/0120.JPG,,data/datasets/visa/pcb3/Data/Images/Normal/0120.JPG
visa,pcb3,test,normal,,test/good/0261.JPG,,data/datasets/visa/pcb3/Data/Images/Normal/0261.JPG
visa,pcb3,test,normal,,test/good/0064.JPG,,data/datasets/visa/pcb3/Data/Images/Normal/0064.JPG
visa,pcb3,test,normal,,test/good/0782.JPG,,data/datasets/visa/pcb3/Data/Images/Normal/0782.JPG
visa,pcb3,test,normal,,test/good/0821.JPG,,data/datasets/visa/pcb3/Data/Images/Normal/0821.JPG
visa,pcb3,test,normal,,test/good/0867.JPG,,data/datasets/visa/pcb3/Data/Images/Normal/0867.JPG
visa,pcb3,test,normal,,test/good/0582.JPG,,data/datasets/visa/pcb3/Data/Images/Normal/0582.JPG
visa,pcb3,test,normal,,test/good/0137.JPG,,data/datasets/visa/pcb3/Data/Images/Normal/0137.JPG
visa,pcb3,test,anomaly,,test/anomaly/022.JPG,test/masks/022.png,data/datasets/visa/pcb3/Data/Images/Anomaly/022.JPG
visa,pcb3,test,anomaly,,test/anomaly/014.JPG,test/masks/014.png,data/datasets/visa/pcb3/Data/Images/Anomaly/014.JPG
visa,pcb3,test,anomaly,,test/anomaly/035.JPG,test/masks/035.png,data/datasets/visa/pcb3/Data/Images/Anomaly/035.JPG
visa,pcb3,test,anomaly,,test/anomaly/093.JPG,test/masks/093.png,data/datasets/visa/pcb3/Data/Images/Anomaly/093.JPG
visa,pcb3,test,anomaly,,test/anomaly/056.JPG,test/masks/056.png,data/datasets/visa/pcb3/Data/Images/Anomaly/056.JPG
visa,pcb3,test,anomaly,,test/anomaly/028.JPG,test/masks/028.png,data/datasets/visa/pcb3/Data/Images/Anomaly/028.JPG
visa,pcb3,test,anomaly,,test/anomaly/098.JPG,test/masks/098.png,data/datasets/visa/pcb3/Data/Images/Anomaly/098.JPG
visa,pcb3,test,anomaly,,test/anomaly/054.JPG,test/masks/054.png,data/datasets/visa/pcb3/Data/Images/Anomaly/054.JPG
visa,pcb3,test,anomaly,,test/anomaly/027.JPG,test/masks/027.png,data/datasets/visa/pcb3/Data/Images/Anomaly/027.JPG
visa,pcb3,test,anomaly,,test/anomaly/089.JPG,test/masks/089.png,data/datasets/visa/pcb3/Data/Images/Anomaly/089.JPG
visa,pcb3,test,anomaly,,test/anomaly/001.JPG,test/masks/001.png,data/datasets/visa/pcb3/Data/Images/Anomaly/001.JPG
visa,pcb3,test,anomaly,,test/anomaly/069.JPG,test/masks/069.png,data/datasets/visa/pcb3/Data/Images/Anomaly/069.JPG
visa,pcb3,test,anomaly,,test/anomaly/074.JPG,test/masks/074.png,data/datasets/visa/pcb3/Data/Images/Anomaly/074.JPG
visa,pcb3,test,anomaly,,test/anomaly/002.JPG,test/masks/002.png,data/datasets/visa/pcb3/Data/Images/Anomaly/002.JPG
visa,pcb3,test,anomaly,,test/anomaly/085.JPG,test/masks/085.png,data/datasets/visa/pcb3/Data/Images/Anomaly/085.JPG
visa,pcb3,test,anomaly,,test/anomaly/040.JPG,test/masks/040.png,data/datasets/visa/pcb3/Data/Images/Anomaly/040.JPG
visa,pcb3,test,anomaly,,test/anomaly/013.JPG,test/masks/013.png,data/datasets/visa/pcb3/Data/Images/Anomaly/013.JPG
visa,pcb3,test,anomaly,,test/anomaly/075.JPG,test/masks/075.png,data/datasets/visa/pcb3/Data/Images/Anomaly/075.JPG
visa,pcb3,test,anomaly,,test/anomaly/029.JPG,test/masks/029.png,data/datasets/visa/pcb3/Data/Images/Anomaly/029.JPG
visa,pcb3,test,anomaly,,test/anomaly/034.JPG,test/masks/034.png,data/datasets/visa/pcb3/Data/Images/Anomaly/034.JPG
visa,pcb3,test,anomaly,,test/anomaly/092.JPG,test/masks/092.png,data/datasets/visa/pcb3/Data/Images/Anomaly/092.JPG
visa,pcb3,test,anomaly,,test/anomaly/000.JPG,test/masks/000.png,data/datasets/visa/pcb3/Data/Images/Anomaly/000.JPG
visa,pcb3,test,anomaly,,test/anomaly/077.JPG,test/masks/077.png,data/datasets/visa/pcb3/Data/Images/Anomaly/077.JPG
visa,pcb3,test,anomaly,,test/anomaly/055.JPG,test/masks/055.png,data/datasets/visa/pcb3/Data/Images/Anomaly/055.JPG
visa,pcb3,test,anomaly,,test/anomaly/049.JPG,test/masks/049.png,data/datasets/visa/pcb3/Data/Images/Anomaly/049.JPG
visa,pcb3,test,anomaly,,test/anomaly/003.JPG,test/masks/003.png,data/datasets/visa/pcb3/Data/Images/Anomaly/003.JPG
visa,pcb3,test,anomaly,,test/anomaly/062.JPG,test/masks/062.png,data/datasets/visa/pcb3/Data/Images/Anomaly/062.JPG
visa,pcb3,test,anomaly,,test/anomaly/012.JPG,test/masks/012.png,data/datasets/visa/pcb3/Data/Images/Anomaly/012.JPG
visa,pcb3,test,anomaly,,test/anomaly/026.JPG,test/masks/026.png,data/datasets/visa/pcb3/Data/Images/Anomaly/026.JPG
visa,pcb3,test,anomaly,,test/anomaly/048.JPG,test/masks/048.png,data/datasets/visa/pcb3/Data/Images/Anomaly/048.JPG
visa,pcb3,test,anomaly,,test/anomaly/083.JPG,test/masks/083.png,data/datasets/visa/pcb3/Data/Images/Anomaly/083.JPG
visa,pcb3,test,anomaly,,test/anomaly/060.JPG,test/masks/060.png,data/datasets/visa/pcb3/Data/Images/Anomaly/060.JPG
visa,pcb3,test,anomaly,,test/anomaly/057.JPG,test/masks/057.png,data/datasets/visa/pcb3/Data/Images/Anomaly/057.JPG
visa,pcb3,test,anomaly,,test/anomaly/063.JPG,test/masks/063.png,data/datasets/visa/pcb3/Data/Images/Anomaly/063.JPG
visa,pcb3,test,anomaly,,test/anomaly/015.JPG,test/masks/015.png,data/datasets/visa/pcb3/Data/Images/Anomaly/015.JPG
visa,pcb3,test,anomaly,,test/anomaly/032.JPG,test/masks/032.png,data/datasets/visa/pcb3/Data/Images/Anomaly/032.JPG
visa,pcb3,test,anomaly,,test/anomaly/008.JPG,test/masks/008.png,data/datasets/visa/pcb3/Data/Images/Anomaly/008.JPG
visa,pcb3,test,anomaly,,test/anomaly/097.JPG,test/masks/097.png,data/datasets/visa/pcb3/Data/Images/Anomaly/097.JPG
visa,pcb3,test,anomaly,,test/anomaly/072.JPG,test/masks/072.png,data/datasets/visa/pcb3/Data/Images/Anomaly/072.JPG
visa,pcb3,test,anomaly,,test/anomaly/017.JPG,test/masks/017.png,data/datasets/visa/pcb3/Data/Images/Anomaly/017.JPG
visa,pcb4,train,normal,,train/good/0944.JPG,,data/datasets/visa/pcb4/Data/Images/Normal/0944.JPG
visa,pcb4,train,normal,,train/good/0049.JPG,,data/datasets/visa/pcb4/Data/Images/Normal/0049.JPG
visa,pcb4,train,normal,,train/good/0959.JPG,,data/datasets/visa/pcb4/Data/Images/Normal/0959.JPG
visa,pcb4,train,normal,,train/good/0073.JPG,,data/datasets/visa/pcb4/Data/Images/Normal/0073.JPG
visa,pcb4,train,normal,,train/good/0155.JPG,,data/datasets/visa/pcb4/Data/Images/Normal/0155.JPG
visa,pcb4,train,normal,,train/good/0047.JPG,,data/datasets/visa/pcb4/Data/Images/Normal/0047.JPG
visa,pcb4,train,normal,,train/good/0484.JPG,,data/datasets/visa/pcb4/Data/Images/Normal/0484.JPG
visa,pcb4,train,normal,,train/good/0635.JPG,,data/datasets/visa/pcb4/Data/Images/Normal/0635.JPG
visa,pcb4,train,normal,,train/good/0418.JPG,,data/datasets/visa/pcb4/Data/Images/Normal/0418.JPG
visa,pcb4,train,normal,,train/good/0685.JPG,,data/datasets/visa/pcb4/Data/Images/Normal/0685.JPG
visa,pcb4,train,normal,,train/good/0479.JPG,,data/datasets/visa/pcb4/Data/Images/Normal/0479.JPG
visa,pcb4,train,normal,,train/good/0754.JPG,,data/datasets/visa/pcb4/Data/Images/Normal/0754.JPG
visa,pcb4,train,normal,,train/good/0612.JPG,,data/datasets/visa/pcb4/Data/Images/Normal/0612.JPG
visa,pcb4,train,normal,,train/good/0477.JPG,,data/datasets/visa/pcb4/Data/Images/Normal/0477.JPG
visa,pcb4,train,normal,,train/good/0963.JPG,,data/datasets/visa/pcb4/Data/Images/Normal/0963.JPG
visa,pcb4,train,normal,,train/good/0632.JPG,,data/datasets/visa/pcb4/Data/Images/Normal/0632.JPG
visa,pcb4,train,normal,,train/good/1004.JPG,,data/datasets/visa/pcb4/Data/Images/Normal/1004.JPG
visa,pcb4,train,normal,,train/good/0082.JPG,,data/datasets/visa/pcb4/Data/Images/Normal/0082.JPG
visa,pcb4,train,normal,,train/good/0634.JPG,,data/datasets/visa/pcb4/Data/Images/Normal/0634.JPG
visa,pcb4,train,normal,,train/good/0271.JPG,,data/datasets/visa/pcb4/Data/Images/Normal/0271.JPG
visa,pcb4,train,normal,,train/good/0853.JPG,,data/datasets/visa/pcb4/Data/Images/Normal/0853.JPG
visa,pcb4,train,normal,,train/good/0146.JPG,,data/datasets/visa/pcb4/Data/Images/Normal/0146.JPG
visa,pcb4,train,normal,,train/good/0925.JPG,,data/datasets/visa/pcb4/Data/Images/Normal/0925.JPG
visa,pcb4,train,normal,,train/good/0131.JPG,,data/datasets/visa/pcb4/Data/Images/Normal/0131.JPG
visa,pcb4,train,normal,,train/good/0293.JPG,,data/datasets/visa/pcb4/Data/Images/Normal/0293.JPG
visa,pcb4,train,normal,,train/good/0219.JPG,,data/datasets/visa/pcb4/Data/Images/Normal/0219.JPG
visa,pcb4,train,normal,,train/good/0095.JPG,,data/datasets/visa/pcb4/Data/Images/Normal/0095.JPG
visa,pcb4,train,normal,,train/good/0034.JPG,,data/datasets/visa/pcb4/Data/Images/Normal/0034.JPG
visa,pcb4,train,normal,,train/good/0695.JPG,,data/datasets/visa/pcb4/Data/Images/Normal/0695.JPG
visa,pcb4,train,normal,,train/good/0810.JPG,,data/datasets/visa/pcb4/Data/Images/Normal/0810.JPG
visa,pcb4,train,normal,,train/good/0316.JPG,,data/datasets/visa/pcb4/Data/Images/Normal/0316.JPG
visa,pcb4,train,normal,,train/good/0143.JPG,,data/datasets/visa/pcb4/Data/Images/Normal/0143.JPG
visa,pcb4,train,normal,,train/good/0176.JPG,,data/datasets/visa/pcb4/Data/Images/Normal/0176.JPG
visa,pcb4,train,normal,,train/good/0394.JPG,,data/datasets/visa/pcb4/Data/Images/Normal/0394.JPG
visa,pcb4,train,normal,,train/good/0984.JPG,,data/datasets/visa/pcb4/Data/Images/Normal/0984.JPG
visa,pcb4,train,normal,,train/good/0338.JPG,,data/datasets/visa/pcb4/Data/Images/Normal/0338.JPG
visa,pcb4,train,normal,,train/good/0370.JPG,,data/datasets/visa/pcb4/Data/Images/Normal/0370.JPG
visa,pcb4,train,normal,,train/good/0180.JPG,,data/datasets/visa/pcb4/Data/Images/Normal/0180.JPG
visa,pcb4,train,normal,,train/good/0831.JPG,,data/datasets/visa/pcb4/Data/Images/Normal/0831.JPG
visa,pcb4,train,normal,,train/good/0356.JPG,,data/datasets/visa/pcb4/Data/Images/Normal/0356.JPG
visa,pcb4,train,normal,,train/good/0542.JPG,,data/datasets/visa/pcb4/Data/Images/Normal/0542.JPG
visa,pcb4,train,normal,,train/good/0609.JPG,,data/datasets/visa/pcb4/Data/Images/Normal/0609.JPG
visa,pcb4,train,normal,,train/good/0407.JPG,,data/datasets/visa/pcb4/Data/Images/Normal/0407.JPG
visa,pcb4,train,normal,,train/good/0640.JPG,,data/datasets/visa/pcb4/Data/Images/Normal/0640.JPG
visa,pcb4,train,normal,,train/good/0502.JPG,,data/datasets/visa/pcb4/Data/Images/Normal/0502.JPG
visa,pcb4,train,normal,,train/good/0972.JPG,,data/datasets/visa/pcb4/Data/Images/Normal/0972.JPG
visa,pcb4,train,normal,,train/good/0550.JPG,,data/datasets/visa/pcb4/Data/Images/Normal/0550.JPG
visa,pcb4,train,normal,,train/good/0699.JPG,,data/datasets/visa/pcb4/Data/Images/Normal/0699.JPG
visa,pcb4,train,normal,,train/good/0241.JPG,,data/datasets/visa/pcb4/Data/Images/Normal/0241.JPG
visa,pcb4,train,normal,,train/good/0788.JPG,,data/datasets/visa/pcb4/Data/Images/Normal/0788.JPG
visa,pcb4,train,normal,,train/good/0233.JPG,,data/datasets/visa/pcb4/Data/Images/Normal/0233.JPG
visa,pcb4,train,normal,,train/good/0437.JPG,,data/datasets/visa/pcb4/Data/Images/Normal/0437.JPG
visa,pcb4,train,normal,,train/good/0839.JPG,,data/datasets/visa/pcb4/Data/Images/Normal/0839.JPG
visa,pcb4,train,normal,,train/good/1003.JPG,,data/datasets/visa/pcb4/Data/Images/Normal/1003.JPG
visa,pcb4,train,normal,,train/good/0765.JPG,,data/datasets/visa/pcb4/Data/Images/Normal/0765.JPG
visa,pcb4,train,normal,,train/good/0535.JPG,,data/datasets/visa/pcb4/Data/Images/Normal/0535.JPG
visa,pcb4,train,normal,,train/good/0600.JPG,,data/datasets/visa/pcb4/Data/Images/Normal/0600.JPG
visa,pcb4,train,normal,,train/good/0391.JPG,,data/datasets/visa/pcb4/Data/Images/Normal/0391.JPG
visa,pcb4,train,normal,,train/good/0037.JPG,,data/datasets/visa/pcb4/Data/Images/Normal/0037.JPG
visa,pcb4,train,normal,,train/good/0921.JPG,,data/datasets/visa/pcb4/Data/Images/Normal/0921.JPG
visa,pcb4,train,normal,,train/good/0732.JPG,,data/datasets/visa/pcb4/Data/Images/Normal/0732.JPG
visa,pcb4,train,normal,,train/good/0787.JPG,,data/datasets/visa/pcb4/Data/Images/Normal/0787.JPG
visa,pcb4,train,normal,,train/good/0052.JPG,,data/datasets/visa/pcb4/Data/Images/Normal/0052.JPG
visa,pcb4,train,normal,,train/good/0206.JPG,,data/datasets/visa/pcb4/Data/Images/Normal/0206.JPG
visa,pcb4,train,normal,,train/good/0549.JPG,,data/datasets/visa/pcb4/Data/Images/Normal/0549.JPG
visa,pcb4,train,normal,,train/good/0806.JPG,,data/datasets/visa/pcb4/Data/Images/Normal/0806.JPG
visa,pcb4,train,normal,,train/good/0771.JPG,,data/datasets/visa/pcb4/Data/Images/Normal/0771.JPG
visa,pcb4,train,normal,,train/good/0385.JPG,,data/datasets/visa/pcb4/Data/Images/Normal/0385.JPG
visa,pcb4,train,normal,,train/good/0125.JPG,,data/datasets/visa/pcb4/Data/Images/Normal/0125.JPG
visa,pcb4,train,normal,,train/good/0897.JPG,,data/datasets/visa/pcb4/Data/Images/Normal/0897.JPG
visa,pcb4,train,normal,,train/good/0987.JPG,,data/datasets/visa/pcb4/Data/Images/Normal/0987.JPG
visa,pcb4,train,normal,,train/good/0811.JPG,,data/datasets/visa/pcb4/Data/Images/Normal/0811.JPG
visa,pcb4,train,normal,,train/good/0714.JPG,,data/datasets/visa/pcb4/Data/Images/Normal/0714.JPG
visa,pcb4,train,normal,,train/good/0523.JPG,,data/datasets/visa/pcb4/Data/Images/Normal/0523.JPG
visa,pcb4,train,normal,,train/good/0309.JPG,,data/datasets/visa/pcb4/Data/Images/Normal/0309.JPG
visa,pcb4,train,normal,,train/good/0906.JPG,,data/datasets/visa/pcb4/Data/Images/Normal/0906.JPG
visa,pcb4,train,normal,,train/good/0231.JPG,,data/datasets/visa/pcb4/Data/Images/Normal/0231.JPG
visa,pcb4,train,normal,,train/good/0915.JPG,,data/datasets/visa/pcb4/Data/Images/Normal/0915.JPG
visa,pcb4,train,normal,,train/good/0244.JPG,,data/datasets/visa/pcb4/Data/Images/Normal/0244.JPG
visa,pcb4,train,normal,,train/good/0844.JPG,,data/datasets/visa/pcb4/Data/Images/Normal/0844.JPG
visa,pcb4,train,normal,,train/good/0197.JPG,,data/datasets/visa/pcb4/Data/Images/Normal/0197.JPG
visa,pcb4,train,normal,,train/good/0004.JPG,,data/datasets/visa/pcb4/Data/Images/Normal/0004.JPG
visa,pcb4,train,normal,,train/good/0671.JPG,,data/datasets/visa/pcb4/Data/Images/Normal/0671.JPG
visa,pcb4,train,normal,,train/good/0950.JPG,,data/datasets/visa/pcb4/Data/Images/Normal/0950.JPG
visa,pcb4,train,normal,,train/good/0147.JPG,,data/datasets/visa/pcb4/Data/Images/Normal/0147.JPG
visa,pcb4,train,normal,,train/good/0846.JPG,,data/datasets/visa/pcb4/Data/Images/Normal/0846.JPG
visa,pcb4,train,normal,,train/good/0487.JPG,,data/datasets/visa/pcb4/Data/Images/Normal/0487.JPG
visa,pcb4,train,normal,,train/good/0911.JPG,,data/datasets/visa/pcb4/Data/Images/Normal/0911.JPG
visa,pcb4,train,normal,,train/good/0837.JPG,,data/datasets/visa/pcb4/Data/Images/Normal/0837.JPG
visa,pcb4,train,normal,,train/good/0652.JPG,,data/datasets/visa/pcb4/Data/Images/Normal/0652.JPG
visa,pcb4,train,normal,,train/good/0169.JPG,,data/datasets/visa/pcb4/Data/Images/Normal/0169.JPG
visa,pcb4,train,normal,,train/good/0409.JPG,,data/datasets/visa/pcb4/Data/Images/Normal/0409.JPG
visa,pcb4,train,normal,,train/good/0954.JPG,,data/datasets/visa/pcb4/Data/Images/Normal/0954.JPG
visa,pcb4,train,normal,,train/good/0013.JPG,,data/datasets/visa/pcb4/Data/Images/Normal/0013.JPG
visa,pcb4,train,normal,,train/good/0708.JPG,,data/datasets/visa/pcb4/Data/Images/Normal/0708.JPG
visa,pcb4,train,normal,,train/good/0848.JPG,,data/datasets/visa/pcb4/Data/Images/Normal/0848.JPG
visa,pcb4,train,normal,,train/good/0446.JPG,,data/datasets/visa/pcb4/Data/Images/Normal/0446.JPG
visa,pcb4,train,normal,,train/good/0267.JPG,,data/datasets/visa/pcb4/Data/Images/Normal/0267.JPG
visa,pcb4,train,normal,,train/good/0360.JPG,,data/datasets/visa/pcb4/Data/Images/Normal/0360.JPG
visa,pcb4,train,normal,,train/good/0107.JPG,,data/datasets/visa/pcb4/Data/Images/Normal/0107.JPG
visa,pcb4,train,normal,,train/good/0908.JPG,,data/datasets/visa/pcb4/Data/Images/Normal/0908.JPG
visa,pcb4,train,normal,,train/good/0877.JPG,,data/datasets/visa/pcb4/Data/Images/Normal/0877.JPG
visa,pcb4,train,normal,,train/good/0345.JPG,,data/datasets/visa/pcb4/Data/Images/Normal/0345.JPG
visa,pcb4,train,normal,,train/good/0988.JPG,,data/datasets/visa/pcb4/Data/Images/Normal/0988.JPG
visa,pcb4,train,normal,,train/good/0581.JPG,,data/datasets/visa/pcb4/Data/Images/Normal/0581.JPG
visa,pcb4,train,normal,,train/good/0358.JPG,,data/datasets/visa/pcb4/Data/Images/Normal/0358.JPG
visa,pcb4,train,normal,,train/good/0997.JPG,,data/datasets/visa/pcb4/Data/Images/Normal/0997.JPG
visa,pcb4,train,normal,,train/good/0144.JPG,,data/datasets/visa/pcb4/Data/Images/Normal/0144.JPG
visa,pcb4,train,normal,,train/good/0452.JPG,,data/datasets/visa/pcb4/Data/Images/Normal/0452.JPG
visa,pcb4,train,normal,,train/good/0451.JPG,,data/datasets/visa/pcb4/Data/Images/Normal/0451.JPG
visa,pcb4,train,normal,,train/good/0558.JPG,,data/datasets/visa/pcb4/Data/Images/Normal/0558.JPG
visa,pcb4,train,normal,,train/good/0350.JPG,,data/datasets/visa/pcb4/Data/Images/Normal/0350.JPG
visa,pcb4,train,normal,,train/good/0889.JPG,,data/datasets/visa/pcb4/Data/Images/Normal/0889.JPG
visa,pcb4,train,normal,,train/good/0058.JPG,,data/datasets/visa/pcb4/Data/Images/Normal/0058.JPG
visa,pcb4,train,normal,,train/good/0801.JPG,,data/datasets/visa/pcb4/Data/Images/Normal/0801.JPG
visa,pcb4,train,normal,,train/good/0907.JPG,,data/datasets/visa/pcb4/Data/Images/Normal/0907.JPG
visa,pcb4,train,normal,,train/good/0357.JPG,,data/datasets/visa/pcb4/Data/Images/Normal/0357.JPG
visa,pcb4,train,normal,,train/good/0510.JPG,,data/datasets/visa/pcb4/Data/Images/Normal/0510.JPG
visa,pcb4,train,normal,,train/good/0641.JPG,,data/datasets/visa/pcb4/Data/Images/Normal/0641.JPG
visa,pcb4,train,normal,,train/good/0121.JPG,,data/datasets/visa/pcb4/Data/Images/Normal/0121.JPG
visa,pcb4,train,normal,,train/good/0481.JPG,,data/datasets/visa/pcb4/Data/Images/Normal/0481.JPG
visa,pcb4,train,normal,,train/good/0368.JPG,,data/datasets/visa/pcb4/Data/Images/Normal/0368.JPG
visa,pcb4,train,normal,,train/good/0362.JPG,,data/datasets/visa/pcb4/Data/Images/Normal/0362.JPG
visa,pcb4,train,normal,,train/good/0753.JPG,,data/datasets/visa/pcb4/Data/Images/Normal/0753.JPG
visa,pcb4,train,normal,,train/good/0602.JPG,,data/datasets/visa/pcb4/Data/Images/Normal/0602.JPG
visa,pcb4,train,normal,,train/good/0498.JPG,,data/datasets/visa/pcb4/Data/Images/Normal/0498.JPG
visa,pcb4,train,normal,,train/good/0438.JPG,,data/datasets/visa/pcb4/Data/Images/Normal/0438.JPG
visa,pcb4,train,normal,,train/good/0894.JPG,,data/datasets/visa/pcb4/Data/Images/Normal/0894.JPG
visa,pcb4,train,normal,,train/good/0910.JPG,,data/datasets/visa/pcb4/Data/Images/Normal/0910.JPG
visa,pcb4,train,normal,,train/good/0879.JPG,,data/datasets/visa/pcb4/Data/Images/Normal/0879.JPG
visa,pcb4,train,normal,,train/good/0870.JPG,,data/datasets/visa/pcb4/Data/Images/Normal/0870.JPG
visa,pcb4,train,normal,,train/good/0386.JPG,,data/datasets/visa/pcb4/Data/Images/Normal/0386.JPG
visa,pcb4,train,normal,,train/good/0817.JPG,,data/datasets/visa/pcb4/Data/Images/Normal/0817.JPG
visa,pcb4,train,normal,,train/good/0007.JPG,,data/datasets/visa/pcb4/Data/Images/Normal/0007.JPG
visa,pcb4,train,normal,,train/good/0852.JPG,,data/datasets/visa/pcb4/Data/Images/Normal/0852.JPG
visa,pcb4,train,normal,,train/good/0636.JPG,,data/datasets/visa/pcb4/Data/Images/Normal/0636.JPG
visa,pcb4,train,normal,,train/good/0056.JPG,,data/datasets/visa/pcb4/Data/Images/Normal/0056.JPG
visa,pcb4,train,normal,,train/good/0888.JPG,,data/datasets/visa/pcb4/Data/Images/Normal/0888.JPG
visa,pcb4,train,normal,,train/good/0692.JPG,,data/datasets/visa/pcb4/Data/Images/Normal/0692.JPG
visa,pcb4,train,normal,,train/good/0648.JPG,,data/datasets/visa/pcb4/Data/Images/Normal/0648.JPG
visa,pcb4,train,normal,,train/good/0875.JPG,,data/datasets/visa/pcb4/Data/Images/Normal/0875.JPG
visa,pcb4,train,normal,,train/good/0884.JPG,,data/datasets/visa/pcb4/Data/Images/Normal/0884.JPG
visa,pcb4,train,normal,,train/good/0100.JPG,,data/datasets/visa/pcb4/Data/Images/Normal/0100.JPG
visa,pcb4,train,normal,,train/good/0059.JPG,,data/datasets/visa/pcb4/Data/Images/Normal/0059.JPG
visa,pcb4,train,normal,,train/good/0474.JPG,,data/datasets/visa/pcb4/Data/Images/Normal/0474.JPG
visa,pcb4,train,normal,,train/good/0872.JPG,,data/datasets/visa/pcb4/Data/Images/Normal/0872.JPG
visa,pcb4,train,normal,,train/good/0660.JPG,,data/datasets/visa/pcb4/Data/Images/Normal/0660.JPG
visa,pcb4,train,normal,,train/good/0509.JPG,,data/datasets/visa/pcb4/Data/Images/Normal/0509.JPG
visa,pcb4,train,normal,,train/good/0186.JPG,,data/datasets/visa/pcb4/Data/Images/Normal/0186.JPG
visa,pcb4,train,normal,,train/good/0285.JPG,,data/datasets/visa/pcb4/Data/Images/Normal/0285.JPG
visa,pcb4,train,normal,,train/good/0730.JPG,,data/datasets/visa/pcb4/Data/Images/Normal/0730.JPG
visa,pcb4,train,normal,,train/good/0703.JPG,,data/datasets/visa/pcb4/Data/Images/Normal/0703.JPG
visa,pcb4,train,normal,,train/good/0960.JPG,,data/datasets/visa/pcb4/Data/Images/Normal/0960.JPG
visa,pcb4,train,normal,,train/good/0883.JPG,,data/datasets/visa/pcb4/Data/Images/Normal/0883.JPG
visa,pcb4,train,normal,,train/good/0538.JPG,,data/datasets/visa/pcb4/Data/Images/Normal/0538.JPG
visa,pcb4,train,normal,,train/good/0019.JPG,,data/datasets/visa/pcb4/Data/Images/Normal/0019.JPG
visa,pcb4,train,normal,,train/good/0260.JPG,,data/datasets/visa/pcb4/Data/Images/Normal/0260.JPG
visa,pcb4,train,normal,,train/good/0068.JPG,,data/datasets/visa/pcb4/Data/Images/Normal/0068.JPG
visa,pcb4,train,normal,,train/good/0798.JPG,,data/datasets/visa/pcb4/Data/Images/Normal/0798.JPG
visa,pcb4,train,normal,,train/good/0284.JPG,,data/datasets/visa/pcb4/Data/Images/Normal/0284.JPG
visa,pcb4,train,normal,,train/good/0216.JPG,,data/datasets/visa/pcb4/Data/Images/Normal/0216.JPG
visa,pcb4,train,normal,,train/good/0947.JPG,,data/datasets/visa/pcb4/Data/Images/Normal/0947.JPG
visa,pcb4,train,normal,,train/good/0053.JPG,,data/datasets/visa/pcb4/Data/Images/Normal/0053.JPG
visa,pcb4,train,normal,,train/good/0704.JPG,,data/datasets/visa/pcb4/Data/Images/Normal/0704.JPG
visa,pcb4,train,normal,,train/good/0207.JPG,,data/datasets/visa/pcb4/Data/Images/Normal/0207.JPG
visa,pcb4,train,normal,,train/good/0478.JPG,,data/datasets/visa/pcb4/Data/Images/Normal/0478.JPG
visa,pcb4,train,normal,,train/good/0208.JPG,,data/datasets/visa/pcb4/Data/Images/Normal/0208.JPG
visa,pcb4,train,normal,,train/good/0585.JPG,,data/datasets/visa/pcb4/Data/Images/Normal/0585.JPG
visa,pcb4,train,normal,,train/good/0023.JPG,,data/datasets/visa/pcb4/Data/Images/Normal/0023.JPG
visa,pcb4,train,normal,,train/good/0814.JPG,,data/datasets/visa/pcb4/Data/Images/Normal/0814.JPG
visa,pcb4,train,normal,,train/good/0725.JPG,,data/datasets/visa/pcb4/Data/Images/Normal/0725.JPG
visa,pcb4,train,normal,,train/good/0343.JPG,,data/datasets/visa/pcb4/Data/Images/Normal/0343.JPG
visa,pcb4,train,normal,,train/good/0532.JPG,,data/datasets/visa/pcb4/Data/Images/Normal/0532.JPG
visa,pcb4,train,normal,,train/good/0113.JPG,,data/datasets/visa/pcb4/Data/Images/Normal/0113.JPG
visa,pcb4,train,normal,,train/good/0168.JPG,,data/datasets/visa/pcb4/Data/Images/Normal/0168.JPG
visa,pcb4,train,normal,,train/good/0922.JPG,,data/datasets/visa/pcb4/Data/Images/Normal/0922.JPG
visa,pcb4,train,normal,,train/good/0366.JPG,,data/datasets/visa/pcb4/Data/Images/Normal/0366.JPG
visa,pcb4,train,normal,,train/good/0864.JPG,,data/datasets/visa/pcb4/Data/Images/Normal/0864.JPG
visa,pcb4,train,normal,,train/good/0410.JPG,,data/datasets/visa/pcb4/Data/Images/Normal/0410.JPG
visa,pcb4,train,normal,,train/good/0494.JPG,,data/datasets/visa/pcb4/Data/Images/Normal/0494.JPG
visa,pcb4,train,normal,,train/good/0025.JPG,,data/datasets/visa/pcb4/Data/Images/Normal/0025.JPG
visa,pcb4,train,normal,,train/good/0571.JPG,,data/datasets/visa/pcb4/Data/Images/Normal/0571.JPG
visa,pcb4,train,normal,,train/good/0913.JPG,,data/datasets/visa/pcb4/Data/Images/Normal/0913.JPG
visa,pcb4,train,normal,,train/good/0011.JPG,,data/datasets/visa/pcb4/Data/Images/Normal/0011.JPG
visa,pcb4,train,normal,,train/good/0659.JPG,,data/datasets/visa/pcb4/Data/Images/Normal/0659.JPG
visa,pcb4,train,normal,,train/good/0769.JPG,,data/datasets/visa/pcb4/Data/Images/Normal/0769.JPG
visa,pcb4,train,normal,,train/good/0242.JPG,,data/datasets/visa/pcb4/Data/Images/Normal/0242.JPG
visa,pcb4,train,normal,,train/good/0497.JPG,,data/datasets/visa/pcb4/Data/Images/Normal/0497.JPG
visa,pcb4,train,normal,,train/good/0935.JPG,,data/datasets/visa/pcb4/Data/Images/Normal/0935.JPG
visa,pcb4,train,normal,,train/good/0254.JPG,,data/datasets/visa/pcb4/Data/Images/Normal/0254.JPG
visa,pcb4,train,normal,,train/good/0930.JPG,,data/datasets/visa/pcb4/Data/Images/Normal/0930.JPG
visa,pcb4,train,normal,,train/good/0077.JPG,,data/datasets/visa/pcb4/Data/Images/Normal/0077.JPG
visa,pcb4,train,normal,,train/good/0300.JPG,,data/datasets/visa/pcb4/Data/Images/Normal/0300.JPG
visa,pcb4,train,normal,,train/good/0701.JPG,,data/datasets/visa/pcb4/Data/Images/Normal/0701.JPG
visa,pcb4,train,normal,,train/good/0306.JPG,,data/datasets/visa/pcb4/Data/Images/Normal/0306.JPG
visa,pcb4,train,normal,,train/good/0453.JPG,,data/datasets/visa/pcb4/Data/Images/Normal/0453.JPG
visa,pcb4,train,normal,,train/good/0067.JPG,,data/datasets/visa/pcb4/Data/Images/Normal/0067.JPG
visa,pcb4,train,normal,,train/good/0089.JPG,,data/datasets/visa/pcb4/Data/Images/Normal/0089.JPG
visa,pcb4,train,normal,,train/good/0490.JPG,,data/datasets/visa/pcb4/Data/Images/Normal/0490.JPG
visa,pcb4,train,normal,,train/good/0154.JPG,,data/datasets/visa/pcb4/Data/Images/Normal/0154.JPG
visa,pcb4,train,normal,,train/good/0688.JPG,,data/datasets/visa/pcb4/Data/Images/Normal/0688.JPG
visa,pcb4,train,normal,,train/good/0726.JPG,,data/datasets/visa/pcb4/Data/Images/Normal/0726.JPG
visa,pcb4,train,normal,,train/good/0289.JPG,,data/datasets/visa/pcb4/Data/Images/Normal/0289.JPG
visa,pcb4,train,normal,,train/good/0421.JPG,,data/datasets/visa/pcb4/Data/Images/Normal/0421.JPG
visa,pcb4,train,normal,,train/good/0280.JPG,,data/datasets/visa/pcb4/Data/Images/Normal/0280.JPG
visa,pcb4,train,normal,,train/good/0200.JPG,,data/datasets/visa/pcb4/Data/Images/Normal/0200.JPG
visa,pcb4,train,normal,,train/good/0791.JPG,,data/datasets/visa/pcb4/Data/Images/Normal/0791.JPG
visa,pcb4,train,normal,,train/good/0199.JPG,,data/datasets/visa/pcb4/Data/Images/Normal/0199.JPG
visa,pcb4,train,normal,,train/good/0415.JPG,,data/datasets/visa/pcb4/Data/Images/Normal/0415.JPG
visa,pcb4,train,normal,,train/good/0039.JPG,,data/datasets/visa/pcb4/Data/Images/Normal/0039.JPG
visa,pcb4,train,normal,,train/good/0756.JPG,,data/datasets/visa/pcb4/Data/Images/Normal/0756.JPG
visa,pcb4,train,normal,,train/good/0184.JPG,,data/datasets/visa/pcb4/Data/Images/Normal/0184.JPG
visa,pcb4,train,normal,,train/good/0419.JPG,,data/datasets/visa/pcb4/Data/Images/Normal/0419.JPG
visa,pcb4,train,normal,,train/good/0450.JPG,,data/datasets/visa/pcb4/Data/Images/Normal/0450.JPG
visa,pcb4,train,normal,,train/good/0486.JPG,,data/datasets/visa/pcb4/Data/Images/Normal/0486.JPG
visa,pcb4,train,normal,,train/good/0527.JPG,,data/datasets/visa/pcb4/Data/Images/Normal/0527.JPG
visa,pcb4,train,normal,,train/good/0459.JPG,,data/datasets/visa/pcb4/Data/Images/Normal/0459.JPG
visa,pcb4,train,normal,,train/good/0770.JPG,,data/datasets/visa/pcb4/Data/Images/Normal/0770.JPG
visa,pcb4,train,normal,,train/good/0269.JPG,,data/datasets/visa/pcb4/Data/Images/Normal/0269.JPG
visa,pcb4,train,normal,,train/good/0246.JPG,,data/datasets/visa/pcb4/Data/Images/Normal/0246.JPG
visa,pcb4,train,normal,,train/good/0793.JPG,,data/datasets/visa/pcb4/Data/Images/Normal/0793.JPG
visa,pcb4,train,normal,,train/good/0899.JPG,,data/datasets/visa/pcb4/Data/Images/Normal/0899.JPG
visa,pcb4,train,normal,,train/good/0707.JPG,,data/datasets/visa/pcb4/Data/Images/Normal/0707.JPG
visa,pcb4,train,normal,,train/good/0243.JPG,,data/datasets/visa/pcb4/Data/Images/Normal/0243.JPG
visa,pcb4,train,normal,,train/good/0740.JPG,,data/datasets/visa/pcb4/Data/Images/Normal/0740.JPG
visa,pcb4,train,normal,,train/good/0749.JPG,,data/datasets/visa/pcb4/Data/Images/Normal/0749.JPG
visa,pcb4,train,normal,,train/good/0276.JPG,,data/datasets/visa/pcb4/Data/Images/Normal/0276.JPG
visa,pcb4,train,normal,,train/good/0737.JPG,,data/datasets/visa/pcb4/Data/Images/Normal/0737.JPG
visa,pcb4,train,normal,,train/good/0311.JPG,,data/datasets/visa/pcb4/Data/Images/Normal/0311.JPG
visa,pcb4,train,normal,,train/good/0682.JPG,,data/datasets/visa/pcb4/Data/Images/Normal/0682.JPG
visa,pcb4,train,normal,,train/good/0109.JPG,,data/datasets/visa/pcb4/Data/Images/Normal/0109.JPG
visa,pcb4,train,normal,,train/good/0148.JPG,,data/datasets/visa/pcb4/Data/Images/Normal/0148.JPG
visa,pcb4,train,normal,,train/good/0099.JPG,,data/datasets/visa/pcb4/Data/Images/Normal/0099.JPG
visa,pcb4,train,normal,,train/good/0476.JPG,,data/datasets/visa/pcb4/Data/Images/Normal/0476.JPG
visa,pcb4,train,normal,,train/good/0666.JPG,,data/datasets/visa/pcb4/Data/Images/Normal/0666.JPG
visa,pcb4,train,normal,,train/good/0134.JPG,,data/datasets/visa/pcb4/Data/Images/Normal/0134.JPG
visa,pcb4,train,normal,,train/good/0546.JPG,,data/datasets/visa/pcb4/Data/Images/Normal/0546.JPG
visa,pcb4,train,normal,,train/good/0050.JPG,,data/datasets/visa/pcb4/Data/Images/Normal/0050.JPG
visa,pcb4,train,normal,,train/good/0135.JPG,,data/datasets/visa/pcb4/Data/Images/Normal/0135.JPG
visa,pcb4,train,normal,,train/good/0869.JPG,,data/datasets/visa/pcb4/Data/Images/Normal/0869.JPG
visa,pcb4,train,normal,,train/good/0158.JPG,,data/datasets/visa/pcb4/Data/Images/Normal/0158.JPG
visa,pcb4,train,normal,,train/good/0881.JPG,,data/datasets/visa/pcb4/Data/Images/Normal/0881.JPG
visa,pcb4,train,normal,,train/good/0396.JPG,,data/datasets/visa/pcb4/Data/Images/Normal/0396.JPG
visa,pcb4,train,normal,,train/good/0266.JPG,,data/datasets/visa/pcb4/Data/Images/Normal/0266.JPG
visa,pcb4,train,normal,,train/good/0515.JPG,,data/datasets/visa/pcb4/Data/Images/Normal/0515.JPG
visa,pcb4,train,normal,,train/good/0323.JPG,,data/datasets/visa/pcb4/Data/Images/Normal/0323.JPG
visa,pcb4,train,normal,,train/good/0378.JPG,,data/datasets/visa/pcb4/Data/Images/Normal/0378.JPG
visa,pcb4,train,normal,,train/good/0239.JPG,,data/datasets/visa/pcb4/Data/Images/Normal/0239.JPG
visa,pcb4,train,normal,,train/good/0710.JPG,,data/datasets/visa/pcb4/Data/Images/Normal/0710.JPG
visa,pcb4,train,normal,,train/good/0429.JPG,,data/datasets/visa/pcb4/Data/Images/Normal/0429.JPG
visa,pcb4,train,normal,,train/good/0440.JPG,,data/datasets/visa/pcb4/Data/Images/Normal/0440.JPG
visa,pcb4,train,normal,,train/good/0380.JPG,,data/datasets/visa/pcb4/Data/Images/Normal/0380.JPG
visa,pcb4,train,normal,,train/good/0594.JPG,,data/datasets/visa/pcb4/Data/Images/Normal/0594.JPG
visa,pcb4,train,normal,,train/good/0945.JPG,,data/datasets/visa/pcb4/Data/Images/Normal/0945.JPG
visa,pcb4,train,normal,,train/good/0262.JPG,,data/datasets/visa/pcb4/Data/Images/Normal/0262.JPG
visa,pcb4,train,normal,,train/good/0742.JPG,,data/datasets/visa/pcb4/Data/Images/Normal/0742.JPG
visa,pcb4,train,normal,,train/good/0993.JPG,,data/datasets/visa/pcb4/Data/Images/Normal/0993.JPG
visa,pcb4,train,normal,,train/good/0820.JPG,,data/datasets/visa/pcb4/Data/Images/Normal/0820.JPG
visa,pcb4,train,normal,,train/good/0425.JPG,,data/datasets/visa/pcb4/Data/Images/Normal/0425.JPG
visa,pcb4,train,normal,,train/good/0336.JPG,,data/datasets/visa/pcb4/Data/Images/Normal/0336.JPG
visa,pcb4,train,normal,,train/good/0715.JPG,,data/datasets/visa/pcb4/Data/Images/Normal/0715.JPG
visa,pcb4,train,normal,,train/good/0832.JPG,,data/datasets/visa/pcb4/Data/Images/Normal/0832.JPG
visa,pcb4,train,normal,,train/good/0859.JPG,,data/datasets/visa/pcb4/Data/Images/Normal/0859.JPG
visa,pcb4,train,normal,,train/good/0447.JPG,,data/datasets/visa/pcb4/Data/Images/Normal/0447.JPG
visa,pcb4,train,normal,,train/good/0827.JPG,,data/datasets/visa/pcb4/Data/Images/Normal/0827.JPG
visa,pcb4,train,normal,,train/good/0503.JPG,,data/datasets/visa/pcb4/Data/Images/Normal/0503.JPG
visa,pcb4,train,normal,,train/good/0179.JPG,,data/datasets/visa/pcb4/Data/Images/Normal/0179.JPG
visa,pcb4,train,normal,,train/good/0752.JPG,,data/datasets/visa/pcb4/Data/Images/Normal/0752.JPG
visa,pcb4,train,normal,,train/good/0226.JPG,,data/datasets/visa/pcb4/Data/Images/Normal/0226.JPG
visa,pcb4,train,normal,,train/good/0371.JPG,,data/datasets/visa/pcb4/Data/Images/Normal/0371.JPG
visa,pcb4,train,normal,,train/good/0000.JPG,,data/datasets/visa/pcb4/Data/Images/Normal/0000.JPG
visa,pcb4,train,normal,,train/good/0595.JPG,,data/datasets/visa/pcb4/Data/Images/Normal/0595.JPG
visa,pcb4,train,normal,,train/good/0422.JPG,,data/datasets/visa/pcb4/Data/Images/Normal/0422.JPG
visa,pcb4,train,normal,,train/good/0294.JPG,,data/datasets/visa/pcb4/Data/Images/Normal/0294.JPG
visa,pcb4,train,normal,,train/good/0257.JPG,,data/datasets/visa/pcb4/Data/Images/Normal/0257.JPG
visa,pcb4,train,normal,,train/good/0223.JPG,,data/datasets/visa/pcb4/Data/Images/Normal/0223.JPG
visa,pcb4,train,normal,,train/good/0299.JPG,,data/datasets/visa/pcb4/Data/Images/Normal/0299.JPG
visa,pcb4,train,normal,,train/good/0539.JPG,,data/datasets/visa/pcb4/Data/Images/Normal/0539.JPG
visa,pcb4,train,normal,,train/good/0856.JPG,,data/datasets/visa/pcb4/Data/Images/Normal/0856.JPG
visa,pcb4,train,normal,,train/good/0698.JPG,,data/datasets/visa/pcb4/Data/Images/Normal/0698.JPG
visa,pcb4,train,normal,,train/good/0069.JPG,,data/datasets/visa/pcb4/Data/Images/Normal/0069.JPG
visa,pcb4,train,normal,,train/good/0570.JPG,,data/datasets/visa/pcb4/Data/Images/Normal/0570.JPG
visa,pcb4,train,normal,,train/good/0295.JPG,,data/datasets/visa/pcb4/Data/Images/Normal/0295.JPG
visa,pcb4,train,normal,,train/good/0006.JPG,,data/datasets/visa/pcb4/Data/Images/Normal/0006.JPG
visa,pcb4,train,normal,,train/good/0643.JPG,,data/datasets/visa/pcb4/Data/Images/Normal/0643.JPG
visa,pcb4,train,normal,,train/good/0920.JPG,,data/datasets/visa/pcb4/Data/Images/Normal/0920.JPG
visa,pcb4,train,normal,,train/good/0055.JPG,,data/datasets/visa/pcb4/Data/Images/Normal/0055.JPG
visa,pcb4,train,normal,,train/good/0647.JPG,,data/datasets/visa/pcb4/Data/Images/Normal/0647.JPG
visa,pcb4,train,normal,,train/good/0384.JPG,,data/datasets/visa/pcb4/Data/Images/Normal/0384.JPG
visa,pcb4,train,normal,,train/good/0381.JPG,,data/datasets/visa/pcb4/Data/Images/Normal/0381.JPG
visa,pcb4,train,normal,,train/good/0633.JPG,,data/datasets/visa/pcb4/Data/Images/Normal/0633.JPG
visa,pcb4,train,normal,,train/good/0062.JPG,,data/datasets/visa/pcb4/Data/Images/Normal/0062.JPG
visa,pcb4,train,normal,,train/good/0215.JPG,,data/datasets/visa/pcb4/Data/Images/Normal/0215.JPG
visa,pcb4,train,normal,,train/good/0733.JPG,,data/datasets/visa/pcb4/Data/Images/Normal/0733.JPG
visa,pcb4,train,normal,,train/good/0182.JPG,,data/datasets/visa/pcb4/Data/Images/Normal/0182.JPG
visa,pcb4,train,normal,,train/good/0905.JPG,,data/datasets/visa/pcb4/Data/Images/Normal/0905.JPG
visa,pcb4,train,normal,,train/good/0655.JPG,,data/datasets/visa/pcb4/Data/Images/Normal/0655.JPG
visa,pcb4,train,normal,,train/good/0572.JPG,,data/datasets/visa/pcb4/Data/Images/Normal/0572.JPG
visa,pcb4,train,normal,,train/good/0401.JPG,,data/datasets/visa/pcb4/Data/Images/Normal/0401.JPG
visa,pcb4,train,normal,,train/good/0891.JPG,,data/datasets/visa/pcb4/Data/Images/Normal/0891.JPG
visa,pcb4,train,normal,,train/good/0139.JPG,,data/datasets/visa/pcb4/Data/Images/Normal/0139.JPG
visa,pcb4,train,normal,,train/good/0580.JPG,,data/datasets/visa/pcb4/Data/Images/Normal/0580.JPG
visa,pcb4,train,normal,,train/good/0455.JPG,,data/datasets/visa/pcb4/Data/Images/Normal/0455.JPG
visa,pcb4,train,normal,,train/good/0075.JPG,,data/datasets/visa/pcb4/Data/Images/Normal/0075.JPG
visa,pcb4,train,normal,,train/good/0145.JPG,,data/datasets/visa/pcb4/Data/Images/Normal/0145.JPG
visa,pcb4,train,normal,,train/good/0847.JPG,,data/datasets/visa/pcb4/Data/Images/Normal/0847.JPG
visa,pcb4,train,normal,,train/good/0475.JPG,,data/datasets/visa/pcb4/Data/Images/Normal/0475.JPG
visa,pcb4,train,normal,,train/good/0709.JPG,,data/datasets/visa/pcb4/Data/Images/Normal/0709.JPG
visa,pcb4,train,normal,,train/good/0124.JPG,,data/datasets/visa/pcb4/Data/Images/Normal/0124.JPG
visa,pcb4,train,normal,,train/good/0015.JPG,,data/datasets/visa/pcb4/Data/Images/Normal/0015.JPG
visa,pcb4,train,normal,,train/good/0757.JPG,,data/datasets/visa/pcb4/Data/Images/Normal/0757.JPG
visa,pcb4,train,normal,,train/good/0434.JPG,,data/datasets/visa/pcb4/Data/Images/Normal/0434.JPG
visa,pcb4,train,normal,,train/good/0331.JPG,,data/datasets/visa/pcb4/Data/Images/Normal/0331.JPG
visa,pcb4,train,normal,,train/good/0630.JPG,,data/datasets/visa/pcb4/Data/Images/Normal/0630.JPG
visa,pcb4,train,normal,,train/good/0097.JPG,,data/datasets/visa/pcb4/Data/Images/Normal/0097.JPG
visa,pcb4,train,normal,,train/good/0978.JPG,,data/datasets/visa/pcb4/Data/Images/Normal/0978.JPG
visa,pcb4,train,normal,,train/good/0836.JPG,,data/datasets/visa/pcb4/Data/Images/Normal/0836.JPG
visa,pcb4,train,normal,,train/good/0887.JPG,,data/datasets/visa/pcb4/Data/Images/Normal/0887.JPG
visa,pcb4,train,normal,,train/good/0127.JPG,,data/datasets/visa/pcb4/Data/Images/Normal/0127.JPG
visa,pcb4,train,normal,,train/good/0142.JPG,,data/datasets/visa/pcb4/Data/Images/Normal/0142.JPG
visa,pcb4,train,normal,,train/good/0151.JPG,,data/datasets/visa/pcb4/Data/Images/Normal/0151.JPG
visa,pcb4,train,normal,,train/good/0723.JPG,,data/datasets/visa/pcb4/Data/Images/Normal/0723.JPG
visa,pcb4,train,normal,,train/good/0209.JPG,,data/datasets/visa/pcb4/Data/Images/Normal/0209.JPG
visa,pcb4,train,normal,,train/good/0615.JPG,,data/datasets/visa/pcb4/Data/Images/Normal/0615.JPG
visa,pcb4,train,normal,,train/good/0307.JPG,,data/datasets/visa/pcb4/Data/Images/Normal/0307.JPG
visa,pcb4,train,normal,,train/good/0611.JPG,,data/datasets/visa/pcb4/Data/Images/Normal/0611.JPG
visa,pcb4,train,normal,,train/good/0061.JPG,,data/datasets/visa/pcb4/Data/Images/Normal/0061.JPG
visa,pcb4,train,normal,,train/good/0108.JPG,,data/datasets/visa/pcb4/Data/Images/Normal/0108.JPG
visa,pcb4,train,normal,,train/good/0529.JPG,,data/datasets/visa/pcb4/Data/Images/Normal/0529.JPG
visa,pcb4,train,normal,,train/good/0318.JPG,,data/datasets/visa/pcb4/Data/Images/Normal/0318.JPG
visa,pcb4,train,normal,,train/good/0596.JPG,,data/datasets/visa/pcb4/Data/Images/Normal/0596.JPG
visa,pcb4,train,normal,,train/good/0412.JPG,,data/datasets/visa/pcb4/Data/Images/Normal/0412.JPG
visa,pcb4,train,normal,,train/good/0166.JPG,,data/datasets/visa/pcb4/Data/Images/Normal/0166.JPG
visa,pcb4,train,normal,,train/good/1002.JPG,,data/datasets/visa/pcb4/Data/Images/Normal/1002.JPG
visa,pcb4,train,normal,,train/good/0977.JPG,,data/datasets/visa/pcb4/Data/Images/Normal/0977.JPG
visa,pcb4,train,normal,,train/good/0472.JPG,,data/datasets/visa/pcb4/Data/Images/Normal/0472.JPG
visa,pcb4,train,normal,,train/good/0195.JPG,,data/datasets/visa/pcb4/Data/Images/Normal/0195.JPG
visa,pcb4,train,normal,,train/good/0928.JPG,,data/datasets/visa/pcb4/Data/Images/Normal/0928.JPG
visa,pcb4,train,normal,,train/good/0952.JPG,,data/datasets/visa/pcb4/Data/Images/Normal/0952.JPG
visa,pcb4,train,normal,,train/good/0656.JPG,,data/datasets/visa/pcb4/Data/Images/Normal/0656.JPG
visa,pcb4,train,normal,,train/good/0337.JPG,,data/datasets/visa/pcb4/Data/Images/Normal/0337.JPG
visa,pcb4,train,normal,,train/good/0874.JPG,,data/datasets/visa/pcb4/Data/Images/Normal/0874.JPG
visa,pcb4,train,normal,,train/good/0784.JPG,,data/datasets/visa/pcb4/Data/Images/Normal/0784.JPG
visa,pcb4,train,normal,,train/good/0541.JPG,,data/datasets/visa/pcb4/Data/Images/Normal/0541.JPG
visa,pcb4,train,normal,,train/good/0654.JPG,,data/datasets/visa/pcb4/Data/Images/Normal/0654.JPG
visa,pcb4,train,normal,,train/good/0051.JPG,,data/datasets/visa/pcb4/Data/Images/Normal/0051.JPG
visa,pcb4,train,normal,,train/good/0321.JPG,,data/datasets/visa/pcb4/Data/Images/Normal/0321.JPG
visa,pcb4,train,normal,,train/good/0130.JPG,,data/datasets/visa/pcb4/Data/Images/Normal/0130.JPG
visa,pcb4,train,normal,,train/good/0606.JPG,,data/datasets/visa/pcb4/Data/Images/Normal/0606.JPG
visa,pcb4,train,normal,,train/good/0268.JPG,,data/datasets/visa/pcb4/Data/Images/Normal/0268.JPG
visa,pcb4,train,normal,,train/good/0530.JPG,,data/datasets/visa/pcb4/Data/Images/Normal/0530.JPG
visa,pcb4,train,normal,,train/good/0278.JPG,,data/datasets/visa/pcb4/Data/Images/Normal/0278.JPG
visa,pcb4,train,normal,,train/good/0377.JPG,,data/datasets/visa/pcb4/Data/Images/Normal/0377.JPG
visa,pcb4,train,normal,,train/good/0489.JPG,,data/datasets/visa/pcb4/Data/Images/Normal/0489.JPG
visa,pcb4,train,normal,,train/good/0196.JPG,,data/datasets/visa/pcb4/Data/Images/Normal/0196.JPG
visa,pcb4,train,normal,,train/good/0178.JPG,,data/datasets/visa/pcb4/Data/Images/Normal/0178.JPG
visa,pcb4,train,normal,,train/good/0326.JPG,,data/datasets/visa/pcb4/Data/Images/Normal/0326.JPG
visa,pcb4,train,normal,,train/good/0201.JPG,,data/datasets/visa/pcb4/Data/Images/Normal/0201.JPG
visa,pcb4,train,normal,,train/good/0642.JPG,,data/datasets/visa/pcb4/Data/Images/Normal/0642.JPG
visa,pcb4,train,normal,,train/good/0405.JPG,,data/datasets/visa/pcb4/Data/Images/Normal/0405.JPG
visa,pcb4,train,normal,,train/good/0964.JPG,,data/datasets/visa/pcb4/Data/Images/Normal/0964.JPG
visa,pcb4,train,normal,,train/good/0291.JPG,,data/datasets/visa/pcb4/Data/Images/Normal/0291.JPG
visa,pcb4,train,normal,,train/good/0927.JPG,,data/datasets/visa/pcb4/Data/Images/Normal/0927.JPG
visa,pcb4,train,normal,,train/good/0809.JPG,,data/datasets/visa/pcb4/Data/Images/Normal/0809.JPG
visa,pcb4,train,normal,,train/good/0745.JPG,,data/datasets/visa/pcb4/Data/Images/Normal/0745.JPG
visa,pcb4,train,normal,,train/good/0079.JPG,,data/datasets/visa/pcb4/Data/Images/Normal/0079.JPG
visa,pcb4,train,normal,,train/good/0417.JPG,,data/datasets/visa/pcb4/Data/Images/Normal/0417.JPG
visa,pcb4,train,normal,,train/good/0193.JPG,,data/datasets/visa/pcb4/Data/Images/Normal/0193.JPG
visa,pcb4,train,normal,,train/good/0668.JPG,,data/datasets/visa/pcb4/Data/Images/Normal/0668.JPG
visa,pcb4,train,normal,,train/good/0700.JPG,,data/datasets/visa/pcb4/Data/Images/Normal/0700.JPG
visa,pcb4,train,normal,,train/good/0537.JPG,,data/datasets/visa/pcb4/Data/Images/Normal/0537.JPG
visa,pcb4,train,normal,,train/good/0063.JPG,,data/datasets/visa/pcb4/Data/Images/Normal/0063.JPG
visa,pcb4,train,normal,,train/good/0043.JPG,,data/datasets/visa/pcb4/Data/Images/Normal/0043.JPG
visa,pcb4,train,normal,,train/good/0304.JPG,,data/datasets/visa/pcb4/Data/Images/Normal/0304.JPG
visa,pcb4,train,normal,,train/good/0937.JPG,,data/datasets/visa/pcb4/Data/Images/Normal/0937.JPG
visa,pcb4,train,normal,,train/good/0932.JPG,,data/datasets/visa/pcb4/Data/Images/Normal/0932.JPG
visa,pcb4,train,normal,,train/good/0359.JPG,,data/datasets/visa/pcb4/Data/Images/Normal/0359.JPG
visa,pcb4,train,normal,,train/good/0084.JPG,,data/datasets/visa/pcb4/Data/Images/Normal/0084.JPG
visa,pcb4,train,normal,,train/good/0933.JPG,,data/datasets/visa/pcb4/Data/Images/Normal/0933.JPG
visa,pcb4,train,normal,,train/good/0282.JPG,,data/datasets/visa/pcb4/Data/Images/Normal/0282.JPG
visa,pcb4,train,normal,,train/good/0473.JPG,,data/datasets/visa/pcb4/Data/Images/Normal/0473.JPG
visa,pcb4,train,normal,,train/good/0724.JPG,,data/datasets/visa/pcb4/Data/Images/Normal/0724.JPG
visa,pcb4,train,normal,,train/good/0152.JPG,,data/datasets/visa/pcb4/Data/Images/Normal/0152.JPG
visa,pcb4,train,normal,,train/good/0159.JPG,,data/datasets/visa/pcb4/Data/Images/Normal/0159.JPG
visa,pcb4,train,normal,,train/good/0969.JPG,,data/datasets/visa/pcb4/Data/Images/Normal/0969.JPG
visa,pcb4,train,normal,,train/good/0628.JPG,,data/datasets/visa/pcb4/Data/Images/Normal/0628.JPG
visa,pcb4,train,normal,,train/good/0081.JPG,,data/datasets/visa/pcb4/Data/Images/Normal/0081.JPG
visa,pcb4,train,normal,,train/good/0188.JPG,,data/datasets/visa/pcb4/Data/Images/Normal/0188.JPG
visa,pcb4,train,normal,,train/good/0393.JPG,,data/datasets/visa/pcb4/Data/Images/Normal/0393.JPG
visa,pcb4,train,normal,,train/good/0924.JPG,,data/datasets/visa/pcb4/Data/Images/Normal/0924.JPG
visa,pcb4,train,normal,,train/good/0748.JPG,,data/datasets/visa/pcb4/Data/Images/Normal/0748.JPG
visa,pcb4,train,normal,,train/good/0813.JPG,,data/datasets/visa/pcb4/Data/Images/Normal/0813.JPG
visa,pcb4,train,normal,,train/good/0861.JPG,,data/datasets/visa/pcb4/Data/Images/Normal/0861.JPG
visa,pcb4,train,normal,,train/good/0467.JPG,,data/datasets/visa/pcb4/Data/Images/Normal/0467.JPG
visa,pcb4,train,normal,,train/good/0140.JPG,,data/datasets/visa/pcb4/Data/Images/Normal/0140.JPG
visa,pcb4,train,normal,,train/good/0334.JPG,,data/datasets/visa/pcb4/Data/Images/Normal/0334.JPG
visa,pcb4,train,normal,,train/good/0372.JPG,,data/datasets/visa/pcb4/Data/Images/Normal/0372.JPG
visa,pcb4,train,normal,,train/good/0312.JPG,,data/datasets/visa/pcb4/Data/Images/Normal/0312.JPG
visa,pcb4,train,normal,,train/good/0286.JPG,,data/datasets/visa/pcb4/Data/Images/Normal/0286.JPG
visa,pcb4,train,normal,,train/good/0942.JPG,,data/datasets/visa/pcb4/Data/Images/Normal/0942.JPG
visa,pcb4,train,normal,,train/good/0211.JPG,,data/datasets/visa/pcb4/Data/Images/Normal/0211.JPG
visa,pcb4,train,normal,,train/good/0559.JPG,,data/datasets/visa/pcb4/Data/Images/Normal/0559.JPG
visa,pcb4,train,normal,,train/good/0936.JPG,,data/datasets/visa/pcb4/Data/Images/Normal/0936.JPG
visa,pcb4,train,normal,,train/good/0597.JPG,,data/datasets/visa/pcb4/Data/Images/Normal/0597.JPG
visa,pcb4,train,normal,,train/good/0482.JPG,,data/datasets/visa/pcb4/Data/Images/Normal/0482.JPG
visa,pcb4,train,normal,,train/good/0253.JPG,,data/datasets/visa/pcb4/Data/Images/Normal/0253.JPG
visa,pcb4,train,normal,,train/good/0674.JPG,,data/datasets/visa/pcb4/Data/Images/Normal/0674.JPG
visa,pcb4,train,normal,,train/good/0122.JPG,,data/datasets/visa/pcb4/Data/Images/Normal/0122.JPG
visa,pcb4,train,normal,,train/good/0115.JPG,,data/datasets/visa/pcb4/Data/Images/Normal/0115.JPG
visa,pcb4,train,normal,,train/good/0374.JPG,,data/datasets/visa/pcb4/Data/Images/Normal/0374.JPG
visa,pcb4,train,normal,,train/good/0573.JPG,,data/datasets/visa/pcb4/Data/Images/Normal/0573.JPG
visa,pcb4,train,normal,,train/good/0764.JPG,,data/datasets/visa/pcb4/Data/Images/Normal/0764.JPG
visa,pcb4,train,normal,,train/good/0454.JPG,,data/datasets/visa/pcb4/Data/Images/Normal/0454.JPG
visa,pcb4,train,normal,,train/good/0332.JPG,,data/datasets/visa/pcb4/Data/Images/Normal/0332.JPG
visa,pcb4,train,normal,,train/good/0892.JPG,,data/datasets/visa/pcb4/Data/Images/Normal/0892.JPG
visa,pcb4,train,normal,,train/good/0590.JPG,,data/datasets/visa/pcb4/Data/Images/Normal/0590.JPG
visa,pcb4,train,normal,,train/good/0270.JPG,,data/datasets/visa/pcb4/Data/Images/Normal/0270.JPG
visa,pcb4,train,normal,,train/good/0090.JPG,,data/datasets/visa/pcb4/Data/Images/Normal/0090.JPG
visa,pcb4,train,normal,,train/good/0003.JPG,,data/datasets/visa/pcb4/Data/Images/Normal/0003.JPG
visa,pcb4,train,normal,,train/good/0444.JPG,,data/datasets/visa/pcb4/Data/Images/Normal/0444.JPG
visa,pcb4,train,normal,,train/good/0119.JPG,,data/datasets/visa/pcb4/Data/Images/Normal/0119.JPG
visa,pcb4,train,normal,,train/good/0045.JPG,,data/datasets/visa/pcb4/Data/Images/Normal/0045.JPG
visa,pcb4,train,normal,,train/good/0718.JPG,,data/datasets/visa/pcb4/Data/Images/Normal/0718.JPG
visa,pcb4,train,normal,,train/good/0890.JPG,,data/datasets/visa/pcb4/Data/Images/Normal/0890.JPG
visa,pcb4,train,normal,,train/good/0673.JPG,,data/datasets/visa/pcb4/Data/Images/Normal/0673.JPG
visa,pcb4,train,normal,,train/good/0676.JPG,,data/datasets/visa/pcb4/Data/Images/Normal/0676.JPG
visa,pcb4,train,normal,,train/good/0818.JPG,,data/datasets/visa/pcb4/Data/Images/Normal/0818.JPG
visa,pcb4,train,normal,,train/good/0141.JPG,,data/datasets/visa/pcb4/Data/Images/Normal/0141.JPG
visa,pcb4,train,normal,,train/good/0822.JPG,,data/datasets/visa/pcb4/Data/Images/Normal/0822.JPG
visa,pcb4,train,normal,,train/good/0588.JPG,,data/datasets/visa/pcb4/Data/Images/Normal/0588.JPG
visa,pcb4,train,normal,,train/good/0433.JPG,,data/datasets/visa/pcb4/Data/Images/Normal/0433.JPG
visa,pcb4,train,normal,,train/good/0495.JPG,,data/datasets/visa/pcb4/Data/Images/Normal/0495.JPG
visa,pcb4,train,normal,,train/good/0683.JPG,,data/datasets/visa/pcb4/Data/Images/Normal/0683.JPG
visa,pcb4,train,normal,,train/good/0070.JPG,,data/datasets/visa/pcb4/Data/Images/Normal/0070.JPG
visa,pcb4,train,normal,,train/good/0940.JPG,,data/datasets/visa/pcb4/Data/Images/Normal/0940.JPG
visa,pcb4,train,normal,,train/good/0808.JPG,,data/datasets/visa/pcb4/Data/Images/Normal/0808.JPG
visa,pcb4,train,normal,,train/good/0973.JPG,,data/datasets/visa/pcb4/Data/Images/Normal/0973.JPG
visa,pcb4,train,normal,,train/good/0731.JPG,,data/datasets/visa/pcb4/Data/Images/Normal/0731.JPG
visa,pcb4,train,normal,,train/good/0961.JPG,,data/datasets/visa/pcb4/Data/Images/Normal/0961.JPG
visa,pcb4,train,normal,,train/good/0292.JPG,,data/datasets/visa/pcb4/Data/Images/Normal/0292.JPG
visa,pcb4,train,normal,,train/good/0213.JPG,,data/datasets/visa/pcb4/Data/Images/Normal/0213.JPG
visa,pcb4,train,normal,,train/good/0330.JPG,,data/datasets/visa/pcb4/Data/Images/Normal/0330.JPG
visa,pcb4,train,normal,,train/good/0878.JPG,,data/datasets/visa/pcb4/Data/Images/Normal/0878.JPG
visa,pcb4,train,normal,,train/good/0705.JPG,,data/datasets/visa/pcb4/Data/Images/Normal/0705.JPG
visa,pcb4,train,normal,,train/good/0904.JPG,,data/datasets/visa/pcb4/Data/Images/Normal/0904.JPG
visa,pcb4,train,normal,,train/good/0838.JPG,,data/datasets/visa/pcb4/Data/Images/Normal/0838.JPG
visa,pcb4,train,normal,,train/good/0087.JPG,,data/datasets/visa/pcb4/Data/Images/Normal/0087.JPG
visa,pcb4,train,normal,,train/good/0653.JPG,,data/datasets/visa/pcb4/Data/Images/Normal/0653.JPG
visa,pcb4,train,normal,,train/good/0428.JPG,,data/datasets/visa/pcb4/Data/Images/Normal/0428.JPG
visa,pcb4,train,normal,,train/good/0202.JPG,,data/datasets/visa/pcb4/Data/Images/Normal/0202.JPG
visa,pcb4,train,normal,,train/good/0845.JPG,,data/datasets/visa/pcb4/Data/Images/Normal/0845.JPG
visa,pcb4,train,normal,,train/good/0544.JPG,,data/datasets/visa/pcb4/Data/Images/Normal/0544.JPG
visa,pcb4,train,normal,,train/good/0958.JPG,,data/datasets/visa/pcb4/Data/Images/Normal/0958.JPG
visa,pcb4,train,normal,,train/good/0435.JPG,,data/datasets/visa/pcb4/Data/Images/Normal/0435.JPG
visa,pcb4,train,normal,,train/good/0943.JPG,,data/datasets/visa/pcb4/Data/Images/Normal/0943.JPG
visa,pcb4,train,normal,,train/good/0277.JPG,,data/datasets/visa/pcb4/Data/Images/Normal/0277.JPG
visa,pcb4,train,normal,,train/good/0678.JPG,,data/datasets/visa/pcb4/Data/Images/Normal/0678.JPG
visa,pcb4,train,normal,,train/good/0281.JPG,,data/datasets/visa/pcb4/Data/Images/Normal/0281.JPG
visa,pcb4,train,normal,,train/good/0562.JPG,,data/datasets/visa/pcb4/Data/Images/Normal/0562.JPG
visa,pcb4,train,normal,,train/good/0901.JPG,,data/datasets/visa/pcb4/Data/Images/Normal/0901.JPG
visa,pcb4,train,normal,,train/good/0734.JPG,,data/datasets/visa/pcb4/Data/Images/Normal/0734.JPG
visa,pcb4,train,normal,,train/good/0625.JPG,,data/datasets/visa/pcb4/Data/Images/Normal/0625.JPG
visa,pcb4,train,normal,,train/good/0032.JPG,,data/datasets/visa/pcb4/Data/Images/Normal/0032.JPG
visa,pcb4,train,normal,,train/good/0398.JPG,,data/datasets/visa/pcb4/Data/Images/Normal/0398.JPG
visa,pcb4,train,normal,,train/good/0129.JPG,,data/datasets/visa/pcb4/Data/Images/Normal/0129.JPG
visa,pcb4,train,normal,,train/good/0126.JPG,,data/datasets/visa/pcb4/Data/Images/Normal/0126.JPG
visa,pcb4,train,normal,,train/good/0341.JPG,,data/datasets/visa/pcb4/Data/Images/Normal/0341.JPG
visa,pcb4,train,normal,,train/good/0441.JPG,,data/datasets/visa/pcb4/Data/Images/Normal/0441.JPG
visa,pcb4,train,normal,,train/good/0823.JPG,,data/datasets/visa/pcb4/Data/Images/Normal/0823.JPG
visa,pcb4,train,normal,,train/good/0767.JPG,,data/datasets/visa/pcb4/Data/Images/Normal/0767.JPG
visa,pcb4,train,normal,,train/good/0080.JPG,,data/datasets/visa/pcb4/Data/Images/Normal/0080.JPG
visa,pcb4,train,normal,,train/good/0790.JPG,,data/datasets/visa/pcb4/Data/Images/Normal/0790.JPG
visa,pcb4,train,normal,,train/good/0957.JPG,,data/datasets/visa/pcb4/Data/Images/Normal/0957.JPG
visa,pcb4,train,normal,,train/good/0153.JPG,,data/datasets/visa/pcb4/Data/Images/Normal/0153.JPG
visa,pcb4,train,normal,,train/good/0548.JPG,,data/datasets/visa/pcb4/Data/Images/Normal/0548.JPG
visa,pcb4,train,normal,,train/good/0493.JPG,,data/datasets/visa/pcb4/Data/Images/Normal/0493.JPG
visa,pcb4,train,normal,,train/good/0946.JPG,,data/datasets/visa/pcb4/Data/Images/Normal/0946.JPG
visa,pcb4,train,normal,,train/good/0382.JPG,,data/datasets/visa/pcb4/Data/Images/Normal/0382.JPG
visa,pcb4,train,normal,,train/good/0430.JPG,,data/datasets/visa/pcb4/Data/Images/Normal/0430.JPG
visa,pcb4,train,normal,,train/good/0608.JPG,,data/datasets/visa/pcb4/Data/Images/Normal/0608.JPG
visa,pcb4,train,normal,,train/good/0464.JPG,,data/datasets/visa/pcb4/Data/Images/Normal/0464.JPG
visa,pcb4,train,normal,,train/good/0344.JPG,,data/datasets/visa/pcb4/Data/Images/Normal/0344.JPG
visa,pcb4,train,normal,,train/good/0841.JPG,,data/datasets/visa/pcb4/Data/Images/Normal/0841.JPG
visa,pcb4,train,normal,,train/good/0766.JPG,,data/datasets/visa/pcb4/Data/Images/Normal/0766.JPG
visa,pcb4,train,normal,,train/good/0462.JPG,,data/datasets/visa/pcb4/Data/Images/Normal/0462.JPG
visa,pcb4,train,normal,,train/good/0506.JPG,,data/datasets/visa/pcb4/Data/Images/Normal/0506.JPG
visa,pcb4,train,normal,,train/good/0161.JPG,,data/datasets/visa/pcb4/Data/Images/Normal/0161.JPG
visa,pcb4,train,normal,,train/good/0543.JPG,,data/datasets/visa/pcb4/Data/Images/Normal/0543.JPG
visa,pcb4,train,normal,,train/good/0016.JPG,,data/datasets/visa/pcb4/Data/Images/Normal/0016.JPG
visa,pcb4,train,normal,,train/good/0651.JPG,,data/datasets/visa/pcb4/Data/Images/Normal/0651.JPG
visa,pcb4,train,normal,,train/good/0565.JPG,,data/datasets/visa/pcb4/Data/Images/Normal/0565.JPG
visa,pcb4,train,normal,,train/good/0777.JPG,,data/datasets/visa/pcb4/Data/Images/Normal/0777.JPG
visa,pcb4,train,normal,,train/good/0949.JPG,,data/datasets/visa/pcb4/Data/Images/Normal/0949.JPG
visa,pcb4,train,normal,,train/good/0775.JPG,,data/datasets/visa/pcb4/Data/Images/Normal/0775.JPG
visa,pcb4,train,normal,,train/good/0457.JPG,,data/datasets/visa/pcb4/Data/Images/Normal/0457.JPG
visa,pcb4,train,normal,,train/good/0568.JPG,,data/datasets/visa/pcb4/Data/Images/Normal/0568.JPG
visa,pcb4,train,normal,,train/good/0815.JPG,,data/datasets/visa/pcb4/Data/Images/Normal/0815.JPG
visa,pcb4,train,normal,,train/good/0308.JPG,,data/datasets/visa/pcb4/Data/Images/Normal/0308.JPG
visa,pcb4,train,normal,,train/good/0851.JPG,,data/datasets/visa/pcb4/Data/Images/Normal/0851.JPG
visa,pcb4,train,normal,,train/good/0427.JPG,,data/datasets/visa/pcb4/Data/Images/Normal/0427.JPG
visa,pcb4,train,normal,,train/good/0263.JPG,,data/datasets/visa/pcb4/Data/Images/Normal/0263.JPG
visa,pcb4,train,normal,,train/good/0363.JPG,,data/datasets/visa/pcb4/Data/Images/Normal/0363.JPG
visa,pcb4,train,normal,,train/good/0054.JPG,,data/datasets/visa/pcb4/Data/Images/Normal/0054.JPG
visa,pcb4,train,normal,,train/good/0156.JPG,,data/datasets/visa/pcb4/Data/Images/Normal/0156.JPG
visa,pcb4,train,normal,,train/good/0951.JPG,,data/datasets/visa/pcb4/Data/Images/Normal/0951.JPG
visa,pcb4,train,normal,,train/good/0729.JPG,,data/datasets/visa/pcb4/Data/Images/Normal/0729.JPG
visa,pcb4,train,normal,,train/good/0420.JPG,,data/datasets/visa/pcb4/Data/Images/Normal/0420.JPG
visa,pcb4,train,normal,,train/good/0525.JPG,,data/datasets/visa/pcb4/Data/Images/Normal/0525.JPG
visa,pcb4,train,normal,,train/good/0687.JPG,,data/datasets/visa/pcb4/Data/Images/Normal/0687.JPG
visa,pcb4,train,normal,,train/good/0842.JPG,,data/datasets/visa/pcb4/Data/Images/Normal/0842.JPG
visa,pcb4,train,normal,,train/good/0397.JPG,,data/datasets/visa/pcb4/Data/Images/Normal/0397.JPG
visa,pcb4,train,normal,,train/good/0183.JPG,,data/datasets/visa/pcb4/Data/Images/Normal/0183.JPG
visa,pcb4,train,normal,,train/good/0898.JPG,,data/datasets/visa/pcb4/Data/Images/Normal/0898.JPG
visa,pcb4,train,normal,,train/good/0621.JPG,,data/datasets/visa/pcb4/Data/Images/Normal/0621.JPG
visa,pcb4,train,normal,,train/good/0980.JPG,,data/datasets/visa/pcb4/Data/Images/Normal/0980.JPG
visa,pcb4,train,normal,,train/good/0513.JPG,,data/datasets/visa/pcb4/Data/Images/Normal/0513.JPG
visa,pcb4,train,normal,,train/good/0534.JPG,,data/datasets/visa/pcb4/Data/Images/Normal/0534.JPG
visa,pcb4,train,normal,,train/good/0157.JPG,,data/datasets/visa/pcb4/Data/Images/Normal/0157.JPG
visa,pcb4,train,normal,,train/good/0776.JPG,,data/datasets/visa/pcb4/Data/Images/Normal/0776.JPG
visa,pcb4,train,normal,,train/good/0505.JPG,,data/datasets/visa/pcb4/Data/Images/Normal/0505.JPG
visa,pcb4,train,normal,,train/good/0367.JPG,,data/datasets/visa/pcb4/Data/Images/Normal/0367.JPG
visa,pcb4,train,normal,,train/good/0979.JPG,,data/datasets/visa/pcb4/Data/Images/Normal/0979.JPG
visa,pcb4,train,normal,,train/good/0575.JPG,,data/datasets/visa/pcb4/Data/Images/Normal/0575.JPG
visa,pcb4,train,normal,,train/good/0939.JPG,,data/datasets/visa/pcb4/Data/Images/Normal/0939.JPG
visa,pcb4,train,normal,,train/good/0076.JPG,,data/datasets/visa/pcb4/Data/Images/Normal/0076.JPG
visa,pcb4,train,normal,,train/good/0717.JPG,,data/datasets/visa/pcb4/Data/Images/Normal/0717.JPG
visa,pcb4,train,normal,,train/good/0649.JPG,,data/datasets/visa/pcb4/Data/Images/Normal/0649.JPG
visa,pcb4,train,normal,,train/good/0871.JPG,,data/datasets/visa/pcb4/Data/Images/Normal/0871.JPG
visa,pcb4,train,normal,,train/good/0677.JPG,,data/datasets/visa/pcb4/Data/Images/Normal/0677.JPG
visa,pcb4,train,normal,,train/good/0249.JPG,,data/datasets/visa/pcb4/Data/Images/Normal/0249.JPG
visa,pcb4,train,normal,,train/good/0020.JPG,,data/datasets/visa/pcb4/Data/Images/Normal/0020.JPG
visa,pcb4,train,normal,,train/good/0739.JPG,,data/datasets/visa/pcb4/Data/Images/Normal/0739.JPG
visa,pcb4,train,normal,,train/good/0250.JPG,,data/datasets/visa/pcb4/Data/Images/Normal/0250.JPG
visa,pcb4,train,normal,,train/good/0094.JPG,,data/datasets/visa/pcb4/Data/Images/Normal/0094.JPG
visa,pcb4,train,normal,,train/good/0103.JPG,,data/datasets/visa/pcb4/Data/Images/Normal/0103.JPG
visa,pcb4,train,normal,,train/good/0342.JPG,,data/datasets/visa/pcb4/Data/Images/Normal/0342.JPG
visa,pcb4,train,normal,,train/good/0251.JPG,,data/datasets/visa/pcb4/Data/Images/Normal/0251.JPG
visa,pcb4,train,normal,,train/good/0916.JPG,,data/datasets/visa/pcb4/Data/Images/Normal/0916.JPG
visa,pcb4,train,normal,,train/good/0948.JPG,,data/datasets/visa/pcb4/Data/Images/Normal/0948.JPG
visa,pcb4,train,normal,,train/good/0191.JPG,,data/datasets/visa/pcb4/Data/Images/Normal/0191.JPG
visa,pcb4,train,normal,,train/good/0778.JPG,,data/datasets/visa/pcb4/Data/Images/Normal/0778.JPG
visa,pcb4,train,normal,,train/good/0042.JPG,,data/datasets/visa/pcb4/Data/Images/Normal/0042.JPG
visa,pcb4,train,normal,,train/good/0556.JPG,,data/datasets/visa/pcb4/Data/Images/Normal/0556.JPG
visa,pcb4,train,normal,,train/good/0684.JPG,,data/datasets/visa/pcb4/Data/Images/Normal/0684.JPG
visa,pcb4,train,normal,,train/good/0863.JPG,,data/datasets/visa/pcb4/Data/Images/Normal/0863.JPG
visa,pcb4,train,normal,,train/good/0669.JPG,,data/datasets/visa/pcb4/Data/Images/Normal/0669.JPG
visa,pcb4,train,normal,,train/good/0092.JPG,,data/datasets/visa/pcb4/Data/Images/Normal/0092.JPG
visa,pcb4,train,normal,,train/good/0458.JPG,,data/datasets/visa/pcb4/Data/Images/Normal/0458.JPG
visa,pcb4,train,normal,,train/good/0091.JPG,,data/datasets/visa/pcb4/Data/Images/Normal/0091.JPG
visa,pcb4,train,normal,,train/good/0792.JPG,,data/datasets/visa/pcb4/Data/Images/Normal/0792.JPG
visa,pcb4,train,normal,,train/good/0616.JPG,,data/datasets/visa/pcb4/Data/Images/Normal/0616.JPG
visa,pcb4,train,normal,,train/good/0369.JPG,,data/datasets/visa/pcb4/Data/Images/Normal/0369.JPG
visa,pcb4,train,normal,,train/good/0252.JPG,,data/datasets/visa/pcb4/Data/Images/Normal/0252.JPG
visa,pcb4,train,normal,,train/good/0203.JPG,,data/datasets/visa/pcb4/Data/Images/Normal/0203.JPG
visa,pcb4,train,normal,,train/good/0314.JPG,,data/datasets/visa/pcb4/Data/Images/Normal/0314.JPG
visa,pcb4,train,normal,,train/good/0617.JPG,,data/datasets/visa/pcb4/Data/Images/Normal/0617.JPG
visa,pcb4,train,normal,,train/good/0962.JPG,,data/datasets/visa/pcb4/Data/Images/Normal/0962.JPG
visa,pcb4,train,normal,,train/good/0187.JPG,,data/datasets/visa/pcb4/Data/Images/Normal/0187.JPG
visa,pcb4,train,normal,,train/good/0265.JPG,,data/datasets/visa/pcb4/Data/Images/Normal/0265.JPG
visa,pcb4,train,normal,,train/good/0364.JPG,,data/datasets/visa/pcb4/Data/Images/Normal/0364.JPG
visa,pcb4,train,normal,,train/good/0876.JPG,,data/datasets/visa/pcb4/Data/Images/Normal/0876.JPG
visa,pcb4,train,normal,,train/good/0586.JPG,,data/datasets/visa/pcb4/Data/Images/Normal/0586.JPG
visa,pcb4,train,normal,,train/good/0220.JPG,,data/datasets/visa/pcb4/Data/Images/Normal/0220.JPG
visa,pcb4,train,normal,,train/good/0256.JPG,,data/datasets/visa/pcb4/Data/Images/Normal/0256.JPG
visa,pcb4,train,normal,,train/good/0114.JPG,,data/datasets/visa/pcb4/Data/Images/Normal/0114.JPG
visa,pcb4,train,normal,,train/good/0466.JPG,,data/datasets/visa/pcb4/Data/Images/Normal/0466.JPG
visa,pcb4,train,normal,,train/good/0324.JPG,,data/datasets/visa/pcb4/Data/Images/Normal/0324.JPG
visa,pcb4,train,normal,,train/good/0065.JPG,,data/datasets/visa/pcb4/Data/Images/Normal/0065.JPG
visa,pcb4,train,normal,,train/good/0999.JPG,,data/datasets/visa/pcb4/Data/Images/Normal/0999.JPG
visa,pcb4,train,normal,,train/good/0408.JPG,,data/datasets/visa/pcb4/Data/Images/Normal/0408.JPG
visa,pcb4,train,normal,,train/good/0320.JPG,,data/datasets/visa/pcb4/Data/Images/Normal/0320.JPG
visa,pcb4,train,normal,,train/good/0400.JPG,,data/datasets/visa/pcb4/Data/Images/Normal/0400.JPG
visa,pcb4,train,normal,,train/good/0994.JPG,,data/datasets/visa/pcb4/Data/Images/Normal/0994.JPG
visa,pcb4,train,normal,,train/good/0327.JPG,,data/datasets/visa/pcb4/Data/Images/Normal/0327.JPG
visa,pcb4,train,normal,,train/good/0800.JPG,,data/datasets/visa/pcb4/Data/Images/Normal/0800.JPG
visa,pcb4,train,normal,,train/good/0010.JPG,,data/datasets/visa/pcb4/Data/Images/Normal/0010.JPG
visa,pcb4,train,normal,,train/good/0027.JPG,,data/datasets/visa/pcb4/Data/Images/Normal/0027.JPG
visa,pcb4,train,normal,,train/good/0599.JPG,,data/datasets/visa/pcb4/Data/Images/Normal/0599.JPG
visa,pcb4,train,normal,,train/good/0970.JPG,,data/datasets/visa/pcb4/Data/Images/Normal/0970.JPG
visa,pcb4,train,normal,,train/good/0212.JPG,,data/datasets/visa/pcb4/Data/Images/Normal/0212.JPG
visa,pcb4,train,normal,,train/good/0934.JPG,,data/datasets/visa/pcb4/Data/Images/Normal/0934.JPG
visa,pcb4,train,normal,,train/good/0322.JPG,,data/datasets/visa/pcb4/Data/Images/Normal/0322.JPG
visa,pcb4,train,normal,,train/good/0488.JPG,,data/datasets/visa/pcb4/Data/Images/Normal/0488.JPG
visa,pcb4,train,normal,,train/good/0759.JPG,,data/datasets/visa/pcb4/Data/Images/Normal/0759.JPG
visa,pcb4,train,normal,,train/good/0619.JPG,,data/datasets/visa/pcb4/Data/Images/Normal/0619.JPG
visa,pcb4,train,normal,,train/good/0774.JPG,,data/datasets/visa/pcb4/Data/Images/Normal/0774.JPG
visa,pcb4,train,normal,,train/good/0555.JPG,,data/datasets/visa/pcb4/Data/Images/Normal/0555.JPG
visa,pcb4,train,normal,,train/good/0981.JPG,,data/datasets/visa/pcb4/Data/Images/Normal/0981.JPG
visa,pcb4,train,normal,,train/good/0445.JPG,,data/datasets/visa/pcb4/Data/Images/Normal/0445.JPG
visa,pcb4,train,normal,,train/good/0105.JPG,,data/datasets/visa/pcb4/Data/Images/Normal/0105.JPG
visa,pcb4,train,normal,,train/good/0713.JPG,,data/datasets/visa/pcb4/Data/Images/Normal/0713.JPG
visa,pcb4,train,normal,,train/good/0247.JPG,,data/datasets/visa/pcb4/Data/Images/Normal/0247.JPG
visa,pcb4,train,normal,,train/good/0783.JPG,,data/datasets/visa/pcb4/Data/Images/Normal/0783.JPG
visa,pcb4,train,normal,,train/good/0735.JPG,,data/datasets/visa/pcb4/Data/Images/Normal/0735.JPG
visa,pcb4,train,normal,,train/good/0118.JPG,,data/datasets/visa/pcb4/Data/Images/Normal/0118.JPG
visa,pcb4,train,normal,,train/good/0165.JPG,,data/datasets/visa/pcb4/Data/Images/Normal/0165.JPG
visa,pcb4,train,normal,,train/good/0763.JPG,,data/datasets/visa/pcb4/Data/Images/Normal/0763.JPG
visa,pcb4,train,normal,,train/good/0245.JPG,,data/datasets/visa/pcb4/Data/Images/Normal/0245.JPG
visa,pcb4,train,normal,,train/good/0762.JPG,,data/datasets/visa/pcb4/Data/Images/Normal/0762.JPG
visa,pcb4,train,normal,,train/good/0631.JPG,,data/datasets/visa/pcb4/Data/Images/Normal/0631.JPG
visa,pcb4,train,normal,,train/good/0610.JPG,,data/datasets/visa/pcb4/Data/Images/Normal/0610.JPG
visa,pcb4,train,normal,,train/good/0825.JPG,,data/datasets/visa/pcb4/Data/Images/Normal/0825.JPG
visa,pcb4,train,normal,,train/good/0804.JPG,,data/datasets/visa/pcb4/Data/Images/Normal/0804.JPG
visa,pcb4,train,anomaly,,train/anomaly/053.JPG,train/masks/053.png,data/datasets/visa/pcb4/Data/Images/Anomaly/053.JPG
visa,pcb4,train,anomaly,,train/anomaly/037.JPG,train/masks/037.png,data/datasets/visa/pcb4/Data/Images/Anomaly/037.JPG
visa,pcb4,train,anomaly,,train/anomaly/065.JPG,train/masks/065.png,data/datasets/visa/pcb4/Data/Images/Anomaly/065.JPG
visa,pcb4,train,anomaly,,train/anomaly/051.JPG,train/masks/051.png,data/datasets/visa/pcb4/Data/Images/Anomaly/051.JPG
visa,pcb4,train,anomaly,,train/anomaly/004.JPG,train/masks/004.png,data/datasets/visa/pcb4/Data/Images/Anomaly/004.JPG
visa,pcb4,train,anomaly,,train/anomaly/020.JPG,train/masks/020.png,data/datasets/visa/pcb4/Data/Images/Anomaly/020.JPG
visa,pcb4,train,anomaly,,train/anomaly/038.JPG,train/masks/038.png,data/datasets/visa/pcb4/Data/Images/Anomaly/038.JPG
visa,pcb4,train,anomaly,,train/anomaly/009.JPG,train/masks/009.png,data/datasets/visa/pcb4/Data/Images/Anomaly/009.JPG
visa,pcb4,train,anomaly,,train/anomaly/010.JPG,train/masks/010.png,data/datasets/visa/pcb4/Data/Images/Anomaly/010.JPG
visa,pcb4,train,anomaly,,train/anomaly/081.JPG,train/masks/081.png,data/datasets/visa/pcb4/Data/Images/Anomaly/081.JPG
visa,pcb4,train,anomaly,,train/anomaly/044.JPG,train/masks/044.png,data/datasets/visa/pcb4/Data/Images/Anomaly/044.JPG
visa,pcb4,train,anomaly,,train/anomaly/036.JPG,train/masks/036.png,data/datasets/visa/pcb4/Data/Images/Anomaly/036.JPG
visa,pcb4,train,anomaly,,train/anomaly/084.JPG,train/masks/084.png,data/datasets/visa/pcb4/Data/Images/Anomaly/084.JPG
visa,pcb4,train,anomaly,,train/anomaly/050.JPG,train/masks/050.png,data/datasets/visa/pcb4/Data/Images/Anomaly/050.JPG
visa,pcb4,train,anomaly,,train/anomaly/096.JPG,train/masks/096.png,data/datasets/visa/pcb4/Data/Images/Anomaly/096.JPG
visa,pcb4,train,anomaly,,train/anomaly/090.JPG,train/masks/090.png,data/datasets/visa/pcb4/Data/Images/Anomaly/090.JPG
visa,pcb4,train,anomaly,,train/anomaly/066.JPG,train/masks/066.png,data/datasets/visa/pcb4/Data/Images/Anomaly/066.JPG
visa,pcb4,train,anomaly,,train/anomaly/016.JPG,train/masks/016.png,data/datasets/visa/pcb4/Data/Images/Anomaly/016.JPG
visa,pcb4,train,anomaly,,train/anomaly/080.JPG,train/masks/080.png,data/datasets/visa/pcb4/Data/Images/Anomaly/080.JPG
visa,pcb4,train,anomaly,,train/anomaly/033.JPG,train/masks/033.png,data/datasets/visa/pcb4/Data/Images/Anomaly/033.JPG
visa,pcb4,train,anomaly,,train/anomaly/024.JPG,train/masks/024.png,data/datasets/visa/pcb4/Data/Images/Anomaly/024.JPG
visa,pcb4,train,anomaly,,train/anomaly/052.JPG,train/masks/052.png,data/datasets/visa/pcb4/Data/Images/Anomaly/052.JPG
visa,pcb4,train,anomaly,,train/anomaly/091.JPG,train/masks/091.png,data/datasets/visa/pcb4/Data/Images/Anomaly/091.JPG
visa,pcb4,train,anomaly,,train/anomaly/099.JPG,train/masks/099.png,data/datasets/visa/pcb4/Data/Images/Anomaly/099.JPG
visa,pcb4,train,anomaly,,train/anomaly/064.JPG,train/masks/064.png,data/datasets/visa/pcb4/Data/Images/Anomaly/064.JPG
visa,pcb4,train,anomaly,,train/anomaly/005.JPG,train/masks/005.png,data/datasets/visa/pcb4/Data/Images/Anomaly/005.JPG
visa,pcb4,train,anomaly,,train/anomaly/058.JPG,train/masks/058.png,data/datasets/visa/pcb4/Data/Images/Anomaly/058.JPG
visa,pcb4,train,anomaly,,train/anomaly/076.JPG,train/masks/076.png,data/datasets/visa/pcb4/Data/Images/Anomaly/076.JPG
visa,pcb4,train,anomaly,,train/anomaly/039.JPG,train/masks/039.png,data/datasets/visa/pcb4/Data/Images/Anomaly/039.JPG
visa,pcb4,train,anomaly,,train/anomaly/079.JPG,train/masks/079.png,data/datasets/visa/pcb4/Data/Images/Anomaly/079.JPG
visa,pcb4,train,anomaly,,train/anomaly/023.JPG,train/masks/023.png,data/datasets/visa/pcb4/Data/Images/Anomaly/023.JPG
visa,pcb4,train,anomaly,,train/anomaly/094.JPG,train/masks/094.png,data/datasets/visa/pcb4/Data/Images/Anomaly/094.JPG
visa,pcb4,train,anomaly,,train/anomaly/030.JPG,train/masks/030.png,data/datasets/visa/pcb4/Data/Images/Anomaly/030.JPG
visa,pcb4,train,anomaly,,train/anomaly/073.JPG,train/masks/073.png,data/datasets/visa/pcb4/Data/Images/Anomaly/073.JPG
visa,pcb4,train,anomaly,,train/anomaly/025.JPG,train/masks/025.png,data/datasets/visa/pcb4/Data/Images/Anomaly/025.JPG
visa,pcb4,train,anomaly,,train/anomaly/047.JPG,train/masks/047.png,data/datasets/visa/pcb4/Data/Images/Anomaly/047.JPG
visa,pcb4,train,anomaly,,train/anomaly/031.JPG,train/masks/031.png,data/datasets/visa/pcb4/Data/Images/Anomaly/031.JPG
visa,pcb4,train,anomaly,,train/anomaly/045.JPG,train/masks/045.png,data/datasets/visa/pcb4/Data/Images/Anomaly/045.JPG
visa,pcb4,train,anomaly,,train/anomaly/019.JPG,train/masks/019.png,data/datasets/visa/pcb4/Data/Images/Anomaly/019.JPG
visa,pcb4,train,anomaly,,train/anomaly/087.JPG,train/masks/087.png,data/datasets/visa/pcb4/Data/Images/Anomaly/087.JPG
visa,pcb4,train,anomaly,,train/anomaly/042.JPG,train/masks/042.png,data/datasets/visa/pcb4/Data/Images/Anomaly/042.JPG
visa,pcb4,train,anomaly,,train/anomaly/068.JPG,train/masks/068.png,data/datasets/visa/pcb4/Data/Images/Anomaly/068.JPG
visa,pcb4,train,anomaly,,train/anomaly/095.JPG,train/masks/095.png,data/datasets/visa/pcb4/Data/Images/Anomaly/095.JPG
visa,pcb4,train,anomaly,,train/anomaly/021.JPG,train/masks/021.png,data/datasets/visa/pcb4/Data/Images/Anomaly/021.JPG
visa,pcb4,train,anomaly,,train/anomaly/007.JPG,train/masks/007.png,data/datasets/visa/pcb4/Data/Images/Anomaly/007.JPG
visa,pcb4,train,anomaly,,train/anomaly/067.JPG,train/masks/067.png,data/datasets/visa/pcb4/Data/Images/Anomaly/067.JPG
visa,pcb4,train,anomaly,,train/anomaly/046.JPG,train/masks/046.png,data/datasets/visa/pcb4/Data/Images/Anomaly/046.JPG
visa,pcb4,train,anomaly,,train/anomaly/082.JPG,train/masks/082.png,data/datasets/visa/pcb4/Data/Images/Anomaly/082.JPG
visa,pcb4,train,anomaly,,train/anomaly/011.JPG,train/masks/011.png,data/datasets/visa/pcb4/Data/Images/Anomaly/011.JPG
visa,pcb4,train,anomaly,,train/anomaly/006.JPG,train/masks/006.png,data/datasets/visa/pcb4/Data/Images/Anomaly/006.JPG
visa,pcb4,train,anomaly,,train/anomaly/041.JPG,train/masks/041.png,data/datasets/visa/pcb4/Data/Images/Anomaly/041.JPG
visa,pcb4,train,anomaly,,train/anomaly/086.JPG,train/masks/086.png,data/datasets/visa/pcb4/Data/Images/Anomaly/086.JPG
visa,pcb4,train,anomaly,,train/anomaly/088.JPG,train/masks/088.png,data/datasets/visa/pcb4/Data/Images/Anomaly/088.JPG
visa,pcb4,train,anomaly,,train/anomaly/070.JPG,train/masks/070.png,data/datasets/visa/pcb4/Data/Images/Anomaly/070.JPG
visa,pcb4,train,anomaly,,train/anomaly/018.JPG,train/masks/018.png,data/datasets/visa/pcb4/Data/Images/Anomaly/018.JPG
visa,pcb4,train,anomaly,,train/anomaly/078.JPG,train/masks/078.png,data/datasets/visa/pcb4/Data/Images/Anomaly/078.JPG
visa,pcb4,train,anomaly,,train/anomaly/071.JPG,train/masks/071.png,data/datasets/visa/pcb4/Data/Images/Anomaly/071.JPG
visa,pcb4,train,anomaly,,train/anomaly/059.JPG,train/masks/059.png,data/datasets/visa/pcb4/Data/Images/Anomaly/059.JPG
visa,pcb4,train,anomaly,,train/anomaly/043.JPG,train/masks/043.png,data/datasets/visa/pcb4/Data/Images/Anomaly/043.JPG
visa,pcb4,train,anomaly,,train/anomaly/061.JPG,train/masks/061.png,data/datasets/visa/pcb4/Data/Images/Anomaly/061.JPG
visa,pcb4,test,normal,,test/good/0795.JPG,,data/datasets/visa/pcb4/Data/Images/Normal/0795.JPG
visa,pcb4,test,normal,,test/good/0862.JPG,,data/datasets/visa/pcb4/Data/Images/Normal/0862.JPG
visa,pcb4,test,normal,,test/good/0613.JPG,,data/datasets/visa/pcb4/Data/Images/Normal/0613.JPG
visa,pcb4,test,normal,,test/good/0046.JPG,,data/datasets/visa/pcb4/Data/Images/Normal/0046.JPG
visa,pcb4,test,normal,,test/good/0886.JPG,,data/datasets/visa/pcb4/Data/Images/Normal/0886.JPG
visa,pcb4,test,normal,,test/good/0283.JPG,,data/datasets/visa/pcb4/Data/Images/Normal/0283.JPG
visa,pcb4,test,normal,,test/good/0468.JPG,,data/datasets/visa/pcb4/Data/Images/Normal/0468.JPG
visa,pcb4,test,normal,,test/good/0624.JPG,,data/datasets/visa/pcb4/Data/Images/Normal/0624.JPG
visa,pcb4,test,normal,,test/good/0661.JPG,,data/datasets/visa/pcb4/Data/Images/Normal/0661.JPG
visa,pcb4,test,normal,,test/good/0577.JPG,,data/datasets/visa/pcb4/Data/Images/Normal/0577.JPG
visa,pcb4,test,normal,,test/good/0302.JPG,,data/datasets/visa/pcb4/Data/Images/Normal/0302.JPG
visa,pcb4,test,normal,,test/good/0830.JPG,,data/datasets/visa/pcb4/Data/Images/Normal/0830.JPG
visa,pcb4,test,normal,,test/good/0273.JPG,,data/datasets/visa/pcb4/Data/Images/Normal/0273.JPG
visa,pcb4,test,normal,,test/good/0083.JPG,,data/datasets/visa/pcb4/Data/Images/Normal/0083.JPG
visa,pcb4,test,normal,,test/good/0579.JPG,,data/datasets/visa/pcb4/Data/Images/Normal/0579.JPG
visa,pcb4,test,normal,,test/good/0229.JPG,,data/datasets/visa/pcb4/Data/Images/Normal/0229.JPG
visa,pcb4,test,normal,,test/good/0990.JPG,,data/datasets/visa/pcb4/Data/Images/Normal/0990.JPG
visa,pcb4,test,normal,,test/good/0584.JPG,,data/datasets/visa/pcb4/Data/Images/Normal/0584.JPG
visa,pcb4,test,normal,,test/good/0716.JPG,,data/datasets/visa/pcb4/Data/Images/Normal/0716.JPG
visa,pcb4,test,normal,,test/good/0697.JPG,,data/datasets/visa/pcb4/Data/Images/Normal/0697.JPG
visa,pcb4,test,normal,,test/good/0985.JPG,,data/datasets/visa/pcb4/Data/Images/Normal/0985.JPG
visa,pcb4,test,normal,,test/good/0117.JPG,,data/datasets/visa/pcb4/Data/Images/Normal/0117.JPG
visa,pcb4,test,normal,,test/good/0349.JPG,,data/datasets/visa/pcb4/Data/Images/Normal/0349.JPG
visa,pcb4,test,normal,,test/good/0744.JPG,,data/datasets/visa/pcb4/Data/Images/Normal/0744.JPG
visa,pcb4,test,normal,,test/good/0150.JPG,,data/datasets/visa/pcb4/Data/Images/Normal/0150.JPG
visa,pcb4,test,normal,,test/good/0389.JPG,,data/datasets/visa/pcb4/Data/Images/Normal/0389.JPG
visa,pcb4,test,normal,,test/good/0074.JPG,,data/datasets/visa/pcb4/Data/Images/Normal/0074.JPG
visa,pcb4,test,normal,,test/good/0416.JPG,,data/datasets/visa/pcb4/Data/Images/Normal/0416.JPG
visa,pcb4,test,normal,,test/good/0040.JPG,,data/datasets/visa/pcb4/Data/Images/Normal/0040.JPG
visa,pcb4,test,normal,,test/good/0727.JPG,,data/datasets/visa/pcb4/Data/Images/Normal/0727.JPG
visa,pcb4,test,normal,,test/good/0918.JPG,,data/datasets/visa/pcb4/Data/Images/Normal/0918.JPG
visa,pcb4,test,normal,,test/good/0803.JPG,,data/datasets/visa/pcb4/Data/Images/Normal/0803.JPG
visa,pcb4,test,normal,,test/good/0593.JPG,,data/datasets/visa/pcb4/Data/Images/Normal/0593.JPG
visa,pcb4,test,normal,,test/good/0670.JPG,,data/datasets/visa/pcb4/Data/Images/Normal/0670.JPG
visa,pcb4,test,normal,,test/good/0500.JPG,,data/datasets/visa/pcb4/Data/Images/Normal/0500.JPG
visa,pcb4,test,normal,,test/good/0618.JPG,,data/datasets/visa/pcb4/Data/Images/Normal/0618.JPG
visa,pcb4,test,normal,,test/good/0658.JPG,,data/datasets/visa/pcb4/Data/Images/Normal/0658.JPG
visa,pcb4,test,normal,,test/good/0298.JPG,,data/datasets/visa/pcb4/Data/Images/Normal/0298.JPG
visa,pcb4,test,normal,,test/good/0768.JPG,,data/datasets/visa/pcb4/Data/Images/Normal/0768.JPG
visa,pcb4,test,normal,,test/good/0348.JPG,,data/datasets/visa/pcb4/Data/Images/Normal/0348.JPG
visa,pcb4,test,normal,,test/good/0346.JPG,,data/datasets/visa/pcb4/Data/Images/Normal/0346.JPG
visa,pcb4,test,normal,,test/good/0376.JPG,,data/datasets/visa/pcb4/Data/Images/Normal/0376.JPG
visa,pcb4,test,normal,,test/good/0781.JPG,,data/datasets/visa/pcb4/Data/Images/Normal/0781.JPG
visa,pcb4,test,normal,,test/good/0955.JPG,,data/datasets/visa/pcb4/Data/Images/Normal/0955.JPG
visa,pcb4,test,normal,,test/good/0812.JPG,,data/datasets/visa/pcb4/Data/Images/Normal/0812.JPG
visa,pcb4,test,normal,,test/good/0926.JPG,,data/datasets/visa/pcb4/Data/Images/Normal/0926.JPG
visa,pcb4,test,normal,,test/good/0274.JPG,,data/datasets/visa/pcb4/Data/Images/Normal/0274.JPG
visa,pcb4,test,normal,,test/good/0992.JPG,,data/datasets/visa/pcb4/Data/Images/Normal/0992.JPG
visa,pcb4,test,normal,,test/good/0819.JPG,,data/datasets/visa/pcb4/Data/Images/Normal/0819.JPG
visa,pcb4,test,normal,,test/good/0170.JPG,,data/datasets/visa/pcb4/Data/Images/Normal/0170.JPG
visa,pcb4,test,normal,,test/good/0173.JPG,,data/datasets/visa/pcb4/Data/Images/Normal/0173.JPG
visa,pcb4,test,normal,,test/good/0136.JPG,,data/datasets/visa/pcb4/Data/Images/Normal/0136.JPG
visa,pcb4,test,normal,,test/good/0086.JPG,,data/datasets/visa/pcb4/Data/Images/Normal/0086.JPG
visa,pcb4,test,normal,,test/good/0041.JPG,,data/datasets/visa/pcb4/Data/Images/Normal/0041.JPG
visa,pcb4,test,normal,,test/good/0066.JPG,,data/datasets/visa/pcb4/Data/Images/Normal/0066.JPG
visa,pcb4,test,normal,,test/good/0240.JPG,,data/datasets/visa/pcb4/Data/Images/Normal/0240.JPG
visa,pcb4,test,normal,,test/good/0545.JPG,,data/datasets/visa/pcb4/Data/Images/Normal/0545.JPG
visa,pcb4,test,normal,,test/good/0824.JPG,,data/datasets/visa/pcb4/Data/Images/Normal/0824.JPG
visa,pcb4,test,normal,,test/good/0547.JPG,,data/datasets/visa/pcb4/Data/Images/Normal/0547.JPG
visa,pcb4,test,normal,,test/good/0786.JPG,,data/datasets/visa/pcb4/Data/Images/Normal/0786.JPG
visa,pcb4,test,normal,,test/good/0560.JPG,,data/datasets/visa/pcb4/Data/Images/Normal/0560.JPG
visa,pcb4,test,normal,,test/good/0991.JPG,,data/datasets/visa/pcb4/Data/Images/Normal/0991.JPG
visa,pcb4,test,normal,,test/good/0098.JPG,,data/datasets/visa/pcb4/Data/Images/Normal/0098.JPG
visa,pcb4,test,normal,,test/good/0975.JPG,,data/datasets/visa/pcb4/Data/Images/Normal/0975.JPG
visa,pcb4,test,normal,,test/good/0218.JPG,,data/datasets/visa/pcb4/Data/Images/Normal/0218.JPG
visa,pcb4,test,normal,,test/good/0439.JPG,,data/datasets/visa/pcb4/Data/Images/Normal/0439.JPG
visa,pcb4,test,normal,,test/good/0347.JPG,,data/datasets/visa/pcb4/Data/Images/Normal/0347.JPG
visa,pcb4,test,normal,,test/good/0138.JPG,,data/datasets/visa/pcb4/Data/Images/Normal/0138.JPG
visa,pcb4,test,normal,,test/good/0576.JPG,,data/datasets/visa/pcb4/Data/Images/Normal/0576.JPG
visa,pcb4,test,normal,,test/good/0335.JPG,,data/datasets/visa/pcb4/Data/Images/Normal/0335.JPG
visa,pcb4,test,normal,,test/good/0696.JPG,,data/datasets/visa/pcb4/Data/Images/Normal/0696.JPG
visa,pcb4,test,normal,,test/good/0160.JPG,,data/datasets/visa/pcb4/Data/Images/Normal/0160.JPG
visa,pcb4,test,normal,,test/good/0751.JPG,,data/datasets/visa/pcb4/Data/Images/Normal/0751.JPG
visa,pcb4,test,normal,,test/good/0288.JPG,,data/datasets/visa/pcb4/Data/Images/Normal/0288.JPG
visa,pcb4,test,normal,,test/good/0411.JPG,,data/datasets/visa/pcb4/Data/Images/Normal/0411.JPG
visa,pcb4,test,normal,,test/good/0626.JPG,,data/datasets/visa/pcb4/Data/Images/Normal/0626.JPG
visa,pcb4,test,normal,,test/good/0333.JPG,,data/datasets/visa/pcb4/Data/Images/Normal/0333.JPG
visa,pcb4,test,normal,,test/good/0885.JPG,,data/datasets/visa/pcb4/Data/Images/Normal/0885.JPG
visa,pcb4,test,normal,,test/good/0912.JPG,,data/datasets/visa/pcb4/Data/Images/Normal/0912.JPG
visa,pcb4,test,normal,,test/good/0826.JPG,,data/datasets/visa/pcb4/Data/Images/Normal/0826.JPG
visa,pcb4,test,normal,,test/good/0929.JPG,,data/datasets/visa/pcb4/Data/Images/Normal/0929.JPG
visa,pcb4,test,normal,,test/good/0983.JPG,,data/datasets/visa/pcb4/Data/Images/Normal/0983.JPG
visa,pcb4,test,normal,,test/good/0681.JPG,,data/datasets/visa/pcb4/Data/Images/Normal/0681.JPG
visa,pcb4,test,normal,,test/good/0106.JPG,,data/datasets/visa/pcb4/Data/Images/Normal/0106.JPG
visa,pcb4,test,normal,,test/good/0504.JPG,,data/datasets/visa/pcb4/Data/Images/Normal/0504.JPG
visa,pcb4,test,normal,,test/good/0198.JPG,,data/datasets/visa/pcb4/Data/Images/Normal/0198.JPG
visa,pcb4,test,normal,,test/good/0971.JPG,,data/datasets/visa/pcb4/Data/Images/Normal/0971.JPG
visa,pcb4,test,normal,,test/good/0982.JPG,,data/datasets/visa/pcb4/Data/Images/Normal/0982.JPG
visa,pcb4,test,normal,,test/good/0893.JPG,,data/datasets/visa/pcb4/Data/Images/Normal/0893.JPG
visa,pcb4,test,normal,,test/good/0587.JPG,,data/datasets/visa/pcb4/Data/Images/Normal/0587.JPG
visa,pcb4,test,normal,,test/good/0834.JPG,,data/datasets/visa/pcb4/Data/Images/Normal/0834.JPG
visa,pcb4,test,normal,,test/good/0101.JPG,,data/datasets/visa/pcb4/Data/Images/Normal/0101.JPG
visa,pcb4,test,normal,,test/good/0355.JPG,,data/datasets/visa/pcb4/Data/Images/Normal/0355.JPG
visa,pcb4,test,normal,,test/good/0205.JPG,,data/datasets/visa/pcb4/Data/Images/Normal/0205.JPG
visa,pcb4,test,normal,,test/good/0387.JPG,,data/datasets/visa/pcb4/Data/Images/Normal/0387.JPG
visa,pcb4,test,normal,,test/good/0706.JPG,,data/datasets/visa/pcb4/Data/Images/Normal/0706.JPG
visa,pcb4,test,normal,,test/good/0521.JPG,,data/datasets/visa/pcb4/Data/Images/Normal/0521.JPG
visa,pcb4,test,normal,,test/good/0637.JPG,,data/datasets/visa/pcb4/Data/Images/Normal/0637.JPG
visa,pcb4,test,normal,,test/good/0175.JPG,,data/datasets/visa/pcb4/Data/Images/Normal/0175.JPG
visa,pcb4,test,normal,,test/good/0471.JPG,,data/datasets/visa/pcb4/Data/Images/Normal/0471.JPG
visa,pcb4,test,normal,,test/good/0829.JPG,,data/datasets/visa/pcb4/Data/Images/Normal/0829.JPG
visa,pcb4,test,normal,,test/good/0222.JPG,,data/datasets/visa/pcb4/Data/Images/Normal/0222.JPG
visa,pcb4,test,normal,,test/good/0604.JPG,,data/datasets/visa/pcb4/Data/Images/Normal/0604.JPG
visa,pcb4,test,normal,,test/good/0038.JPG,,data/datasets/visa/pcb4/Data/Images/Normal/0038.JPG
visa,pcb4,test,normal,,test/good/0835.JPG,,data/datasets/visa/pcb4/Data/Images/Normal/0835.JPG
visa,pcb4,test,normal,,test/good/0008.JPG,,data/datasets/visa/pcb4/Data/Images/Normal/0008.JPG
visa,pcb4,test,normal,,test/good/0133.JPG,,data/datasets/visa/pcb4/Data/Images/Normal/0133.JPG
visa,pcb4,test,normal,,test/good/0258.JPG,,data/datasets/visa/pcb4/Data/Images/Normal/0258.JPG
visa,pcb4,test,normal,,test/good/0578.JPG,,data/datasets/visa/pcb4/Data/Images/Normal/0578.JPG
visa,pcb4,test,normal,,test/good/0938.JPG,,data/datasets/visa/pcb4/Data/Images/Normal/0938.JPG
visa,pcb4,test,normal,,test/good/0162.JPG,,data/datasets/visa/pcb4/Data/Images/Normal/0162.JPG
visa,pcb4,test,normal,,test/good/0722.JPG,,data/datasets/visa/pcb4/Data/Images/Normal/0722.JPG
visa,pcb4,test,normal,,test/good/0317.JPG,,data/datasets/visa/pcb4/Data/Images/Normal/0317.JPG
visa,pcb4,test,normal,,test/good/0078.JPG,,data/datasets/visa/pcb4/Data/Images/Normal/0078.JPG
visa,pcb4,test,normal,,test/good/0799.JPG,,data/datasets/visa/pcb4/Data/Images/Normal/0799.JPG
visa,pcb4,test,normal,,test/good/0313.JPG,,data/datasets/visa/pcb4/Data/Images/Normal/0313.JPG
visa,pcb4,test,normal,,test/good/0048.JPG,,data/datasets/visa/pcb4/Data/Images/Normal/0048.JPG
visa,pcb4,test,normal,,test/good/0217.JPG,,data/datasets/visa/pcb4/Data/Images/Normal/0217.JPG
visa,pcb4,test,normal,,test/good/0128.JPG,,data/datasets/visa/pcb4/Data/Images/Normal/0128.JPG
visa,pcb4,test,normal,,test/good/0305.JPG,,data/datasets/visa/pcb4/Data/Images/Normal/0305.JPG
visa,pcb4,test,normal,,test/good/0060.JPG,,data/datasets/visa/pcb4/Data/Images/Normal/0060.JPG
visa,pcb4,test,normal,,test/good/0931.JPG,,data/datasets/visa/pcb4/Data/Images/Normal/0931.JPG
visa,pcb4,test,normal,,test/good/0646.JPG,,data/datasets/visa/pcb4/Data/Images/Normal/0646.JPG
visa,pcb4,test,normal,,test/good/0919.JPG,,data/datasets/visa/pcb4/Data/Images/Normal/0919.JPG
visa,pcb4,test,normal,,test/good/0328.JPG,,data/datasets/visa/pcb4/Data/Images/Normal/0328.JPG
visa,pcb4,test,normal,,test/good/0589.JPG,,data/datasets/visa/pcb4/Data/Images/Normal/0589.JPG
visa,pcb4,test,normal,,test/good/0691.JPG,,data/datasets/visa/pcb4/Data/Images/Normal/0691.JPG
visa,pcb4,test,normal,,test/good/0404.JPG,,data/datasets/visa/pcb4/Data/Images/Normal/0404.JPG
visa,pcb4,test,normal,,test/good/0966.JPG,,data/datasets/visa/pcb4/Data/Images/Normal/0966.JPG
visa,pcb4,test,normal,,test/good/0664.JPG,,data/datasets/visa/pcb4/Data/Images/Normal/0664.JPG
visa,pcb4,test,normal,,test/good/0536.JPG,,data/datasets/visa/pcb4/Data/Images/Normal/0536.JPG
visa,pcb4,test,normal,,test/good/0228.JPG,,data/datasets/visa/pcb4/Data/Images/Normal/0228.JPG
visa,pcb4,test,normal,,test/good/0461.JPG,,data/datasets/visa/pcb4/Data/Images/Normal/0461.JPG
visa,pcb4,test,normal,,test/good/0528.JPG,,data/datasets/visa/pcb4/Data/Images/Normal/0528.JPG
visa,pcb4,test,normal,,test/good/0711.JPG,,data/datasets/visa/pcb4/Data/Images/Normal/0711.JPG
visa,pcb4,test,normal,,test/good/0645.JPG,,data/datasets/visa/pcb4/Data/Images/Normal/0645.JPG
visa,pcb4,test,normal,,test/good/0225.JPG,,data/datasets/visa/pcb4/Data/Images/Normal/0225.JPG
visa,pcb4,test,normal,,test/good/0557.JPG,,data/datasets/visa/pcb4/Data/Images/Normal/0557.JPG
visa,pcb4,test,normal,,test/good/0833.JPG,,data/datasets/visa/pcb4/Data/Images/Normal/0833.JPG
visa,pcb4,test,normal,,test/good/0694.JPG,,data/datasets/visa/pcb4/Data/Images/Normal/0694.JPG
visa,pcb4,test,normal,,test/good/0518.JPG,,data/datasets/visa/pcb4/Data/Images/Normal/0518.JPG
visa,pcb4,test,normal,,test/good/0721.JPG,,data/datasets/visa/pcb4/Data/Images/Normal/0721.JPG
visa,pcb4,test,normal,,test/good/0976.JPG,,data/datasets/visa/pcb4/Data/Images/Normal/0976.JPG
visa,pcb4,test,normal,,test/good/0164.JPG,,data/datasets/visa/pcb4/Data/Images/Normal/0164.JPG
visa,pcb4,test,normal,,test/good/0736.JPG,,data/datasets/visa/pcb4/Data/Images/Normal/0736.JPG
visa,pcb4,test,normal,,test/good/0036.JPG,,data/datasets/visa/pcb4/Data/Images/Normal/0036.JPG
visa,pcb4,test,normal,,test/good/0149.JPG,,data/datasets/visa/pcb4/Data/Images/Normal/0149.JPG
visa,pcb4,test,normal,,test/good/0406.JPG,,data/datasets/visa/pcb4/Data/Images/Normal/0406.JPG
visa,pcb4,test,normal,,test/good/0018.JPG,,data/datasets/visa/pcb4/Data/Images/Normal/0018.JPG
visa,pcb4,test,normal,,test/good/0230.JPG,,data/datasets/visa/pcb4/Data/Images/Normal/0230.JPG
visa,pcb4,test,normal,,test/good/0021.JPG,,data/datasets/visa/pcb4/Data/Images/Normal/0021.JPG
visa,pcb4,test,normal,,test/good/0442.JPG,,data/datasets/visa/pcb4/Data/Images/Normal/0442.JPG
visa,pcb4,test,normal,,test/good/0620.JPG,,data/datasets/visa/pcb4/Data/Images/Normal/0620.JPG
visa,pcb4,test,normal,,test/good/0989.JPG,,data/datasets/visa/pcb4/Data/Images/Normal/0989.JPG
visa,pcb4,test,normal,,test/good/0522.JPG,,data/datasets/visa/pcb4/Data/Images/Normal/0522.JPG
visa,pcb4,test,normal,,test/good/0747.JPG,,data/datasets/visa/pcb4/Data/Images/Normal/0747.JPG
visa,pcb4,test,normal,,test/good/0259.JPG,,data/datasets/visa/pcb4/Data/Images/Normal/0259.JPG
visa,pcb4,test,normal,,test/good/0111.JPG,,data/datasets/visa/pcb4/Data/Images/Normal/0111.JPG
visa,pcb4,test,normal,,test/good/0264.JPG,,data/datasets/visa/pcb4/Data/Images/Normal/0264.JPG
visa,pcb4,test,normal,,test/good/0192.JPG,,data/datasets/visa/pcb4/Data/Images/Normal/0192.JPG
visa,pcb4,test,normal,,test/good/0431.JPG,,data/datasets/visa/pcb4/Data/Images/Normal/0431.JPG
visa,pcb4,test,normal,,test/good/0351.JPG,,data/datasets/visa/pcb4/Data/Images/Normal/0351.JPG
visa,pcb4,test,normal,,test/good/0395.JPG,,data/datasets/visa/pcb4/Data/Images/Normal/0395.JPG
visa,pcb4,test,normal,,test/good/0319.JPG,,data/datasets/visa/pcb4/Data/Images/Normal/0319.JPG
visa,pcb4,test,normal,,test/good/0024.JPG,,data/datasets/visa/pcb4/Data/Images/Normal/0024.JPG
visa,pcb4,test,normal,,test/good/0116.JPG,,data/datasets/visa/pcb4/Data/Images/Normal/0116.JPG
visa,pcb4,test,normal,,test/good/0485.JPG,,data/datasets/visa/pcb4/Data/Images/Normal/0485.JPG
visa,pcb4,test,normal,,test/good/0508.JPG,,data/datasets/visa/pcb4/Data/Images/Normal/0508.JPG
visa,pcb4,test,normal,,test/good/0329.JPG,,data/datasets/visa/pcb4/Data/Images/Normal/0329.JPG
visa,pcb4,test,normal,,test/good/0895.JPG,,data/datasets/visa/pcb4/Data/Images/Normal/0895.JPG
visa,pcb4,test,normal,,test/good/0465.JPG,,data/datasets/visa/pcb4/Data/Images/Normal/0465.JPG
visa,pcb4,test,normal,,test/good/0301.JPG,,data/datasets/visa/pcb4/Data/Images/Normal/0301.JPG
visa,pcb4,test,normal,,test/good/0968.JPG,,data/datasets/visa/pcb4/Data/Images/Normal/0968.JPG
visa,pcb4,test,normal,,test/good/0663.JPG,,data/datasets/visa/pcb4/Data/Images/Normal/0663.JPG
visa,pcb4,test,normal,,test/good/0279.JPG,,data/datasets/visa/pcb4/Data/Images/Normal/0279.JPG
visa,pcb4,test,normal,,test/good/0672.JPG,,data/datasets/visa/pcb4/Data/Images/Normal/0672.JPG
visa,pcb4,test,normal,,test/good/0865.JPG,,data/datasets/visa/pcb4/Data/Images/Normal/0865.JPG
visa,pcb4,test,normal,,test/good/0953.JPG,,data/datasets/visa/pcb4/Data/Images/Normal/0953.JPG
visa,pcb4,test,normal,,test/good/0843.JPG,,data/datasets/visa/pcb4/Data/Images/Normal/0843.JPG
visa,pcb4,test,normal,,test/good/0163.JPG,,data/datasets/visa/pcb4/Data/Images/Normal/0163.JPG
visa,pcb4,test,normal,,test/good/0171.JPG,,data/datasets/visa/pcb4/Data/Images/Normal/0171.JPG
visa,pcb4,test,normal,,test/good/0071.JPG,,data/datasets/visa/pcb4/Data/Images/Normal/0071.JPG
visa,pcb4,test,normal,,test/good/0297.JPG,,data/datasets/visa/pcb4/Data/Images/Normal/0297.JPG
visa,pcb4,test,normal,,test/good/0854.JPG,,data/datasets/visa/pcb4/Data/Images/Normal/0854.JPG
visa,pcb4,test,normal,,test/good/0189.JPG,,data/datasets/visa/pcb4/Data/Images/Normal/0189.JPG
visa,pcb4,test,normal,,test/good/0639.JPG,,data/datasets/visa/pcb4/Data/Images/Normal/0639.JPG
visa,pcb4,test,normal,,test/good/0112.JPG,,data/datasets/visa/pcb4/Data/Images/Normal/0112.JPG
visa,pcb4,test,normal,,test/good/0850.JPG,,data/datasets/visa/pcb4/Data/Images/Normal/0850.JPG
visa,pcb4,test,normal,,test/good/0255.JPG,,data/datasets/visa/pcb4/Data/Images/Normal/0255.JPG
visa,pcb4,test,normal,,test/good/0287.JPG,,data/datasets/visa/pcb4/Data/Images/Normal/0287.JPG
visa,pcb4,test,normal,,test/good/0773.JPG,,data/datasets/visa/pcb4/Data/Images/Normal/0773.JPG
visa,pcb4,test,normal,,test/good/0772.JPG,,data/datasets/visa/pcb4/Data/Images/Normal/0772.JPG
visa,pcb4,test,normal,,test/good/0014.JPG,,data/datasets/visa/pcb4/Data/Images/Normal/0014.JPG
visa,pcb4,test,normal,,test/good/0463.JPG,,data/datasets/visa/pcb4/Data/Images/Normal/0463.JPG
visa,pcb4,test,normal,,test/good/0017.JPG,,data/datasets/visa/pcb4/Data/Images/Normal/0017.JPG
visa,pcb4,test,normal,,test/good/0085.JPG,,data/datasets/visa/pcb4/Data/Images/Normal/0085.JPG
visa,pcb4,test,normal,,test/good/0072.JPG,,data/datasets/visa/pcb4/Data/Images/Normal/0072.JPG
visa,pcb4,test,normal,,test/good/0689.JPG,,data/datasets/visa/pcb4/Data/Images/Normal/0689.JPG
visa,pcb4,test,normal,,test/good/0033.JPG,,data/datasets/visa/pcb4/Data/Images/Normal/0033.JPG
visa,pcb4,test,normal,,test/good/0998.JPG,,data/datasets/visa/pcb4/Data/Images/Normal/0998.JPG
visa,pcb4,test,normal,,test/good/0564.JPG,,data/datasets/visa/pcb4/Data/Images/Normal/0564.JPG
visa,pcb4,test,normal,,test/good/0093.JPG,,data/datasets/visa/pcb4/Data/Images/Normal/0093.JPG
visa,pcb4,test,normal,,test/good/0185.JPG,,data/datasets/visa/pcb4/Data/Images/Normal/0185.JPG
visa,pcb4,test,normal,,test/good/0598.JPG,,data/datasets/visa/pcb4/Data/Images/Normal/0598.JPG
visa,pcb4,test,normal,,test/good/0563.JPG,,data/datasets/visa/pcb4/Data/Images/Normal/0563.JPG
visa,pcb4,test,normal,,test/good/0181.JPG,,data/datasets/visa/pcb4/Data/Images/Normal/0181.JPG
visa,pcb4,test,normal,,test/good/0650.JPG,,data/datasets/visa/pcb4/Data/Images/Normal/0650.JPG
visa,pcb4,test,normal,,test/good/0235.JPG,,data/datasets/visa/pcb4/Data/Images/Normal/0235.JPG
visa,pcb4,test,normal,,test/good/0028.JPG,,data/datasets/visa/pcb4/Data/Images/Normal/0028.JPG
visa,pcb4,test,normal,,test/good/0614.JPG,,data/datasets/visa/pcb4/Data/Images/Normal/0614.JPG
visa,pcb4,test,normal,,test/good/0469.JPG,,data/datasets/visa/pcb4/Data/Images/Normal/0469.JPG
visa,pcb4,test,normal,,test/good/0339.JPG,,data/datasets/visa/pcb4/Data/Images/Normal/0339.JPG
visa,pcb4,test,normal,,test/good/0627.JPG,,data/datasets/visa/pcb4/Data/Images/Normal/0627.JPG
visa,pcb4,test,normal,,test/good/0805.JPG,,data/datasets/visa/pcb4/Data/Images/Normal/0805.JPG
visa,pcb4,test,normal,,test/good/0638.JPG,,data/datasets/visa/pcb4/Data/Images/Normal/0638.JPG
visa,pcb4,test,normal,,test/good/0553.JPG,,data/datasets/visa/pcb4/Data/Images/Normal/0553.JPG
visa,pcb4,test,normal,,test/good/0551.JPG,,data/datasets/visa/pcb4/Data/Images/Normal/0551.JPG
visa,pcb4,test,normal,,test/good/0001.JPG,,data/datasets/visa/pcb4/Data/Images/Normal/0001.JPG
visa,pcb4,test,normal,,test/good/0354.JPG,,data/datasets/visa/pcb4/Data/Images/Normal/0354.JPG
visa,pcb4,test,normal,,test/good/0900.JPG,,data/datasets/visa/pcb4/Data/Images/Normal/0900.JPG
visa,pcb4,test,normal,,test/good/0365.JPG,,data/datasets/visa/pcb4/Data/Images/Normal/0365.JPG
visa,pcb4,test,normal,,test/good/0496.JPG,,data/datasets/visa/pcb4/Data/Images/Normal/0496.JPG
visa,pcb4,test,normal,,test/good/0423.JPG,,data/datasets/visa/pcb4/Data/Images/Normal/0423.JPG
visa,pcb4,test,normal,,test/good/0516.JPG,,data/datasets/visa/pcb4/Data/Images/Normal/0516.JPG
visa,pcb4,test,normal,,test/good/0882.JPG,,data/datasets/visa/pcb4/Data/Images/Normal/0882.JPG
visa,pcb4,test,normal,,test/good/0567.JPG,,data/datasets/visa/pcb4/Data/Images/Normal/0567.JPG
visa,pcb4,test,normal,,test/good/0583.JPG,,data/datasets/visa/pcb4/Data/Images/Normal/0583.JPG
visa,pcb4,test,normal,,test/good/0373.JPG,,data/datasets/visa/pcb4/Data/Images/Normal/0373.JPG
visa,pcb4,test,normal,,test/good/0492.JPG,,data/datasets/visa/pcb4/Data/Images/Normal/0492.JPG
visa,pcb4,test,normal,,test/good/0057.JPG,,data/datasets/visa/pcb4/Data/Images/Normal/0057.JPG
visa,pcb4,test,normal,,test/good/0436.JPG,,data/datasets/visa/pcb4/Data/Images/Normal/0436.JPG
visa,pcb4,test,normal,,test/good/0210.JPG,,data/datasets/visa/pcb4/Data/Images/Normal/0210.JPG
visa,pcb4,test,normal,,test/good/0574.JPG,,data/datasets/visa/pcb4/Data/Images/Normal/0574.JPG
visa,pcb4,test,normal,,test/good/0796.JPG,,data/datasets/visa/pcb4/Data/Images/Normal/0796.JPG
visa,pcb4,test,normal,,test/good/0531.JPG,,data/datasets/visa/pcb4/Data/Images/Normal/0531.JPG
visa,pcb4,test,normal,,test/good/0132.JPG,,data/datasets/visa/pcb4/Data/Images/Normal/0132.JPG
visa,pcb4,test,normal,,test/good/0828.JPG,,data/datasets/visa/pcb4/Data/Images/Normal/0828.JPG
visa,pcb4,test,normal,,test/good/0524.JPG,,data/datasets/visa/pcb4/Data/Images/Normal/0524.JPG
visa,pcb4,test,normal,,test/good/0758.JPG,,data/datasets/visa/pcb4/Data/Images/Normal/0758.JPG
visa,pcb4,test,normal,,test/good/0840.JPG,,data/datasets/visa/pcb4/Data/Images/Normal/0840.JPG
visa,pcb4,test,normal,,test/good/0802.JPG,,data/datasets/visa/pcb4/Data/Images/Normal/0802.JPG
visa,pcb4,test,normal,,test/good/0392.JPG,,data/datasets/visa/pcb4/Data/Images/Normal/0392.JPG
visa,pcb4,test,normal,,test/good/0005.JPG,,data/datasets/visa/pcb4/Data/Images/Normal/0005.JPG
visa,pcb4,test,normal,,test/good/0746.JPG,,data/datasets/visa/pcb4/Data/Images/Normal/0746.JPG
visa,pcb4,test,normal,,test/good/0623.JPG,,data/datasets/visa/pcb4/Data/Images/Normal/0623.JPG
visa,pcb4,test,normal,,test/good/0858.JPG,,data/datasets/visa/pcb4/Data/Images/Normal/0858.JPG
visa,pcb4,test,normal,,test/good/0675.JPG,,data/datasets/visa/pcb4/Data/Images/Normal/0675.JPG
visa,pcb4,test,normal,,test/good/0275.JPG,,data/datasets/visa/pcb4/Data/Images/Normal/0275.JPG
visa,pcb4,test,normal,,test/good/0941.JPG,,data/datasets/visa/pcb4/Data/Images/Normal/0941.JPG
visa,pcb4,test,normal,,test/good/0361.JPG,,data/datasets/visa/pcb4/Data/Images/Normal/0361.JPG
visa,pcb4,test,normal,,test/good/0591.JPG,,data/datasets/visa/pcb4/Data/Images/Normal/0591.JPG
visa,pcb4,test,normal,,test/good/0352.JPG,,data/datasets/visa/pcb4/Data/Images/Normal/0352.JPG
visa,pcb4,test,normal,,test/good/0526.JPG,,data/datasets/visa/pcb4/Data/Images/Normal/0526.JPG
visa,pcb4,test,normal,,test/good/0414.JPG,,data/datasets/visa/pcb4/Data/Images/Normal/0414.JPG
visa,pcb4,test,normal,,test/good/0237.JPG,,data/datasets/visa/pcb4/Data/Images/Normal/0237.JPG
visa,pcb4,test,normal,,test/good/0896.JPG,,data/datasets/visa/pcb4/Data/Images/Normal/0896.JPG
visa,pcb4,test,normal,,test/good/0552.JPG,,data/datasets/visa/pcb4/Data/Images/Normal/0552.JPG
visa,pcb4,test,normal,,test/good/0204.JPG,,data/datasets/visa/pcb4/Data/Images/Normal/0204.JPG
visa,pcb4,test,normal,,test/good/0789.JPG,,data/datasets/visa/pcb4/Data/Images/Normal/0789.JPG
visa,pcb4,test,normal,,test/good/0012.JPG,,data/datasets/visa/pcb4/Data/Images/Normal/0012.JPG
visa,pcb4,test,normal,,test/good/0232.JPG,,data/datasets/visa/pcb4/Data/Images/Normal/0232.JPG
visa,pcb4,test,normal,,test/good/0514.JPG,,data/datasets/visa/pcb4/Data/Images/Normal/0514.JPG
visa,pcb4,test,normal,,test/good/0172.JPG,,data/datasets/visa/pcb4/Data/Images/Normal/0172.JPG
visa,pcb4,test,normal,,test/good/0174.JPG,,data/datasets/visa/pcb4/Data/Images/Normal/0174.JPG
visa,pcb4,test,normal,,test/good/0662.JPG,,data/datasets/visa/pcb4/Data/Images/Normal/0662.JPG
visa,pcb4,test,normal,,test/good/0403.JPG,,data/datasets/visa/pcb4/Data/Images/Normal/0403.JPG
visa,pcb4,test,normal,,test/good/0592.JPG,,data/datasets/visa/pcb4/Data/Images/Normal/0592.JPG
visa,pcb4,test,normal,,test/good/0607.JPG,,data/datasets/visa/pcb4/Data/Images/Normal/0607.JPG
visa,pcb4,test,normal,,test/good/0629.JPG,,data/datasets/visa/pcb4/Data/Images/Normal/0629.JPG
visa,pcb4,test,normal,,test/good/0868.JPG,,data/datasets/visa/pcb4/Data/Images/Normal/0868.JPG
visa,pcb4,test,normal,,test/good/0720.JPG,,data/datasets/visa/pcb4/Data/Images/Normal/0720.JPG
visa,pcb4,test,normal,,test/good/0315.JPG,,data/datasets/visa/pcb4/Data/Images/Normal/0315.JPG
visa,pcb4,test,normal,,test/good/0044.JPG,,data/datasets/visa/pcb4/Data/Images/Normal/0044.JPG
visa,pcb4,test,normal,,test/good/0480.JPG,,data/datasets/visa/pcb4/Data/Images/Normal/0480.JPG
visa,pcb4,test,normal,,test/good/0030.JPG,,data/datasets/visa/pcb4/Data/Images/Normal/0030.JPG
visa,pcb4,test,normal,,test/good/0750.JPG,,data/datasets/visa/pcb4/Data/Images/Normal/0750.JPG
visa,pcb4,test,normal,,test/good/0501.JPG,,data/datasets/visa/pcb4/Data/Images/Normal/0501.JPG
visa,pcb4,test,normal,,test/good/0379.JPG,,data/datasets/visa/pcb4/Data/Images/Normal/0379.JPG
visa,pcb4,test,normal,,test/good/0909.JPG,,data/datasets/visa/pcb4/Data/Images/Normal/0909.JPG
visa,pcb4,test,normal,,test/good/0860.JPG,,data/datasets/visa/pcb4/Data/Images/Normal/0860.JPG
visa,pcb4,test,normal,,test/good/0533.JPG,,data/datasets/visa/pcb4/Data/Images/Normal/0533.JPG
visa,pcb4,test,normal,,test/good/0167.JPG,,data/datasets/visa/pcb4/Data/Images/Normal/0167.JPG
visa,pcb4,test,normal,,test/good/0797.JPG,,data/datasets/visa/pcb4/Data/Images/Normal/0797.JPG
visa,pcb4,test,normal,,test/good/0110.JPG,,data/datasets/visa/pcb4/Data/Images/Normal/0110.JPG
visa,pcb4,test,normal,,test/good/0520.JPG,,data/datasets/visa/pcb4/Data/Images/Normal/0520.JPG
visa,pcb4,test,normal,,test/good/0679.JPG,,data/datasets/visa/pcb4/Data/Images/Normal/0679.JPG
visa,pcb4,test,normal,,test/good/0449.JPG,,data/datasets/visa/pcb4/Data/Images/Normal/0449.JPG
visa,pcb4,test,normal,,test/good/0088.JPG,,data/datasets/visa/pcb4/Data/Images/Normal/0088.JPG
visa,pcb4,test,normal,,test/good/0383.JPG,,data/datasets/visa/pcb4/Data/Images/Normal/0383.JPG
visa,pcb4,test,normal,,test/good/0755.JPG,,data/datasets/visa/pcb4/Data/Images/Normal/0755.JPG
visa,pcb4,test,normal,,test/good/0690.JPG,,data/datasets/visa/pcb4/Data/Images/Normal/0690.JPG
visa,pcb4,test,normal,,test/good/0794.JPG,,data/datasets/visa/pcb4/Data/Images/Normal/0794.JPG
visa,pcb4,test,normal,,test/good/0719.JPG,,data/datasets/visa/pcb4/Data/Images/Normal/0719.JPG
visa,pcb4,test,normal,,test/good/0561.JPG,,data/datasets/visa/pcb4/Data/Images/Normal/0561.JPG
visa,pcb4,test,normal,,test/good/0375.JPG,,data/datasets/visa/pcb4/Data/Images/Normal/0375.JPG
visa,pcb4,test,normal,,test/good/0177.JPG,,data/datasets/visa/pcb4/Data/Images/Normal/0177.JPG
visa,pcb4,test,normal,,test/good/0680.JPG,,data/datasets/visa/pcb4/Data/Images/Normal/0680.JPG
visa,pcb4,test,normal,,test/good/0424.JPG,,data/datasets/visa/pcb4/Data/Images/Normal/0424.JPG
visa,pcb4,test,normal,,test/good/0413.JPG,,data/datasets/visa/pcb4/Data/Images/Normal/0413.JPG
visa,pcb4,test,normal,,test/good/0816.JPG,,data/datasets/visa/pcb4/Data/Images/Normal/0816.JPG
visa,pcb4,test,normal,,test/good/0761.JPG,,data/datasets/visa/pcb4/Data/Images/Normal/0761.JPG
visa,pcb4,test,normal,,test/good/0248.JPG,,data/datasets/visa/pcb4/Data/Images/Normal/0248.JPG
visa,pcb4,test,normal,,test/good/0491.JPG,,data/datasets/visa/pcb4/Data/Images/Normal/0491.JPG
visa,pcb4,test,normal,,test/good/0035.JPG,,data/datasets/visa/pcb4/Data/Images/Normal/0035.JPG
visa,pcb4,test,normal,,test/good/0873.JPG,,data/datasets/visa/pcb4/Data/Images/Normal/0873.JPG
visa,pcb4,test,normal,,test/good/0603.JPG,,data/datasets/visa/pcb4/Data/Images/Normal/0603.JPG
visa,pcb4,test,normal,,test/good/0402.JPG,,data/datasets/visa/pcb4/Data/Images/Normal/0402.JPG
visa,pcb4,test,normal,,test/good/0517.JPG,,data/datasets/visa/pcb4/Data/Images/Normal/0517.JPG
visa,pcb4,test,normal,,test/good/0866.JPG,,data/datasets/visa/pcb4/Data/Images/Normal/0866.JPG
visa,pcb4,test,normal,,test/good/0511.JPG,,data/datasets/visa/pcb4/Data/Images/Normal/0511.JPG
visa,pcb4,test,normal,,test/good/0903.JPG,,data/datasets/visa/pcb4/Data/Images/Normal/0903.JPG
visa,pcb4,test,normal,,test/good/0601.JPG,,data/datasets/visa/pcb4/Data/Images/Normal/0601.JPG
visa,pcb4,test,normal,,test/good/0290.JPG,,data/datasets/visa/pcb4/Data/Images/Normal/0290.JPG
visa,pcb4,test,normal,,test/good/0310.JPG,,data/datasets/visa/pcb4/Data/Images/Normal/0310.JPG
visa,pcb4,test,normal,,test/good/0194.JPG,,data/datasets/visa/pcb4/Data/Images/Normal/0194.JPG
visa,pcb4,test,normal,,test/good/0686.JPG,,data/datasets/visa/pcb4/Data/Images/Normal/0686.JPG
visa,pcb4,test,normal,,test/good/0849.JPG,,data/datasets/visa/pcb4/Data/Images/Normal/0849.JPG
visa,pcb4,test,normal,,test/good/0519.JPG,,data/datasets/visa/pcb4/Data/Images/Normal/0519.JPG
visa,pcb4,test,normal,,test/good/0956.JPG,,data/datasets/visa/pcb4/Data/Images/Normal/0956.JPG
visa,pcb4,test,normal,,test/good/0512.JPG,,data/datasets/visa/pcb4/Data/Images/Normal/0512.JPG
visa,pcb4,test,normal,,test/good/0728.JPG,,data/datasets/visa/pcb4/Data/Images/Normal/0728.JPG
visa,pcb4,test,normal,,test/good/0974.JPG,,data/datasets/visa/pcb4/Data/Images/Normal/0974.JPG
visa,pcb4,test,normal,,test/good/0917.JPG,,data/datasets/visa/pcb4/Data/Images/Normal/0917.JPG
visa,pcb4,test,normal,,test/good/0340.JPG,,data/datasets/visa/pcb4/Data/Images/Normal/0340.JPG
visa,pcb4,test,normal,,test/good/0760.JPG,,data/datasets/visa/pcb4/Data/Images/Normal/0760.JPG
visa,pcb4,test,normal,,test/good/0123.JPG,,data/datasets/visa/pcb4/Data/Images/Normal/0123.JPG
visa,pcb4,test,normal,,test/good/0303.JPG,,data/datasets/visa/pcb4/Data/Images/Normal/0303.JPG
visa,pcb4,test,normal,,test/good/0880.JPG,,data/datasets/visa/pcb4/Data/Images/Normal/0880.JPG
visa,pcb4,test,normal,,test/good/0741.JPG,,data/datasets/visa/pcb4/Data/Images/Normal/0741.JPG
visa,pcb4,test,normal,,test/good/0644.JPG,,data/datasets/visa/pcb4/Data/Images/Normal/0644.JPG
visa,pcb4,test,normal,,test/good/0190.JPG,,data/datasets/visa/pcb4/Data/Images/Normal/0190.JPG
visa,pcb4,test,normal,,test/good/0102.JPG,,data/datasets/visa/pcb4/Data/Images/Normal/0102.JPG
visa,pcb4,test,normal,,test/good/0657.JPG,,data/datasets/visa/pcb4/Data/Images/Normal/0657.JPG
visa,pcb4,test,normal,,test/good/0569.JPG,,data/datasets/visa/pcb4/Data/Images/Normal/0569.JPG
visa,pcb4,test,normal,,test/good/0857.JPG,,data/datasets/visa/pcb4/Data/Images/Normal/0857.JPG
visa,pcb4,test,normal,,test/good/0426.JPG,,data/datasets/visa/pcb4/Data/Images/Normal/0426.JPG
visa,pcb4,test,normal,,test/good/0965.JPG,,data/datasets/visa/pcb4/Data/Images/Normal/0965.JPG
visa,pcb4,test,normal,,test/good/0296.JPG,,data/datasets/visa/pcb4/Data/Images/Normal/0296.JPG
visa,pcb4,test,normal,,test/good/0470.JPG,,data/datasets/visa/pcb4/Data/Images/Normal/0470.JPG
visa,pcb4,test,normal,,test/good/0995.JPG,,data/datasets/visa/pcb4/Data/Images/Normal/0995.JPG
visa,pcb4,test,normal,,test/good/0224.JPG,,data/datasets/visa/pcb4/Data/Images/Normal/0224.JPG
visa,pcb4,test,normal,,test/good/0693.JPG,,data/datasets/visa/pcb4/Data/Images/Normal/0693.JPG
visa,pcb4,test,normal,,test/good/0236.JPG,,data/datasets/visa/pcb4/Data/Images/Normal/0236.JPG
visa,pcb4,test,normal,,test/good/0353.JPG,,data/datasets/visa/pcb4/Data/Images/Normal/0353.JPG
visa,pcb4,test,normal,,test/good/0238.JPG,,data/datasets/visa/pcb4/Data/Images/Normal/0238.JPG
visa,pcb4,test,normal,,test/good/0566.JPG,,data/datasets/visa/pcb4/Data/Images/Normal/0566.JPG
visa,pcb4,test,normal,,test/good/0996.JPG,,data/datasets/visa/pcb4/Data/Images/Normal/0996.JPG
visa,pcb4,test,normal,,test/good/0448.JPG,,data/datasets/visa/pcb4/Data/Images/Normal/0448.JPG
visa,pcb4,test,normal,,test/good/1000.JPG,,data/datasets/visa/pcb4/Data/Images/Normal/1000.JPG
visa,pcb4,test,normal,,test/good/0227.JPG,,data/datasets/visa/pcb4/Data/Images/Normal/0227.JPG
visa,pcb4,test,normal,,test/good/0540.JPG,,data/datasets/visa/pcb4/Data/Images/Normal/0540.JPG
visa,pcb4,test,normal,,test/good/0986.JPG,,data/datasets/visa/pcb4/Data/Images/Normal/0986.JPG
visa,pcb4,test,normal,,test/good/0743.JPG,,data/datasets/visa/pcb4/Data/Images/Normal/0743.JPG
visa,pcb4,test,normal,,test/good/0432.JPG,,data/datasets/visa/pcb4/Data/Images/Normal/0432.JPG
visa,pcb4,test,normal,,test/good/0221.JPG,,data/datasets/visa/pcb4/Data/Images/Normal/0221.JPG
visa,pcb4,test,normal,,test/good/0702.JPG,,data/datasets/visa/pcb4/Data/Images/Normal/0702.JPG
visa,pcb4,test,normal,,test/good/0390.JPG,,data/datasets/visa/pcb4/Data/Images/Normal/0390.JPG
visa,pcb4,test,normal,,test/good/0902.JPG,,data/datasets/visa/pcb4/Data/Images/Normal/0902.JPG
visa,pcb4,test,normal,,test/good/0009.JPG,,data/datasets/visa/pcb4/Data/Images/Normal/0009.JPG
visa,pcb4,test,normal,,test/good/0554.JPG,,data/datasets/visa/pcb4/Data/Images/Normal/0554.JPG
visa,pcb4,test,normal,,test/good/0665.JPG,,data/datasets/visa/pcb4/Data/Images/Normal/0665.JPG
visa,pcb4,test,normal,,test/good/0026.JPG,,data/datasets/visa/pcb4/Data/Images/Normal/0026.JPG
visa,pcb4,test,normal,,test/good/0022.JPG,,data/datasets/visa/pcb4/Data/Images/Normal/0022.JPG
visa,pcb4,test,normal,,test/good/0031.JPG,,data/datasets/visa/pcb4/Data/Images/Normal/0031.JPG
visa,pcb4,test,normal,,test/good/0325.JPG,,data/datasets/visa/pcb4/Data/Images/Normal/0325.JPG
visa,pcb4,test,normal,,test/good/0923.JPG,,data/datasets/visa/pcb4/Data/Images/Normal/0923.JPG
visa,pcb4,test,normal,,test/good/0104.JPG,,data/datasets/visa/pcb4/Data/Images/Normal/0104.JPG
visa,pcb4,test,normal,,test/good/0967.JPG,,data/datasets/visa/pcb4/Data/Images/Normal/0967.JPG
visa,pcb4,test,normal,,test/good/0605.JPG,,data/datasets/visa/pcb4/Data/Images/Normal/0605.JPG
visa,pcb4,test,normal,,test/good/0234.JPG,,data/datasets/visa/pcb4/Data/Images/Normal/0234.JPG
visa,pcb4,test,normal,,test/good/1001.JPG,,data/datasets/visa/pcb4/Data/Images/Normal/1001.JPG
visa,pcb4,test,normal,,test/good/0738.JPG,,data/datasets/visa/pcb4/Data/Images/Normal/0738.JPG
visa,pcb4,test,normal,,test/good/0272.JPG,,data/datasets/visa/pcb4/Data/Images/Normal/0272.JPG
visa,pcb4,test,normal,,test/good/0456.JPG,,data/datasets/visa/pcb4/Data/Images/Normal/0456.JPG
visa,pcb4,test,normal,,test/good/0712.JPG,,data/datasets/visa/pcb4/Data/Images/Normal/0712.JPG
visa,pcb4,test,normal,,test/good/0002.JPG,,data/datasets/visa/pcb4/Data/Images/Normal/0002.JPG
visa,pcb4,test,normal,,test/good/0785.JPG,,data/datasets/visa/pcb4/Data/Images/Normal/0785.JPG
visa,pcb4,test,normal,,test/good/0780.JPG,,data/datasets/visa/pcb4/Data/Images/Normal/0780.JPG
visa,pcb4,test,normal,,test/good/0622.JPG,,data/datasets/visa/pcb4/Data/Images/Normal/0622.JPG
visa,pcb4,test,normal,,test/good/0443.JPG,,data/datasets/visa/pcb4/Data/Images/Normal/0443.JPG
visa,pcb4,test,normal,,test/good/0399.JPG,,data/datasets/visa/pcb4/Data/Images/Normal/0399.JPG
visa,pcb4,test,normal,,test/good/0855.JPG,,data/datasets/visa/pcb4/Data/Images/Normal/0855.JPG
visa,pcb4,test,normal,,test/good/0914.JPG,,data/datasets/visa/pcb4/Data/Images/Normal/0914.JPG
visa,pcb4,test,normal,,test/good/0029.JPG,,data/datasets/visa/pcb4/Data/Images/Normal/0029.JPG
visa,pcb4,test,normal,,test/good/0499.JPG,,data/datasets/visa/pcb4/Data/Images/Normal/0499.JPG
visa,pcb4,test,normal,,test/good/0096.JPG,,data/datasets/visa/pcb4/Data/Images/Normal/0096.JPG
visa,pcb4,test,normal,,test/good/0214.JPG,,data/datasets/visa/pcb4/Data/Images/Normal/0214.JPG
visa,pcb4,test,normal,,test/good/0807.JPG,,data/datasets/visa/pcb4/Data/Images/Normal/0807.JPG
visa,pcb4,test,normal,,test/good/0388.JPG,,data/datasets/visa/pcb4/Data/Images/Normal/0388.JPG
visa,pcb4,test,normal,,test/good/0667.JPG,,data/datasets/visa/pcb4/Data/Images/Normal/0667.JPG
visa,pcb4,test,normal,,test/good/0483.JPG,,data/datasets/visa/pcb4/Data/Images/Normal/0483.JPG
visa,pcb4,test,normal,,test/good/0460.JPG,,data/datasets/visa/pcb4/Data/Images/Normal/0460.JPG
visa,pcb4,test,normal,,test/good/0779.JPG,,data/datasets/visa/pcb4/Data/Images/Normal/0779.JPG
visa,pcb4,test,normal,,test/good/0507.JPG,,data/datasets/visa/pcb4/Data/Images/Normal/0507.JPG
visa,pcb4,test,normal,,test/good/0120.JPG,,data/datasets/visa/pcb4/Data/Images/Normal/0120.JPG
visa,pcb4,test,normal,,test/good/0261.JPG,,data/datasets/visa/pcb4/Data/Images/Normal/0261.JPG
visa,pcb4,test,normal,,test/good/0064.JPG,,data/datasets/visa/pcb4/Data/Images/Normal/0064.JPG
visa,pcb4,test,normal,,test/good/0782.JPG,,data/datasets/visa/pcb4/Data/Images/Normal/0782.JPG
visa,pcb4,test,normal,,test/good/0821.JPG,,data/datasets/visa/pcb4/Data/Images/Normal/0821.JPG
visa,pcb4,test,normal,,test/good/0867.JPG,,data/datasets/visa/pcb4/Data/Images/Normal/0867.JPG
visa,pcb4,test,normal,,test/good/0582.JPG,,data/datasets/visa/pcb4/Data/Images/Normal/0582.JPG
visa,pcb4,test,normal,,test/good/0137.JPG,,data/datasets/visa/pcb4/Data/Images/Normal/0137.JPG
visa,pcb4,test,anomaly,,test/anomaly/022.JPG,test/masks/022.png,data/datasets/visa/pcb4/Data/Images/Anomaly/022.JPG
visa,pcb4,test,anomaly,,test/anomaly/014.JPG,test/masks/014.png,data/datasets/visa/pcb4/Data/Images/Anomaly/014.JPG
visa,pcb4,test,anomaly,,test/anomaly/035.JPG,test/masks/035.png,data/datasets/visa/pcb4/Data/Images/Anomaly/035.JPG
visa,pcb4,test,anomaly,,test/anomaly/093.JPG,test/masks/093.png,data/datasets/visa/pcb4/Data/Images/Anomaly/093.JPG
visa,pcb4,test,anomaly,,test/anomaly/056.JPG,test/masks/056.png,data/datasets/visa/pcb4/Data/Images/Anomaly/056.JPG
visa,pcb4,test,anomaly,,test/anomaly/028.JPG,test/masks/028.png,data/datasets/visa/pcb4/Data/Images/Anomaly/028.JPG
visa,pcb4,test,anomaly,,test/anomaly/098.JPG,test/masks/098.png,data/datasets/visa/pcb4/Data/Images/Anomaly/098.JPG
visa,pcb4,test,anomaly,,test/anomaly/054.JPG,test/masks/054.png,data/datasets/visa/pcb4/Data/Images/Anomaly/054.JPG
visa,pcb4,test,anomaly,,test/anomaly/027.JPG,test/masks/027.png,data/datasets/visa/pcb4/Data/Images/Anomaly/027.JPG
visa,pcb4,test,anomaly,,test/anomaly/089.JPG,test/masks/089.png,data/datasets/visa/pcb4/Data/Images/Anomaly/089.JPG
visa,pcb4,test,anomaly,,test/anomaly/001.JPG,test/masks/001.png,data/datasets/visa/pcb4/Data/Images/Anomaly/001.JPG
visa,pcb4,test,anomaly,,test/anomaly/069.JPG,test/masks/069.png,data/datasets/visa/pcb4/Data/Images/Anomaly/069.JPG
visa,pcb4,test,anomaly,,test/anomaly/074.JPG,test/masks/074.png,data/datasets/visa/pcb4/Data/Images/Anomaly/074.JPG
visa,pcb4,test,anomaly,,test/anomaly/002.JPG,test/masks/002.png,data/datasets/visa/pcb4/Data/Images/Anomaly/002.JPG
visa,pcb4,test,anomaly,,test/anomaly/085.JPG,test/masks/085.png,data/datasets/visa/pcb4/Data/Images/Anomaly/085.JPG
visa,pcb4,test,anomaly,,test/anomaly/040.JPG,test/masks/040.png,data/datasets/visa/pcb4/Data/Images/Anomaly/040.JPG
visa,pcb4,test,anomaly,,test/anomaly/013.JPG,test/masks/013.png,data/datasets/visa/pcb4/Data/Images/Anomaly/013.JPG
visa,pcb4,test,anomaly,,test/anomaly/075.JPG,test/masks/075.png,data/datasets/visa/pcb4/Data/Images/Anomaly/075.JPG
visa,pcb4,test,anomaly,,test/anomaly/029.JPG,test/masks/029.png,data/datasets/visa/pcb4/Data/Images/Anomaly/029.JPG
visa,pcb4,test,anomaly,,test/anomaly/034.JPG,test/masks/034.png,data/datasets/visa/pcb4/Data/Images/Anomaly/034.JPG
visa,pcb4,test,anomaly,,test/anomaly/092.JPG,test/masks/092.png,data/datasets/visa/pcb4/Data/Images/Anomaly/092.JPG
visa,pcb4,test,anomaly,,test/anomaly/000.JPG,test/masks/000.png,data/datasets/visa/pcb4/Data/Images/Anomaly/000.JPG
visa,pcb4,test,anomaly,,test/anomaly/077.JPG,test/masks/077.png,data/datasets/visa/pcb4/Data/Images/Anomaly/077.JPG
visa,pcb4,test,anomaly,,test/anomaly/055.JPG,test/masks/055.png,data/datasets/visa/pcb4/Data/Images/Anomaly/055.JPG
visa,pcb4,test,anomaly,,test/anomaly/049.JPG,test/masks/049.png,data/datasets/visa/pcb4/Data/Images/Anomaly/049.JPG
visa,pcb4,test,anomaly,,test/anomaly/003.JPG,test/masks/003.png,data/datasets/visa/pcb4/Data/Images/Anomaly/003.JPG
visa,pcb4,test,anomaly,,test/anomaly/062.JPG,test/masks/062.png,data/datasets/visa/pcb4/Data/Images/Anomaly/062.JPG
visa,pcb4,test,anomaly,,test/anomaly/012.JPG,test/masks/012.png,data/datasets/visa/pcb4/Data/Images/Anomaly/012.JPG
visa,pcb4,test,anomaly,,test/anomaly/026.JPG,test/masks/026.png,data/datasets/visa/pcb4/Data/Images/Anomaly/026.JPG
visa,pcb4,test,anomaly,,test/anomaly/048.JPG,test/masks/048.png,data/datasets/visa/pcb4/Data/Images/Anomaly/048.JPG
visa,pcb4,test,anomaly,,test/anomaly/083.JPG,test/masks/083.png,data/datasets/visa/pcb4/Data/Images/Anomaly/083.JPG
visa,pcb4,test,anomaly,,test/anomaly/060.JPG,test/masks/060.png,data/datasets/visa/pcb4/Data/Images/Anomaly/060.JPG
visa,pcb4,test,anomaly,,test/anomaly/057.JPG,test/masks/057.png,data/datasets/visa/pcb4/Data/Images/Anomaly/057.JPG
visa,pcb4,test,anomaly,,test/anomaly/063.JPG,test/masks/063.png,data/datasets/visa/pcb4/Data/Images/Anomaly/063.JPG
visa,pcb4,test,anomaly,,test/anomaly/015.JPG,test/masks/015.png,data/datasets/visa/pcb4/Data/Images/Anomaly/015.JPG
visa,pcb4,test,anomaly,,test/anomaly/032.JPG,test/masks/032.png,data/datasets/visa/pcb4/Data/Images/Anomaly/032.JPG
visa,pcb4,test,anomaly,,test/anomaly/008.JPG,test/masks/008.png,data/datasets/visa/pcb4/Data/Images/Anomaly/008.JPG
visa,pcb4,test,anomaly,,test/anomaly/097.JPG,test/masks/097.png,data/datasets/visa/pcb4/Data/Images/Anomaly/097.JPG
visa,pcb4,test,anomaly,,test/anomaly/072.JPG,test/masks/072.png,data/datasets/visa/pcb4/Data/Images/Anomaly/072.JPG
visa,pcb4,test,anomaly,,test/anomaly/017.JPG,test/masks/017.png,data/datasets/visa/pcb4/Data/Images/Anomaly/017.JPG
